word,phonetic,translation,pos,tag,bnc,frq
abandon,ә'bændәn,"vt. 放弃, 抛弃, 遗弃, 使屈从, 沉溺, 放纵\nn. 放任, 无拘束, 狂热",,gk cet4 cet6 ky toefl gre,2057,2182
ability,ә'biliti,"n. 能力, 才干\n[经] 能力, 才能",,zk gk cet4 ky toefl ielts,946,783
abnormal,æb'nɒ:mәl,"a. 反常的, 不规则的, 变态的, 畸形的\nn. 畸形的人",,gk cet4 cet6 ky toefl ielts,6548,8241
aboard,ә'bɒ:d,"adv. 在船上, 在火车上, 在飞机上\nprep. 在...之上",,gk cet4 ky toefl,7625,4984
absence,'æbsәns,"n. 缺席, 缺乏, 没有\n[医] 失神",,gk cet4 cet6 ky toefl,1585,2524
absent,'æbsәnt,"a. 缺席的, 不在的, 缺乏的, 漫不经心的\nvt. 使缺席",,zk gk cet4 cet6 ky toefl,4300,5516
absolute,'æbsәlu:t,"a. 绝对的, 专制的, 完全的, 独立的\nn. 绝对事物",,gk cet4 cet6 ky toefl gre,2420,3165
absolutely,'æbsәlu:tli,"adv. 完全地, 绝对地, 确确实实地",,cet4 toefl,1619,1149
absorb,әb'sɒ:b,"vt. 吸收, 使全神贯注, 同化, 买进, 理解, 承受, 忍受, 承担\n[医] 吸收",,gk cet4 cet6 ky toefl ielts gre,2879,3120
abstract,'æbstrækt,"a. 抽象的, 深奥的\nn. 摘要, 抽象概念\nvt. 摘要, 提炼, 使抽象化\n[计] 摘录; 摘要; 抽象",,gk cet4 cet6 ky toefl ielts gre,3729,4007
abundant,ә'bʌndәnt,"a. 丰富的, 充分的, 大量的",,gk cet4 ky toefl gre,7823,6223
abuse,ә'bju:s.ә'bju:z,"n. 滥用, 虐待, 恶习, 辱骂\nvt. 滥用, 辱骂, 虐待",,gk cet4 cet6 ky toefl ielts gre,2352,1540
academic,.ækә'demik,"a. 学院的, 学术的, 不切实际的\nn. 大学生, 大学教师, 学者, 学会会员",,gk cet4 cet6 ky toefl ielts gre,1941,1465
academy,ә'kædәmi,"n. 学院, 院校, 学会",,gk cet4 cet6 ky toefl,4366,4895
accelerate,әk'selәreit,"v. 加速, 促进",,gk cet4 cet6 ky toefl ielts gre,5328,4925
acceleration,әk.selә'reiʃәn,"n. 加速, 促进, 加速度\n[化] 加速度",,cet4 toefl,7072,8018
accent,'æksәnt,"n. 重音, 口音, 特点, 注重点\nvt. 重读, 加重音号于, 强调",,zk gk cet4 ky,3701,4140
accept,әk'sept,"vt. 接受, 承认, 同意, 相信, 赞成, 承担, 承兑, 采纳, 接纳, 容忍\nvi. 同意",,zk gk cet4 ky,488,766
acceptable,әk'septәbl,"a. 可接受的, 合意的, 可忍受的",,cet4,2388,3415
acceptance,әk'septәns,"n. 接受, 接纳, 承认, 同意, 赞同, 容忍, 相信\n[经] 承兑, 认付, (工程)验收",,cet4 cet6 ky,2899,3443
access,'ækses,"n. 通路, 入口, 接近, 进入, 使用权, 发作\nvt. 访问, 存取, 接近, 使用\n[计] 访问, 存取",,gk cet4 cet6 ky toefl ielts gre,999,1113
accessory,әk'sesәri,"n. 附件, 零件, 附加物, 从犯, 同谋\na. 附属的, 补充的, 同谋的, 帮凶的, 非主要的, 副的\n[计] 附件",,cet4 cet6 ky toefl ielts gre,7048,6429
accident,'æksidәnt,"n. 意外事件, 机遇, 事故, 次要方面\n[化] 意外事故; 事故",,zk gk cet4 ky toefl,1187,1707
accidental,.æksi'dentl,"a. 意外的, 偶然的, 非主要的, 附属的\nn. 临时记号, 次要方面",,cet4 cet6 ky toefl,6917,7485
accommodate,ә'kɒmәdeit,"vt. 使适应, 调和, 通融, 容纳, 向...提供\nvi. 适应",,cet4 cet6 ky toefl ielts gre,3404,3717
accommodation,ә.kɒmә'deiʃәn,"n. 膳宿, 预订铺位, 适应性调节, 调和, 贷款\n[医] 调节(眼); 适应",,gk cet4 cet6 ky ielts,2048,5369
accompany,ә'kʌmpәni,"vt. 陪伴, 伴随, 补充, 为...伴奏\nvi. 伴奏, 伴唱",,gk cet4 cet6 ky toefl ielts gre,1902,2438
accomplish,ә'kʌmpliʃ,"vt. 完成, 达到, 实现, 使完美",,gk cet4 ky toefl ielts gre,5546,2345
accord,ә'kɒ:d,"n. 一致, 调和, 协定\nvt. 给与, 使一致\nvi. 相符合",,cet4 cet6 ky toefl ielts gre,5594,6075
accordance,ә'kɒ:dәns,"n. 一致, 和谐",,cet4 cet6 ky,32964,8086
accordingly,ә'kɒ:diŋli,"adv. 相应地, 因此, 于是",,cet4 cet6 ky,3199,5589
account,ә'kaunt,"n. 报告, 解释, 估价, 理由, 利润, 算账, 帐目\nvi. 报帐, 解释, 导致, 报偿, 占, 杀死\nvt. 认为\n[计] 帐户, 帐号",,gk cet4 ky toefl ielts,498,1071
accumulate,ә'kju:mjuleit,"v. 积聚, 堆积",,gk cet4 cet6 ky toefl ielts gre,4997,5083
accuracy,'ækjurәsi,"n. 精确, 正确\n[计] 准确度",,gk cet4 cet6 ky toefl ielts gre,3958,4076
accurate,'ækjurәt,"a. 正确的, 精确的\n[经] 准确的, 精确的",,cet4 cet6 ky toefl ielts gre,2738,2728
accuse,ә'kju:z,"vt. 指责, 控告, 归咎于\nvi. 指责, 控告",,gk cet4 cet6 ky toefl ielts gre,1893,2024
accustom,ә'kʌstәm,vt. 使习惯于,,cet4 cet6 ky toefl,14055,7584
accustomed,ә'kʌstәmd,"a. 惯常的, 习惯了的",,gk cet4 cet6 ky toefl,6431,8524
ache,eik,"n. 疼痛\nvi. 痛, 哀怜, 渴望",,zk gk cet4 ky,8267,7717
achieve,ә'tʃi:v,"vt. 完成, 达到\nvi. 如愿以偿",,zk gk cet4 cet6 ky toefl ielts,592,1152
achievement,ә'tʃi:vmәnt,"n. 完成, 成就, 功业",,gk cet4 cet6 toefl ielts,1978,2021
acid,'æsid,"n. 酸, 酸类物质, 尖刻, 迷幻药\na. 酸的, 酸性的, 尖刻的, 敏锐的\n[计] 自动文档互参与索引生成程序",,gk cet4 cet6 ky toefl ielts,1597,3238
acknowledge,әk'nɒlidʒ,"vt. 承认, 告知收悉, 答谢, 报偿\n[经] 承认, 答谢, 收到的通知",,gk cet4 cet6 ky toefl ielts gre,2105,1654
acquaintance,ә'kweintәns,"n. 认识, 相识者",,gk cet4 cet6 ky toefl gre,5967,6274
acquire,ә'kwaiә,"vt. 获得, 学到\n[电] 目标锁定",,gk cet4 cet6 ky toefl ielts,1407,2063
acquisition,.ækwi'ziʃәn,"n. 获得, 获得物\n[经] 收购, 招揽, 取得",,gk cet4 cet6 ky toefl ielts,2567,3856
acre,'eikә,n. 英亩,,gk cet4 ky toefl,3286,0
act,ækt,"n. 行动, 行为, 幕, 法案\nvi. 行动, 表演, 假装, 见效, 表现, 担当\nvt. 扮演, 装作\n[计] 先进通信技术, 先进计算机工艺, 自动代码翻译技术",,zk gk cet4 ky,371,837
action,'ækʃәn,"n. 行动, 活动, 动作, 作用, 战斗, 行为, 诉讼\nvt. 对...起诉\n[计] 方式",,zk gk cet4 cet6 ky toefl ielts,340,502
active,'æktiv,"a. 活跃的, 起作用的, 积极的, 有效的, 主动的, 活性的, 现行的, 现役的\nn. 主动语态, 积极分子",,zk gk cet4 ky toefl,1316,1444
activity,æk'tiviti,"n. 活动, 行动, 活跃, 活力\n[计] 活动",,zk gk cet4 ky ielts,412,537
actor,'æktә,"n. 男演员, 行动者\n[医] 作用物, 反应物",,gk cet4 ky ielts,2390,1497
actress,'æktris,n. 女演员,,gk cet4 ky,4829,3236
actual,'æktʃuәl,"a. 真实的, 实际的, 现行的\n[医] 实际死亡率",,gk cet4 ky toefl,1396,1739
actually,'æktʃuәli,"adv. 事实上, 竟然, 如今, 现在",,cet4 cet6 toefl,354,396
acute,ә'kju:t,"a. 尖锐的, 敏锐的, 激烈的, 严重的, 急性的\n[医] 急性的; 尖锐的",,gk cet4 cet6 ky toefl ielts gre,3249,5255
ad,æd,"n. 广告\n[计] 地址, 模拟-数字",,cet4,4324,1748
adapt,ә'dæpt,"vt. 使适应, 改编\nvi. 适应",,gk cet4 cet6 ky toefl ielts gre,2816,2933
add,æd,"vt. 增加, 添加, 附带说明, 计算...总和\nvi. 做加法, 积累而成, 增添\n[计] 加法",,zk gk cet4 ky,330,340
addition,ә'diʃәn,"n. 加法, 增加的人(或物)\n[计] 加法",,gk cet4 cet6 ky ielts gre,2841,2048
additional,ә'diʃәnәl,"a. 附加的, 另外的, 额外的\n[机] 加添的, 附加的",,cet4 cet6 ky toefl ielts,1310,1319
address,ә'dres,"n. 住址, 演说, 举止, 灵巧, 求爱\nvt. 发表(演说或讲话), 对付, 写地址\n[计] 地址, 寻址",,zk gk cet4 cet6 ky toefl ielts gre,1522,1028
adequate,'ædikwәt,"a. 适当的, 足够的\n[法] 胜任的, 适当的, 充分的",,gk cet4 cet6 ky toefl ielts gre,2398,3297
adhere,әd'hiә,"vi. 依附, 粘着, 坚持, 追随, 拥护\nvt. 使粘附",,cet4 cet6 ky toefl ielts gre,6380,6516
adjective,'ædʒiktiv,"n. 形容词\na. 形容词的, 从属的",,cet4 ky,5838,10317
adjust,ә'dʒʌst,"vt. 调整, 使适应于, 校准\nvi. 适应于, 被调节, 相互熟悉而适应",,gk cet4 cet6 ky toefl ielts gre,2811,2300
administration,әd.mini'streiʃәn,"n. 行政, 管理, 政府机关\n[化] 给药",,gk cet4 cet6 ky toefl ielts,1383,635
admire,әd'maiә,"vt. 赞美, 钦佩, 爱慕\nvi. 称赞, 惊奇",,gk cet4 ky toefl gre,3283,3277
admission,әd'miʃәn,"n. 准许进入, 入场费, 录用, 承认\n[经] 加入, 入股",,gk cet4 cet6 ky toefl ielts gre,2768,3031
admit,әd'mit,"vt. 承认, 接受, 允许进入, 容许\nvi. 开向, 容许, 承认",,gk cet4 ky toefl,887,1089
adopt,ә'dɒpt,"vt. 采用, 正式通过, 收养, 接受\n[医] 采取",,gk cet4 cet6 ky toefl ielts gre,1157,1632
adult,'ædʌlt,"n. 成人, 成虫\na. 成年的, 成熟的",,gk cet4 ky ielts,1236,969
advance,әd'vɑ:ns,"n. 前进, 进展, 行过的路程\nvi. 前进, 进展, 提高, 上涨\nvt. 使前进, 促进, 提出, 提高, 使提前, 预付\na. 前面的, 预先的",,gk cet4 cet6 ky toefl,1880,2296
advanced,әd'vɑ:nst,"a. 在前的, 高级的, 先进的, 年老的\n[法] 预付的, 预支的, 垫付的",,cet4 ky toefl ielts,2557,2797
advantage,әd'vɑ:ntidʒ,"n. 优点, 便利, 好处, 优势\nvt. 有助于",,zk gk cet4 ky,969,1301
adventure,әd'ventʃә,"n. 冒险, 冒险经历\nv. 冒险",,gk cet4 ky toefl,3561,2862
adverb,'ædvә:b,n. 副词,,cet4 ky,17521,26238
advertise,'ædvәtaiz,"vt. 做广告, 通知, 公布\nvi. 做广告",,gk cet4 cet6 ky ielts gre,4085,5124
advertisement,.ædvә'taizmәnt,"n. 广告, 启事, 广告宣传\n[法] 广告, 公告, 告示",,zk gk cet4 ielts,3277,5957
advice,әd'vais,"n. 忠告, 劝告, 意见, 报道, 通知\n[经] 通知书, 通知, 建议",,zk gk cet4 cet6 ky toefl ielts,962,1641
advisable,әd'vaizәbl,"a. 适当的, 明智的",,cet4 cet6 ky toefl gre,8630,18573
advise,әd'vaiz,"vt. 劝告, 给...出主意, 通知, 建议\nvi. 提意见, 商量",,zk gk cet4 cet6 ky toefl,1728,2552
advocate,'ædvәkeit,"n. 提倡者, 拥护者\nvt. 主张, 提倡",,gk cet4 cet6 ky toefl ielts gre,4031,2623
aeroplane,'єәrәplein,n. 飞机\n[机] 飞机,,gk cet4 cet6 ky,6392,30278
affair,ә'fєә,"n. 事件, 事务, 恋爱事件",,gk cet4 cet6 ky toefl,941,1364
affect,ә'fekt,"vt. 影响, 感动, 假装, 模仿, 爱好, 倾向于\nn. 自觉感情",,gk cet4 cet6 ky toefl ielts,754,963
affection,ә'fekʃәn,"n. 影响, 病, 喜爱, 情感, 倾向\n[医] 疾患, 病变, 病; 感情",,gk cet4 cet6 ky toefl ielts gre,4103,5137
affluent,'æfluәnt,"a. 丰富的, 富裕的\nn. 支流, 富人",,cet4 ky toefl gre,9888,7167
afford,ә'fɒ:d,"vt. 买得起, 足以, 给予",,zk gk cet4 cet6 ky toefl ielts,1722,1846
Africa,'æfrikә,n. 非洲,,gk cet4 ielts,1250,0
African,'æfrikәn,"n. 非洲人\na. 非洲的, 非洲人的",,gk cet4 ielts,2102,1203
afterward,'ɑ:ftәwәd,"adv. 然后, 后来",,gk cet4 cet6 ky,33038,4195
against,ә'geinst,"prep. 反对, 对着, 倚靠",,zk gk cet4 ky,155,180
agency,'eidʒәnsi,"n. 代理机构, 经销商, 中介\n[化] 办事处",,gk cet4 ky ielts,1036,694
agent,'eidʒәnt,"n. 代理商, 政府代表, 动原, 媒介\n[计] 代理程序",,gk cet4 ky toefl,1214,1020
aggressive,ә'gresiv,"a. 侵略的, 挑畔的, 进取的\n[法] 侵略的, 爱挑衅的, 行为过火的",,gk cet4 cet6 ky toefl ielts gre,3648,2514
agony,'ægәni,"n. 极大的痛苦, 挣扎\n[医] 濒死苦闷; 剧痛",,cet4 cet6 ky ielts gre,5575,7577
agriculture,'ægrikʌltʃә,"n. 农业\n[机] 农业, 农学",,gk cet4 cet6 ky toefl ielts,2274,4165
aid,eid,"n. 帮助, 外援, 助手\nvt. 援助, 帮助, 有助于\nvi. 帮助\n[计] 自动内部诊断",,gk cet4 cet6 ky,1096,1640
aim,eim,"n. 目标, 瞄准, 击中目标的能力\nvi. 对准目标, 致力, 打算\nvt. 瞄准\n[计] 医学文摘索引, 存取隔离机构, 高级信息管理程序, 先进接口模块\n应用接口模块, 医学人工智能, 相联索引法, 异步接口模块\n自动化信息管理, 自动化综合制造, 自动化库存管理",,gk cet4 cet6 ky toefl ielts,1261,1931
aircraft,'єәkræft,"n. 航空器, 飞机\n[机] 航空器",,gk cet4 ky toefl,1538,2803
airline,'єәlain,"n. 航线, 航线的设备, 航空公司",,zk gk cet4 ky,3554,2128
airplane,'єәplein,n. 飞机\n[机] 飞机,,zk gk cet4,21702,3519
alarm,ә'lɑ:m,"n. 惊恐, 警报, 警钟\nvt. 使惊恐, 警告\n[计] 报警信号",,gk cet4 ky toefl ielts,3004,3693
alcohol,'ælkәhɒl,"n. 酒精, 酒\n[化] 醇; 乙醇; 酒精",,gk cet4 ky,2654,2191
alert,ә'lә:t,"a. 警觉的, 灵敏的, 留心的\nn. 警报\nvt. 使警觉, 通知, 使意识到",,cet4 cet6 ky toefl gre,4966,5318
algebra,'ældʒibrә,n. 代数学,,gk cet4 cet6 toefl,16477,12790
alike,ә'laik,"a. 相似的, 同样的\nadv. 一样, 以同样的方式",,gk cet4 cet6 ky toefl,4989,4389
alive,ә'laiv,"a. 活着的, 活泼的, 敏感的, 热闹的",,zk gk cet4 cet6 ky,2080,1532
allow,ә'lau,"vt. 允许, 同意给予, 承认\nvi. 容许, 猜想\n[计] 允许命令",,zk gk cet4 ky,257,339
alloy,'ælɒi. ә'lɒi,"n. 合金\nvt. 将...铸成合金, 减低成色\nvi. 合铸",,cet4 cet6 ky toefl ielts,10493,11808
alone,ә'lәun,"a. 孤独的, 单独的, 独自的\nadv. 独自地",,zk gk cet4 ky toefl ielts,1297,1097
aloud,ә'laud,"adv. 出声地, 大声地",,zk gk cet4 ky,5849,5694
alphabet,'ælfәbit,n. 字母\n[计] 字母表,,gk cet4 cet6 ky,11157,9190
alter,'ɒ:ltә,v. 改变,,cet4 cet6 ky toefl ielts gre,2121,2889
alternative,ɒ:l'tә:nәtiv,"n. 两者择一, 供替代的选择\na. 两者择一的, 供选择的\n[计] 选择对象",,gk cet4 cet6 ky toefl ielts,1752,2073
although,ɒ:l'ðou,"conj. 虽然, 尽管",,zk gk cet4 ky,197,378
altitude,'æltitju:d,"n. 高度, 海拔, 高处\n[电] 高度",,gk cet4 cet6 ky toefl ielts,8085,6370
altogether,.ɒ:ltә'geðә,"adv. 完全地, 总而言之",,gk cet4 ky,2575,3801
aluminium,.ælju'miniәm,n. 铝\na. 铝的,,gk cet4 cet6 toefl gre,5580,32731
aluminum,ә'lu:minәm,n. 铝\n[化] 铝Al,,cet4 ky toefl,0,4241
amaze,ә'meiz,vt. 使吃惊,,gk cet4 cet6 ky toefl ielts,11151,8607
ambition,æm'biʃәn,"n. 野心, 志向",,gk cet4 cet6 ky toefl ielts,3185,4283
ambulance,'æmbjulәns,n. 救护车\n[医] 救护车,,gk cet4 ky ielts,3860,5500
amongst,ә'mʌŋst,"prep. 在...当中, 在...之间, 在...之中",,cet4,1997,7821
amount,ә'maunt,"n. 总数, 总额\nvi. 总计, 等同",,gk cet4 ky toefl ielts,584,782
ampere,'æmpєә,n. 安培\n[化] 安培,,cet4 cet6,0,37826
amplify,'æmplifai,"vt. 增强, 放大, 扩大, 详述\nvi. 引伸",,cet4 cet6 ky toefl ielts gre,9902,9595
amuse,ә'mju:z,"vt. 消遣, 娱乐, 使发笑",,gk cet4 cet6 ky ielts gre,8734,9683
analyse,'ænәlaiz,"vt. 分析, 细察, 分解\n[经] 分析",,cet4 cet6 ky,2142,12788
analysis,ә'nælәsis,n. 分析\n[计] 分析机; 分析员; 分析; 分析程序,,gk cet4 cet6 ky toefl ielts,707,811
analyze,'ænәlaiz,"vt. 分析, 细察, 分解\n[机] 分析",,gk cet4 toefl gre,13046,2316
ancestor,'ænsestә,"n. 祖先, 祖宗",,gk cet4 cet6 ky toefl ielts gre,4793,4137
anchor,'æŋkә,"n. 锚\nvt. 抛锚停泊, 使固定\n[计] 锚",,cet4 cet6 ky ielts gre,7686,4961
ancient,'einʃәnt,"a. 古代的, 古老的, 年老的, 旧的",,zk gk cet4 cet6 ky ielts,1841,1817
angel,'eindʒәl,"n. 天使, 守护神, 善人",,cet4 ky,3295,3980
anger,'æŋgә,"n. 忿怒\nvt. 激怒, 使发怒\nvi. 发怒",,gk cet4 ky ielts,2489,2362
angle,'æŋgl,"n. 角, 角度, 角落\nvi. 钓鱼, 谋取, 博取, 斜向移动, 转变角度\nvt. 使转动角度, 在...钓鱼, 获取",,gk cet4 ky toefl,2346,2989
ankle,'æŋkl,"n. 踝\n[医] 踝, 踝关节",,gk cet4 cet6 ky ielts,4387,3814
announce,ә'nauns,"vt. 宣布, 声称, 显示, 预告\nvi. 当报幕员, 宣布参加竞选",,gk cet4 cet6 ky toefl gre,795,1163
announcer,ә'naunsә,"n. 节目报告员, 宣告者",,cet4 toefl,20423,7512
annual,'ænjuәl,"n. 年刊, 年报\na. 每年的, 一年一次的, 全年的, 一年生的",,gk cet4 ky toefl ielts,1215,1361
ant,ænt,n. 蚂蚁,,zk gk cet4 ky,5833,5811
anticipate,æn'tisipeit,"vt. 预期, 占先, 加速, 提前使用\n[医] 提前出现, 先期发生",,cet4 cet6 ky toefl ielts gre,3106,3187
anxiety,æŋ'zaiәti,"n. 焦虑, 忧虑, 令人焦虑的事\n[医] 焦虑",,gk cet4 cet6 ky toefl ielts,2612,2467
anxious,'æŋʃәs,"a. 忧虑的, 发愁的, 渴望的",,gk cet4 cet6 ky toefl,2630,3827
anyhow,'enihau,"adv. 无论如何, 至少",,gk cet4 ky ielts,9090,9909
anyone,'eniwʌn,pron. 任何人,,zk gk cet4 ky,662,659
anyway,'eniwei,"adv. 无论如何, 至少",,zk cet4 ky,834,1393
anywhere,'enihwєә,adv. 无论何处,,zk gk cet4 ky,2157,1879
apart,ә'pɑ:t,"adv. 成零碎, 成距离, 分别地, 分离着\na. 分离的",,gk cet4 ky,2419,1971
apartment,ә'pɑ:tmәnt,"n. 房间, 公寓",,gk cet4 ky ielts,3711,1273
apologize,ә'pɒlәdʒaiz,"vi. 道歉, 辩解",,gk cet4 toefl gre,9168,3739
apology,ә'pɒlәdʒi,"n. 道歉, 辩护\n[法] 道歉, 谢罪, 辩解者",,gk cet4 ky toefl,4950,4944
apparatus,.æpә'reitәs,"n. 装置, 器具, 器官\n[化] 仪器; 器械",,cet4 cet6 ky ielts gre,5318,6978
apparent,ә'pærәnt,"a. 清晰可见的, 显然的, 表面上的\n[电] 外在的",,gk cet4 cet6 ky ielts,1770,2502
appeal,ә'pi:l,"n. 恳求, 诉请, 上诉, 吸引力\nvi. 呼吁, 诉请, 要求, 上诉, 有吸引力\nvt. 将...上诉",,gk cet4 cet6 ky toefl ielts gre,942,1852
appear,ә'piә,"vi. 出现, 显得, 来到\n[法] 出庭, 到案, 出现",,zk gk cet4 ky toefl,290,395
appearance,ә'piәrәns,"n. 出现, 露面, 外观, 外表, 出版\n[计] 外观, 版面",,gk cet4 ky ielts,1435,1684
appetite,'æpitait,"n. 食欲, 欲望, 爱好\n[医] 食欲",,gk cet4 cet6 ky toefl ielts gre,5325,5205
applause,ә'plɒ:z,"n. 鼓掌, 喝彩, 赞许",,cet4 cet6 ky gre,7743,5599
appliance,ә'plaiәns,"n. 器械, 用具, 应用\n[医] 矫正器; 器",,cet4 cet6 ky toefl ielts,7150,6043
applicable,'æplikәbl,"a. 合适的, 可应用的\n[法] 适用的, 适应的",,cet4 cet6 ky gre,4629,7582
applicant,'æplikәnt,"n. 申请者\n[经] 申请人, 请求人, 谋事人",,gk cet4 toefl ielts gre,3159,5512
application,.æpli'keiʃәn,"n. 应用, 申请, 志愿书, 应用程序\n[计] 应用, 应用程序",,gk cet4 cet6 ky toefl ielts gre,608,1519
apply,ә'plai,"vt. 涂, 应用\nvi. 申请, 适用",,gk cet4 cet6 ky toefl ielts,522,938
appoint,ә'pɒint,"vt. 任命, 指定, 下令\n[法] 派, 派任, 任命",,gk cet4 cet6 ky toefl gre,1272,3172
appointment,ә'pɒintmәnt,"n. 约会, 委任的职位, 委派\n[经] 任命, 派, 指定",,gk cet4 cet6 ky toefl ielts,1558,3021
appreciate,ә'pri:ʃieit,"vt. 赏识, 鉴别, 为...而感激, 领会, 欣赏\nvi. 增值, 涨价",,gk cet4 cet6 ky toefl ielts gre,1989,1738
approach,ә'prәutʃ,"n. 接近, 入门\nvt. 接近, 近似, 找...商量\nvi. 靠近",,gk cet4 cet6 ky toefl ielts gre,583,750
appropriate,ә'prәupriәt,"a. 适当的\n[经] 适当的, 拨出, 占用",,gk cet4 cet6 ky toefl ielts gre,883,1493
approval,ә'pru:vl,"n. 赞成, 批准\n[化] 核准",,cet4 cet6 ky toefl ielts,2223,2549
approve,ә'pru:v,"vt. 赞同, 核准, 为...提供证据\nvi. 赞许",,gk cet4 cet6 ky toefl,1762,2053
approximate,ә'prɒksimәt,"a. 大约的, 接近的, 近似的\nvt. 接近, 使接近, 粗略估计\nvi. 接近于",,cet4 cet6 ky toefl ielts gre,9895,11835
approximately,ә'prɒksimәtli,"adv. 大约, 大致, 近于\n[经] 大约, 近似",,gk cet4 cet6 toefl,2850,2365
Arabian,ә'reibiәn,"a. 阿拉伯的, 阿拉伯人的",,cet4 cet6,14808,11172
arbitrary,'ɑ:bitrәri,"a. 任意的, 武断的, 专治的, 霸道的",,gk cet4 cet6 ky toefl ielts gre,5353,7545
architect,'ɑ:kitekt,"n. 建筑师, 设计者, 缔造者",,gk cet4 cet6 ky toefl ielts gre,2891,3365
architecture,'ɑ:kitektʃә,"n. 建筑学, 建筑式样\n[计] 体系结构",,gk cet4 cet6 ky toefl ielts,2712,3509
area,'єәriә,"n. 区域, 面积, 范围, 空地\n[计] 区域",,zk gk cet4 ky ielts,149,230
argue,'ɑ:gju,"vi. 提出理由, 争论, 辩论\nvt. 主张, 辩论, 证明, 说服",,gk cet4 cet6 ky ielts,674,778
argument,'ɑ:gjumәnt,"n. 争论, 论证, 论据, 自变量\n[计] 参数",,gk cet4 ky ielts,832,1185
arise,ә'raiz,"vi. 站立, 出现, 起来",,gk cet4 cet6 ky toefl ielts,1043,2581
arithmetic,ә'riθmәtik,"n. 算术, 算术知识\n[机] 算术; 算术的",,gk cet4 cet6 ky toefl,8791,11378
army,'ɑ:mi,"n. 军队, 陆军",,zk gk cet4 ky ielts,818,1539
arouse,ә'rauz,"vt. 唤醒, 鼓励, 引起\nvi. 醒来",,cet4 cet6 ky toefl ielts gre,4546,7151
arrange,ә'reindʒ,"v. 安排, 排列, 达成协议\n[计] 重排",,gk cet4 ky toefl,1324,2216
arrangement,ә'reindʒmәnt,"n. 排列, 整齐, 安排\n[计] 排列",,gk cet4 toefl,1092,2357
arrest,ә'rest,"n. 逮捕, 监禁\nvt. 拘捕, 抑制, 吸引, 阻止",,gk cet4 cet6 ky toefl gre,2134,2140
arrival,ә'raivl,"n. 到达, 抵达, 到达者\n[经] 到达, 到达物",,gk cet4 ky ielts,2281,3194
arrow,'ærәu,"n. 箭, 箭状物, 箭头记号",,gk cet4 ky,4127,4832
art,ɑ:t,"n. 艺术, 人文科学, 技术, 巧妙, 诡计, 美术\n[计] 实际保持时间, 特许权和资源表, 平均检索时间, 平均运行时间",,zk gk cet4 ky ielts,477,346
article,'ɑ:tikl,"n. 文章, 冠词, 物品, 物件, 条款, 契约\n[计] 信件",,zk gk cet4 ky toefl ielts,1027,731
artificial,.ɑ:ti'fiʃәl,"a. 人造的, 假的, 非原地产的\n[医] 人工的, 人造的, 伟牟",,gk cet4 cet6 ky toefl ielts gre,3499,4003
artist,'ɑ:tist,"n. 艺术家, 画家",,gk cet4 ky,1218,736
artistic,ɑ:'tistik,"a. 艺术的, 艺术家的, 富有艺术性的",,cet4 cet6 ky ielts,4141,3249
ascribe,ә'skraib,"vt. 归因于, 归咎于\n[法] 归咎于",,cet4 cet6 toefl ielts gre,7963,10907
ash,æʃ,"n. 灰, 灰烬\n[化] 灰分",,gk cet4 ky,4713,4577
ashamed,ә'ʃeimd,"a. 惭愧的, 羞耻的",,gk cet4 ky ielts,5292,5651
aside,ә'said,"n. 小声说的话, 旁白\nadv. 在一边, 离开, 另外",,gk cet4 ky,2376,1878
asleep,ә'sli:p,"a. 睡着的, 长眠的, 麻木的\nadv. 熟睡地",,zk gk cet4 ky,3043,3081
aspect,'æspekt,"n. 外观, 方面, 面貌, 方向\n[医] 方面, 局面; 外观",,gk cet4 cet6 ky toefl gre,862,1357
assemble,ә'sembl,"vt. 集合, 收集, 装配\nvi. 集合\n[计] 汇编",,cet4 cet6 ky toefl ielts gre,3928,3557
assembly,ә'sembli,"n. 与会者, 集会, 装配, 组件\n[化] 装配",,cet4 ky toefl,1596,3965
assess,ә'ses,"vt. 估定, 对...征税, 评定\n[经] 估计, 估价, 确定(税款罚款等)的金额",,gk cet4 cet6 ky toefl ielts gre,1488,2042
assign,ә'sain,"vt. 分配, 指派, 赋值\n[计] 赋值",,cet4 cet6 ky toefl ielts,3876,2611
assignment,ә'sainmәnt,"n. 分配, 功课, 任务, 转让, 归因, 陈述\n[计] 赋值",,cet4 cet6 ky toefl ielts,3817,3128
assist,ә'sist,"n. 帮助, 协助\nvt. 帮助, 促进\nvi. 协助, 参加",,gk cet4 cet6 ky toefl,2162,2475
assistant,ә'sistәnt,"n. 助手, 助理, 助教\na. 有帮助的, 辅助的, 助理的",,gk cet4 cet6 ky toefl ielts,2875,2706
associate,ә'sәuʃieit,"n. 同伴, 伙伴, 关联的事物\nvt. 使联合, 使发生联系\nvi. 交往\n[计] 关联",,gk cet4 cet6 ky toefl ielts gre,1216,1354
association,ә.sәuʃә'eiʃәn,n. 协会\n[计] 关联,,gk cet4 cet6 ky toefl ielts,742,1859
assume,ә'sju:m,"vt. 假定, 承担, 呈现\nvi. 装腔作势, 僭越",,gk cet4 cet6 ky toefl ielts gre,886,1091
assumption,ә'sʌmpʃәn,"n. 假定, 自负, 担任, 假装\n[经] 假定, 承担",,gk cet4 cet6 ky toefl ielts gre,1693,2606
assure,ә'ʃuә,"vt. 保证, 使确信, 弄清楚, 担保\n[法] 确信, 保证, 保障",,cet4 cet6 ky toefl ielts gre,2640,2571
astonish,ә'stɒniʃ,vt. 使惊讶,,gk cet4 ky toefl,18564,12542
astronaut,'æstrәnɒ:t,"n. 太空旅行者, 宇航员\n[法] 美国太空人",,gk cet4 cet6 ky,16330,5656
athlete,'æθli:t,"n. 运动员, 运动选手\n[医] 运动员",,gk cet4 cet6 ky toefl ielts,6584,1600
Atlantic,әt'læntik,n. 大西洋\na. 大西洋的,,zk gk cet4,3289,0
atmosphere,'ætmәsfiә,"n. 大气, 空气, 气氛\n[医] 大气; 大气压",,gk cet4 cet6 ky toefl,1855,2217
atmospheric,ætmәs'ferik,a. 大气的\n[医] 大气的; 大气压的,,cet4 cet6 ielts,8042,6847
atom,'ætәm,"n. 原子, 核能, 微粒, 微量\n[计] 原子",,gk cet4 cet6 ky toefl,4241,5184
atomic,ә'tɒmik,"a. 原子的, 原子能的\n[医] 原子的",,cet4 toefl,5441,5438
attach,ә'tætʃ,"vt. 附上, 使依附, 使附属, 使喜爱, 系, 缚\nvi. 附属, 归属, 联系在一起\n[计] 挂接服务器命令, 关联, 挂接, 附加",,gk cet4 cet6 ky toefl ielts gre,1849,2320
attack,ә'tæk,"n. 攻击, 抨击\nvt. 攻击, 抨击, 动手干\nvi. 攻击",,gk cet4 cet6 ky ielts,913,791
attain,ә'tein,"vt. 达到, 获得\nvi. 达到",,gk cet4 cet6 ky toefl ielts gre,5042,5323
attempt,ә'tempt,"n. 尝试, 企图\nvt. 尝试, 企图",,gk cet4 cet6 ky toefl ielts,740,1227
attend,ә'tend,"vt. 参加, 照料, 伴随\nvi. 专心于, 照顾, 服侍, 出席",,gk cet4 ky toefl ielts,1100,1168
attention,ә'tenʃәn,"n. 注意, 注意力\n[计] 引起注意信号",,zk gk cet4 ky toefl ielts,714,591
attentive,ә'tentiv,"a. 注意的, 留心的",,cet4 cet6 ky ielts,11800,9473
attitude,'ætitju:d,"n. 态度, 看法, 姿势\n[医] 体态, 姿势, 态度",,gk cet4 ky,920,1155
attract,ә'trækt,"vt. 吸引, 诱惑\nvi. 有吸引力",,gk cet4 ky toefl,1477,1867
attraction,ә'trækʃәn,"n. 吸引, 吸引人的事物, 吸引力\n[医] 吸引",,gk cet4 toefl,3108,3800
attractive,ә'træktiv,"a. 吸引人的, 有魅力的\n[法] 有吸引力的, 有迷惑力的",,gk cet4 ky toefl ielts,1781,2811
attribute,ә'tribju:t,"n. 属性, 标志, 定语\nvt. 把...归于, 认为...属于\n[计] 属性",,cet4 cet6 ky toefl ielts gre,3247,3346
audience,'ɒ:diәns,"n. 听众, 观众, 读者\n[法] 听讼, 观众, 听众",,gk cet4 cet6 ky toefl ielts gre,1463,1074
audio,'ɒ:diou,"a. 音频的, 声音的\n[电] 声频",,cet4 ky ielts,8088,5975
aural,'ɒ:rәl,"a. 耳的, 听觉的, 气氛的, 气味的, 光环的\n[医] 耳的; 先兆的",,cet4 cet6 ky,21545,15916
author,'ɒ:θә,"n. 作家, 作家的著作, 创始人\n[法] 作者, 著作人, 本人",,gk cet4 cet6 ky ielts,1382,685
authority,ɒ:'θɒriti,"n. 权力, 当权者, 当局, 权威, 专家\n[经] 代理权, 授权, 权威",,gk cet4 cet6 ky toefl ielts,285,832
auto,'ɒ:tәu,"n. 汽车\npref. 表示""自己""、""本身"", 表示""自己的"", 表示""自动的""",,cet4 ky,11945,3134
autobiography,.ɒ:tәubai'ɒgrәfi,n. 自传,,cet4 toefl gre,8624,7011
automatic,.ɒ:tә'mætik,"n. 自动手枪, 自动机械\na. 自动的, 机械的, 必然的, 无意识的",,gk cet4 cet6 ky toefl ielts,3184,4045
automatically,.ɒ:tә'mætikli,"adv. 自动地, 机械地",,cet4,2815,3946
automation,.ɒ:tә'meiʃәn,"n. 自动化, 自动操作\n[计] 自动学; 自动化",,cet4 cet6 ky ielts gre,10701,13580
automobile,'ɒ:tәmәbi:l,n. 汽车\n[机] 汽车,,cet4 cet6 ielts,11452,4005
auxiliary,ɒ:g'ziljәri,"n. 辅助者, 辅助物, 附属机构, 助动词\na. 辅助的, 备用的",,cet4 cet6 ky toefl ielts gre,14335,13990
available,ә'veilәbl,"a. 可利用的, 可获得的, 有效的\n[医] 有效的, 可得的",,zk gk cet4 cet6 ky toefl ielts gre,334,622
avenue,'ævәnju:,"n. 大街, 途径, 林荫路",,gk cet4 ky toefl ielts,3634,5320
average,'ævәridʒ,"n. 平均, 平均数, 一般水平, 海损\na. 平均的, 中等的, 平常的\nvt. 算出...平均数, 平均做, 均分, 使平衡\nvi. 平均为, 呈中间色",,gk cet4 ky toefl ielts,1527,1299
aviation,.eivi'eiʃәn,"n. 航空, 航空学, 飞行术\n[法] 航空, 飞行, 飞行术",,cet4 cet6 ky toefl ielts,5895,7923
avoid,ә'vɒid,"vt. 避免, 防止, 撤消\n[法] 避免, 回避, 躲开",,zk gk cet4 ky toefl ielts gre,835,908
await,ә'weit,vt. 等候\nvi. 等待着,,cet4 ky,3388,3669
awake,ә'weik,"a. 醒着的\nvt. 唤醒, 唤起, 使意识到\nvi. 醒来, 被唤起, 意识到",,zk gk cet4 cet6 ky,4786,4647
award,ә'wɒ:d,"n. 奖品, 裁定, 判决\nvt. 授予, 给予",,gk cet4 cet6 ky ielts,590,2573
aware,ә'wєә,"a. 知道的, 有觉悟的",,gk cet4 ky toefl ielts,921,1439
awful,'ɒ:ful,"a. 可怕的, 庄严的, 虔敬的",,gk cet4 cet6 ky ielts,2660,3276
awfully,'ɒ:fuli,"adv. 恶劣地, 非常地, 极端地",,cet4,10415,8336
awkward,'ɒ:kwәd,"a. 笨拙的, 棘手的",,gk cet4 cet6 ky toefl ielts gre,4097,4992
ax,æks,"n. 斧头\nvt. 用斧削或砍, 削减",,cet4,28327,11322
axis,'æksis,n. 轴\n[计] 坐标轴,,cet4 cet6 ky toefl ielts gre,5787,5598
B.C.,,公元前,,cet4,0,0
bachelor,'bætʃәlә,"n. 单身汉, 学士\n[法] 学士, 单身汉",,gk cet4 cet6 ky toefl,8615,6130
background,'bækgraund,"n. 背景, 背景资料\n[计] 背景, 后台",,zk gk cet4 ky toefl ielts,1369,1402
backward,'bækwәd,"adv. 向后地, 相反地\na. 向后的, 相反的\n[计] 倒推",,gk cet4 ky toefl ielts,8489,5204
bacteria,bæk'tiәriә,"pl. 细菌\n[医] 细菌, [无芽胞]杆菌",,cet4 cet6 toefl ielts gre,0,3611
badly,'bædli,"adv. 严重地, 恶劣地, 极度地",,gk cet4 ky,2078,3111
badminton,'bædmintәn,n. 羽毛球运动,,gk cet4 cet6 ky ielts,15739,20115
baggage,'bægidʒ,n. 行李\n[经] 行李,,gk cet4 ky toefl ielts,8801,7286
bake,beik,"vt. 烘焙, 烤\nvi. 烤面包\nn. 烘焙, 烤",,gk cet4 ky ielts,6122,2810
balance,'bælәns,"n. 平衡, 差额\nvi. 平衡, 相等\nvt. 称, 权衡, 比较, 使平衡, 结算, 抵消",,gk cet4 ky toefl ielts,1176,1631
balcony,'bælkәni,"n. 阳台, 戏院楼厅",,gk cet4 cet6 ky toefl ielts,5402,5799
balloon,bә'lu:n,"n. 气球\nvt. 使成气球状\nvi. 膨胀如气球, 激增",,zk gk cet4 ky toefl ielts gre,5623,4774
ban,bæn,"n. 禁令\nvt. 禁止, 取缔",,gk cet4 cet6 ky toefl ielts gre,2824,3273
band,bænd,"n. 带子, 队, 乐队\nv. 联合, 结合\n[计] 频带; 波段; 区",,gk cet4 ky toefl ielts gre,1145,1277
bang,bæŋ,"n. 重击, 突然巨响, 刘海\nv. 发巨响, 重击\nadv. 砰然地, 突然巨响地, 直接地\n[计] 撞击符",,gk cet4 cet6 ky toefl ielts,4572,5069
banner,'bænә,"n. 旗帜\na. 显著的, 特别好的",,cet4 ky toefl ielts,5950,5333
bar,bɑ:,"n. 条, 棒, 酒吧, 栅, 障碍物\nvt. 禁止, 阻挡, 妨碍\n[计] 棒形图",,gk cet4 ky toefl ielts gre,993,991
barber,'bɑ:bә,n. 理发师,,gk cet4 ky toefl ielts,12564,9131
bare,bєә,"a. 赤裸的, 缺少的, 无遮蔽的, 坦率的\nvt. 使赤裸, 露出",,gk cet4 ky toefl ielts gre,3196,3430
barely,'bєәli,adv. 几乎不,,cet4 cet6 ky toefl ielts,3192,1973
bargain,'bɑ:gin,"n. 交易, 买卖协定, 特价商品\nv. 讲价, 交易",,gk cet4 cet6 ky ielts gre,4926,4962
bark,bɑ:k,"n. 树皮, 吠声\nvi. 吠, 叫骂\nvt. 喊出, 剥树皮",,gk cet4 cet6 ky toefl ielts gre,6605,5831
barn,bɑ:n,n. 谷仓\n[化] 靶(恩)(核反应截面单位),,cet4 cet6 ky toefl ielts gre,4202,4108
barrel,'bærәl,n. 桶\nvt. 装入桶内,,cet4 cet6 ky toefl ielts,4469,3084
barrier,'bæriә,"n. 障碍, 栅栏\n[化] 势垒; 阻片; 阻挡层",,gk cet4 cet6 ky toefl ielts gre,2629,2609
base,beis,"n. 底部, 垒, 基础, 基地\nvt. 以...作基础\na. 卑鄙的, 低劣的\n[计] 基准",,gk cet4 ky gre,514,536
baseball,'beisbɒ:l,n. 棒球\n[计] 棒球系统,,zk gk cet4 cet6 ky ielts,10008,1373
basic,'beisik,"n. 基本原理, 要素, 基本规律\na. 基本的, 碱性的\n(计算机)BASIC语言",,zk gk cet4 ky toefl ielts,911,1144
basically,'beisikli,"adv. 基本上, 主要地",,cet4,2647,1691
basin,'beisn,"n. 盆, 盆地\n[医] 第三脑室, 骨盆",,gk cet4 cet6 ky toefl,4357,6174
basis,'beisis,"n. 基础, 主要成分\n[化] 基底",,gk cet4 ky ielts,694,1307
bat,bæt,"n. 蝙蝠, 球棒\nv. 用球棒打, 眨眼\n[计] 成批",,gk cet4 ky,4758,3692
bath,bæθ.bɑ:θ,"n. 沐浴, 浴室\n[医] 浴",,gk cet4 ky ielts,2551,3890
bathe,beið,"vt. 沐浴, 用水洗\nvi. 洗澡",,gk cet4 ky ielts,8777,7550
bathroom,'bɑ:θru:m,"n. 浴室, 厕所",,zk gk cet4 ky ielts,2821,2404
battery,'bætәri,"n. 电池, 殴打\n[化] 蓄电池",,gk cet4 cet6 ky toefl ielts,3400,3193
battle,'bætl,n. 战役\nv. 战斗,,gk cet4 cet6 ky toefl,1330,1199
bay,bei,"n. 海湾, 狗吠声, 月桂\nvt. 吠, 使走投无路\nvi. 吠",,gk cet4 cet6 ky toefl ielts,2330,23460
beach,bi:tʃ,n. 海滩,,zk gk cet4 ky ielts,1900,1937
beam,bi:m,"n. 横梁, 杆, 光线, 容光焕发\nvi. 用梁支承, 微笑, 射出光线\nvt. 照耀, 感到欣喜\n[计] 束",,gk cet4 cet6 ky toefl ielts gre,3945,3741
bean,bi:n,n. 豆子\n[化] 油嘴; 豆,,gk cet4 cet6 ky toefl,3782,2352
beard,biәd,"n. 胡须\nvt. 抓住胡须, 公开反对",,gk cet4 ky toefl ielts,5605,4690
beast,bi:st,"n. 畜生, 动物, 野兽, 兽性",,gk cet4 ky toefl,4515,4428
beauty,'bju:ti,"n. 美, 美人",,gk cet4 ky ielts,2046,1724
bee,bi:,"n. 蜜蜂, 聚会",,zk gk cet4 ky,4770,4247
beforehand,bi'fɒ:hænd,adv. 预先,,cet4 cet6 ky toefl ielts,6844,10479
beg,beg,"v. 乞求, 乞讨, 请求",,gk cet4 ky toefl,3537,3452
beggar,'begә,"n. 乞丐\nvt. 使贫穷, 使成乞丐",,cet4 cet6,9846,11674
beginner,bi'ginә,n. 初学者,,cet4,7066,8837
beginning,bi'giniŋ,n. 开始,,gk cet4 cet6 ky ielts,1242,1200
behalf,bi'hɑ:f,"n. 利益, 方面",,gk cet4 cet6 ky toefl ielts,4681,4434
behave,bi'heiv,"vi. 举止端正, 行为规矩\nvt. 检点(自己的)行为, 使表现好",,gk cet4 cet6 ky toefl ielts,2463,3660
behavior,bi'heivjә,"n. 行为, 举止\n[医] 行为",,cet4 cet6 ky toefl ielts,28403,658
being,'bi:iŋ,"n. 存在, 性质, 生命, 人, 生物, be的现在分词",,gk cet4 ky,1956,1676
belief,bi'li:f,"n. 信念, 相信, 信仰",,gk cet4 ky toefl,1291,1378
belong,bi'lɒŋ,"vi. 属于, 合适",,gk cet4 ky toefl,1475,1639
beloved,bi'lʌvd,a. 心爱的\nn. 心爱的人,,cet4 ky ielts,7142,4947
belt,belt,"n. 带子, 地带\n[医] 带, 腰带, 束带, 地带, 区",,gk cet4 ky toefl,2870,2430
bench,bentʃ,n. 长椅子\n[机] 台,,gk cet4 cet6 ky gre,2942,2782
bend,bend,"vi. 变弯曲, 屈服\nvt. 使弯曲, 使屈服\nn. 弯曲",,gk cet4 cet6 ky toefl ielts gre,2445,2194
beneath,bi'ni:θ,prep. 在...下方\nadv. 在...下方,,gk cet4 ky toefl,1890,1977
beneficial,.beni'fiʃәl,"a. 有益的, 受益的\n[经] 有使用权的, 可享利益的",,gk cet4 ky toefl ielts,4578,4991
benefit,'benifit,n. 利益\nvt. 有益于\nvi. 受益,,gk cet4 cet6 ky toefl ielts,656,812
berry,'beri,n. 浆果\nvi. 采集浆果,,cet4,10034,6096
besides,bi'saidz,"prep. 除...之外\nadv. 而且, 此外",,zk gk cet4 ky toefl,3848,3012
bet,bet,"n. 打赌, 赌注\nv. 打赌",,cet4 ky ielts,3246,2699
betray,bi'trei,"vt. 出卖, 背叛, 辜负, 暴露\n[法] 出卖, 背叛, 泄漏",,gk cet4 cet6 ky toefl ielts gre,6030,4974
beyond,bi'jɒnd,"prep. 超过, 在那一边, 迟于\nadv. 在远处\nn. 更远处",,zk gk cet4 ky,944,746
bible,'baibl,n. 圣经,,cet4 ky ielts,3430,2742
bicycle,'baisikl,n. 自行车,,zk gk cet4 ky ielts,5312,4366
bill,bil,"n. 帐单, 清单, 钞票, 鸟嘴, 广告, 法案, 票据\nvt. 开帐单, (用招贴)宣布",,zk gk cet4 ky toefl ielts,837,8026
billion,'biljәn,"num. 十亿, 十亿个",,gk cet4 cet6 ky toefl,1829,612
bind,baind,"vt. 绑, 约束, 装订, 包扎, 使结合\nvi. 凝固, 有约束力\n[计] 赋值, 绑定",,cet4 ky toefl ielts,1888,2496
biology,bai'ɒlәdʒi,n. 生物学\n[化] 生物; 生物学,,gk cet4 ky ielts,5388,4226
birth,bә:θ,"n. 出生, 起源\n[医] 生产, 分娩",,zk gk cet4 ky ielts,1590,1499
biscuit,'biskit,n. 饼干\n[化] 素坯; 饼干,,zk gk cet4 ky,4203,8068
bite,bait,"n. 咬, 一口\nv. 咬, 刺痛, 穿透",,gk cet4 ky toefl ielts,3294,3153
bitter,'bitә,"a. 苦的, 痛苦的, 怀恨的\nadv. 刺骨\nv. (使)变苦",,zk gk cet4 ky toefl ielts,3095,3580
bitterly,'bitәli,"adv. 怨恨地, 悲痛地, 残酷地",,cet4,5336,8508
blade,bleid,"n. 叶片, 刀锋, 刀口, 剑\n[医] 页[片], 叶片, 刀片, 刀刃, 刀口",,cet4 cet6 ky toefl gre,4000,3148
blame,bleim,"n. 过失, 责备\nvt. 责备, 归咎于",,gk cet4 cet6 ky toefl ielts,2043,1797
blank,blæŋk,"n. 空格, 空白\na. 空白的, 空虚的, 完全的, 无色的\nvi. 消失, 成为空白\nvt. 使无效, 取消, 封锁\n[计] 空白",,gk cet4 ky ielts,4310,4578
blanket,'blæŋkit,"n. 毛毯, 毯子\nvt. 掩盖, 覆盖\na. 总共的",,gk cet4 ky toefl ielts,3938,3306
blast,blæst,"n. 一阵风, 爆炸, 枯萎病\nvt. 炸, 使枯萎\nvi. 炸, 猛攻, 猛烈抨击, 枯萎",,cet4 cet6 ky toefl ielts gre,5574,4739
blaze,bleiz,"n. 火焰, 烈火, 光辉\nvi. 燃烧, 发光\nvt. 使燃烧, 宣布, 在树皮上刻痕",,cet4 cet6 ky toefl ielts,7128,8056
bleed,bli:d,"vi. 流血, 悲痛, 渗出\nvt. 使出血, 榨取",,gk cet4 cet6 ky toefl ielts,6460,5218
blend,blend,vt. 混合\nn. 混合,,cet4 cet6 ky toefl ielts,5972,3914
bless,bles,"vt. 祝福, 祈佑, 使神圣化",,gk cet4 cet6 ky ielts,5280,4161
blind,blaind,"n. 蒙蔽物, 窗帘\na. 盲目的, 瞎的, 不加思考的\nvt. 使失明, 蒙蔽, 遮暗\nadv. 盲目地",,zk gk cet4 cet6 ky ielts,2926,2716
blood,blʌd,"n. 血, 血统, 流血, 气质, 生命\nvt. 使出血, 用血涂",,zk gk cet4 ky ielts,980,692
bloom,blu:m,"n. 花, 开花, 青春, 钢块\nvi. 开花, 焕发青春, 茂盛\nvt. 使茂盛, 把...轧成钢坯",,cet4 cet6 ky toefl ielts,7980,6582
blossom,'blɒsәm,"n. 花, 花开的状态, 兴旺期\nvi. 开花, 兴旺, 发展",,cet4 cet6 ky toefl ielts gre,10180,6437
board,bɒ:d,"n. 木板, 甲板, 膳食, 会议桌\nvt. 乘船, 供膳食, 用板覆盖\nvi. 搭伙\n[计] 板",,zk gk cet4 cet6 ky toefl ielts,611,667
boast,bәust,"n. 吹牛\nvi. 吹牛, 自夸\nvt. 夸口说, 自恃有",,cet4 cet6 ky toefl ielts gre,4996,4534
boil,bɒil,"n. 煮沸, 沸腾, 疖\nv. 煮沸, 激动",,gk cet4 ky toefl ielts,4944,4258
bold,bәuld,a. 大胆的\nn. 粗体\n[计] 粗体,,cet4 cet6 ky toefl ielts,4474,3897
bolt,bәult,"n. 门闩, 螺钉, 筛子, 闪电, 意外事件\nvt. 闩住, 发射, 脱口而出, 筛, 囫囵吞下\nvi. 囫囵吞枣, 射箭, 脱缰, 退出党派\nadv. 突然",,cet4 cet6 ky ielts gre,5051,4899
bomb,bɒm,"n. 炸弹\nvt. 轰炸, 投弹于\nvi. 失败",,gk cet4 cet6 ky,2266,1992
bond,bɒnd,"n. 捆绑物, 结合, 债券, 契约, 粘合剂, 保证人, 键, 关栈保留\nvt. 存入关栈, 使黏合\nvi. 结合",,gk cet4 cet6 ky toefl ielts,2385,1880
bone,bәun,"n. 骨头, 骨, 骨制品\nvt. 剔骨\nvi. 专心致志",,gk cet4 ky,1934,1443
boost,bu:st,"n. 推进, 吹捧\nvt. 推进, 提高, 宣扬, 促进",,cet4 cet6 ky toefl ielts gre,4022,3691
boot,bu:t,"n. 长靴, 踢, 解雇, 效用\nvt. 使穿靴, 踢, 解雇, 有用\n[计] 引导, 自举",,gk cet4 ky ielts,2176,2347
booth,bu:θ,"n. 亭, 摊棚\n[经] 货摊, 电话间",,gk cet4 cet6 ky ielts,9834,4300
border,'bɒ:dә,"n. 边缘, 边境, 边界, 花坛\nvt. 在...上镶边, 接近\nvi. 接界, 近似\n[计] 边框",,gk cet4 ky toefl ielts,1789,1344
bore,bɒ:,"n. 令人讨厌的人, 激浪, 枪膛, 孔\nvt. 使烦扰, 钻孔\nvi. 钻孔\nbear的过去式\n[计] 内径; 孔径",,cet4 cet6 ky toefl ielts gre,5929,4946
born,bɒ:n,a. 天生的\nbear的过去分词,,zk gk cet4 ky,1206,1088
bosom,'buzәm,"n. 胸部, 胸, 胸怀, 内部, 中间\nvt. 怀抱",,cet4 cet6 ky,12605,12630
boss,bɒs,"n. 老板, 上司, 岩瘤, 浮雕, 母牛\nvt. 指挥, 控制, 浮雕",,zk gk cet4 ky,2227,2324
bottom,'bɒtәm,"n. 底部\na. 底部的\nvt. 给...装底, 查明真相\nvi. 到达底部, 建立基础",,zk gk cet4 ky,1555,1511
bough,bau,n. 大树枝,,cet4 cet6 gre,14793,15790
bounce,bauns,"n. 跳, 跳跃, 弹力, 撞击\nvi. 反跳, 弹跳\nvt. 使跳回, 撞击\n[计] 打回",,gk cet4 cet6 ky toefl ielts,4778,3792
bound,baund,"n. 跃, 回跳, 范围, 边界\na. 受约束的, 装有封面的, 有义务的, 关联的, 被束缚的, 准备去...的, 便秘的\nvi. 跳跃, 弹起\nvt. 使跳, 限制, 形成...的疆界\nbind过去式和过去分词\n[计] 装订的",,gk cet4 cet6 ky toefl ielts,3174,8004
boundary,'baundri,"n. 边界, 分界线\n[计] 边界",,gk cet4 cet6 ky toefl ielts,2050,2776
bow,bәu.bau,"n. 弓, 眼睛框\nv. 用弓拉琴, 弯成弓形\nn. 鞠躬, 屈服",,gk cet4 cet6 ky toefl,4473,4098
bowl,bәul,"n. 碗, 木球, 大酒杯\nv. 滚木球, 快而稳地行驶",,zk gk cet4 ky toefl,2707,1829
brain,brein,n. 脑\nvt. 打碎脑部,,zk gk cet4 ky toefl,1643,1189
brake,breik,"n. 刹车, 阻碍, 丛林\nv. 刹车",,gk cet4 ky ielts gre,5290,4693
branch,bræntʃ,"n. 树枝, 支店, 支流, 分部\nvi. 分支, 出枝\nvt. 分割, 用枝状叶脉刺绣花纹装饰\n[计] 分支, 目录分支",,gk cet4 ky ielts,1178,1807
brand,brænd,"n. 商标, 牌子, 烙印\nvt. 打烙印于",,gk cet4 cet6 ky ielts gre,3387,2570
brandy,'brændi,n. 白兰地酒\n[化] 白兰地,,cet4 cet6 ky,5799,10392
brass,bræs.brɑ:s,"n. 黄铜, 黄铜制品\na. 黄铜的, 铜管乐器的\nv. 镀以黄铜, 支付",,cet4 ky toefl,4119,4968
brave,breiv,"a. 勇敢的, 美好的, 华丽的\nn. 勇敢者\nvt. 勇敢地面对",,zk gk cet4 ky,3800,4854
breadth,bredθ,"n. 宽度\n[法] 违背, 违犯, 未遵守",,cet4 cet6 ky gre,7583,9348
breast,brest,"n. 胸部, 乳房, 胸怀\nvt. 以胸对着, 面对",,gk cet4 cet6 ky,2793,1652
breath,breθ,"n. 呼吸, 气息, 瞬间\n[医] 呼气, 呵气, 口气, 呼吸",,zk gk cet4 ky toefl,1768,1628
breathe,bri:ð,"vi. 呼吸, 生存, 低语\nvt. 呼吸, 使喘息, 发散, 低声说",,zk gk cet4 ky toefl,2434,2264
breed,bri:d,"n. 种类, 品种\nv. 养育, 引起, 饲养, 繁殖",,cet4 cet6 ky toefl ielts gre,3721,5698
breeze,bri:z,"n. 微风, 煤屑, 轻而易举的事\nvi. 吹微风, 逃走",,cet4 cet6 ky toefl ielts,4405,4284
brick,brik,"n. 砖块, 积木\na. 用砖做的\nvt. 用砖造, 用砖砌",,gk cet4 ky toefl,2814,3315
brief,bri:f,"n. 摘要, 简报\na. 简短的, 短暂的\nvt. 对...作简报, 摘要, 节录",,gk cet4 ky toefl,1863,2146
brighten,'braitn,"vi. 变亮, 活跃\nvt. 使生辉, 使快活",,cet4 toefl,9833,7814
brilliant,'briljәnt,"a. 光辉的, 灿烂的, 有才气的\n[机] 亮的",,gk cet4 ky ielts,2429,3159
brim,brim,"n. 边, 边缘, (河)边\nvt. 注满, 使满溢\nvi. 满溢",,cet4 cet6 ky toefl gre,15159,12307
brisk,brisk,"a. 强烈的, 寒冷而干燥的, 活泼的\nvt. 使活泼\nvi. 活跃起来",,cet4 cet6 ky toefl ielts gre,8623,9149
bristle,'brisl,"n. 刚毛, 猪鬃\nvi. 直立, 发怒, 充满\nvt. 使直立",,cet4 cet6 gre,14172,11066
brittle,'britl,"a. 易碎的, 脆弱的, 易坏的\n[机] 脆的, 脆性的, 易碎的",,cet4 cet6 ky toefl ielts gre,8736,10220
broad,brɒ:d,"a. 宽广的, 辽阔的, 广大的, 显著的\nadv. 宽阔地\nn. 宽阔部分",,gk cet4 ky,1462,1404
broadcast,'brɒ:dkæst,"n. 广播, 传播\na. 广播的\nv. 广播\nadv. 经广播, 四散地\n[计] 广播命令, 广播",,gk cet4 ky toefl,5111,3617
broken,'brәukәn,"a. 坏掉的, 打破的, 断掉的\nbreak的过去分词",,gk cet4,2747,2694
bronze,brɒnz,"n. 青铜, 铜像\na. 青铜色的",,cet4 cet6 ky toefl ielts,4024,4926
brood,bru:d,"n. 一窝, 一伙\nvt. 孵, 沉思",,cet4 cet6 ielts gre,15462,14517
brook,bruk,n. 小溪\nvt. 容忍,,cet4 cet6 ky toefl gre,10248,22189
broom,bru:m,"n. 扫帚, 金雀花\nvt. 扫除",,gk cet4 cet6 ky,9809,9418
brow,brau,"n. 眉毛, 额\n[医] 额, 眉, 睫毛",,cet4 ky,5176,5800
bruise,bru:z,"n. 青肿, 挫伤, 擦伤\nvi. 受伤, 擦伤\nvt. 使受伤, 研碎",,cet4 cet6 ky toefl ielts gre,8010,7621
brute,bru:t,"n. 畜生, 残忍或好色之人\na. 残忍的, 无理性的, 畜生的",,cet4 cet6 gre,11576,11905
bubble,'bʌbl,"n. 泡沫\nvi. 冒泡, 沸腾\nvt. 使冒泡, 滔滔不绝地说",,cet4 ky toefl ielts gre,5570,4104
bucket,'bʌkit,n. 桶\n[计] 存储桶; 桶,,gk cet4 cet6 ky ielts gre,4494,4812
bud,bʌd,"n. 芽, 花蕾\nvi. 发芽, 萌芽\nvt. 使发芽",,cet4 cet6 ky toefl ielts gre,6466,6961
budget,'bʌdʒit,"n. 预算\nvi. 编预算\nvt. 编入预算, 安排\na. 廉价的",,gk cet4 cet6 ky toefl ielts gre,1062,1054
bulb,bʌlb,"n. 球茎, 电灯泡\n[医] 球, 鳞茎, 球茎",,cet4 cet6 ky toefl ielts gre,5690,4901
bulk,bʌlk,"n. 大小, 体积, 大块, 大多数\nvt. 显得大, 显得重要",,cet4 cet6 ky toefl ielts gre,3369,4660
bull,bul,"n. 公牛\n[法] 买方, 买空者",,cet4 cet6 ky ielts,5006,4207
bullet,'bulit,"n. 子弹\n[医] 弹, 子弹, 距节(马)",,cet4 ky,4735,2739
bunch,bʌntʃ,"n. 串, 束\n[医] 骨肿块(马)",,gk cet4 cet6 ky toefl ielts,4503,2658
bundle,'bʌndl,"n. 捆, 束\nvt. 包扎, 胡乱塞进\nvi. 匆忙离开",,cet4 cet6 ky toefl ielts,5598,6005
burden,'bә:dn,"n. 负担, 重载, 担子, 责任\nvt. 装货于, 烦扰, 使负担",,gk cet4 cet6 ky toefl,2696,2665
bureau,'bjuәrәu,"n. 局, 办公处\n[经] 局, 司, 处",,cet4 cet6 ky,3664,3753
burn,bә:n,"vt. 烧, 烧毁, 烧伤\nvi. 燃烧, 发热, 烧毁\nn. 烧伤, 烙印",,zk gk cet4 cet6 ky,1754,1422
burst,bә:st,"n. 破裂, 突发, 爆发\nv. 爆裂, 突发, 充满\n[计] 二进制位组; 字符组; 脉冲串",,gk cet4 cet6 ky toefl,3011,3560
bury,'beri,"vt. 埋葬, 埋藏",,gk cet4 ky,2650,2398
bush,buʃ,n. 矮树丛\n[化] 管衬,,gk cet4 ky toefl,2801,34013
business,'biznis,"n. 生意, 事情, 业务, 商业, 商行, 职责\n[经] 企业, 商业, 营业",,zk gk cet4 cet6 ky ielts,215,246
butcher,'butʃә,"n. 屠夫, 肉商, 小贩\nvt. 屠宰, 屠杀",,gk cet4 cet6 ky ielts,8559,8421
butter,'bʌtә,"n. 奶油, 黄油\nvt. 涂黄油于",,zk gk cet4 ky toefl,3403,2402
butterfly,'bʌtәflai,"n. 蝴蝶\n[医] 蝶式棉块, 翼形皮癣, 纸蝶",,zk gk cet4 ky toefl ielts,5314,4923
button,'bʌtәn,"n. 钮扣, 按钮\nvi. 扣住\nvt. 钉钮扣于, 扣紧\n[计] 按钮",,gk cet4 cet6 ky,2977,2645
cabbage,'kæbidʒ,"n. 卷心菜\n[医] 卷心菜, 甘兰",,zk gk cet4 ky,8667,6982
cabin,'kæbin,"n. 小屋, 客舱\nvt. 关在小屋",,cet4 cet6 ky toefl ielts,4831,3152
cabinet,'kæbinit,"n. 橱柜, 内阁\na. 内阁的, 细木工做的\n[计] 机柜",,cet4 cet6 ky toefl ielts gre,1378,2693
cable,'keibl,"n. 电缆, 海底电报, 缆, 索\nvi. 打海底电报\nvt. 发海底电报, 缚住\n[计] 电缆",,cet4 cet6 ky toefl ielts,3033,2003
cafe,kɑ:'fei,"n. 咖啡馆, 酒店",,cet4 cet6 ky ielts,5986,5837
cafeteria,.kæfi'tiәriә,n. 自助餐厅\n[经] 自助餐厅,,gk cet4 cet6 ky ielts,19059,7076
cage,keidʒ,"n. 笼, 牢房, 战俘营\nvt. 关进笼内",,gk cet4 cet6 ky,4775,4143
cake,keik,"n. 蛋糕, 块, 饼\nvt. 使结块, 加块状物于\nvi. 结块",,zk gk cet4 ky,2309,2540
calculate,'kælkjuleit,"v. 计算, 预测, 计划, 打算",,gk cet4 ky toefl,2168,3039
calculation,.kælkju'leiʃәn,"n. 计算, 考虑, 计算的结果\n[经] 计算",,cet4 toefl,3209,4642
calculator,'kælkjuleitә,"n. 计算者, 计算器\n[计] 计算器",,cet4 toefl,8848,11525
calendar,'kælindә,"n. 日历, 日程表\nvt. 列入表中\n[计] 日历",,cet4 cet6 ky toefl ielts,4695,4689
calm,kɑ:m,"n. 平稳, 风平浪静\na. 平静的, 冷静的\nvi. 平静下来, 镇静\nvt. 使平静",,gk cet4 cet6 ky toefl,4472,4189
camel,'kæml,"n. 骆驼, 打捞浮筒",,zk gk cet4 cet6 ky toefl,7869,6953
camera,'kæmәrә,"n. 照相机, 摄影机, 密谈室, 暗箱\n[计] 摄影",,zk gk cet4 cet6 ky ielts,2246,949
camp,kæmp,"n. 露营, 帐篷\nvi. 露营, 扎营\nvt. 使扎营",,zk gk cet4 cet6 ky toefl ielts,2079,1188
campaign,kæm'pein,"n. 战役, 运动, 竞选运动\nvi. 参加运动, 作战",,gk cet4 cet6 ky toefl ielts gre,956,640
campus,'kæmpәs,"n. 校园, 大学生活",,cet4 cet6 ky toefl ielts,8068,2059
canal,kә'næl,"n. 运河, 水道, 管, 沟渠\nvt. 开运河",,gk cet4 cet6 ky toefl ielts,2963,5394
cancel,'kænsәl,"n. 取消, 撤消, 盖销(邮票)\nvt. 取消, 删去, 抵销, 盖销\nvi. 相互抵销\n[计] 作废",,zk gk cet4 cet6 ky toefl ielts,3183,3915
cancer,'kænsә,"n. 癌, 恶性肿瘤\n[医] 癌",,zk cet4 cet6 ky,1943,1029
candidate,'kændideit,"n. 候选人, 投考者\n[法] 候选, 候补者",,gk cet4 cet6 ky toefl ielts gre,1227,957
candle,'kændl,n. 蜡烛\nvt. 对着光检查,,zk gk cet4 cet6 ky ielts,4173,3928
candy,'kændi,"n. 糖果, 冰糖\nvt. 用糖煮, 使结晶为砂糖\nvi. 结晶为砂糖",,zk gk cet4 ky,10657,3446
cannon,'kænәn,"n. 大炮, 加农炮\nv. 炮轰",,cet4 cet6 ky ielts,7136,8430
canoe,kә'nu:,"n. 独木舟, 轻舟\nvi. 乘独木舟\nvt. 用独木舟运",,cet4 cet6 ky toefl,9132,6612
canteen,kæn'ti:n,"n. 水壶, 军中俱乐部, 临时流动餐馆, 小卖部",,gk cet4 cet6 ky ielts,7069,15582
canvas,'kænvәs,"n. 帆布, 画布, 油画\n[化] 帆布",,cet4 cet6 ky toefl ielts gre,4541,3732
cap,kæp,"n. 盖子, 帽子\nvt. 戴帽子, 覆盖, 胜过\nvi. 脱帽致意\n[计] 调用程序分析, 容量, 代码分析程序, 计算机辅助生产, 计算机辅助印刷",,zk gk cet4 cet6 ky toefl,2955,2306
capable,'keipәbl,"a. 有能力的, 能的, 能干的",,cet4 cet6 ky toefl,1848,2392
capacity,kә'pæsiti,"n. 容量, 能力, 才能, 资格\n[计] 容量",,cet4 cet6 ky toefl ielts,1507,1777
capital,'kæpitәl,"n. 首都, 大写字母, 资本\na. 首都的, 重要的",,zk gk cet4 cet6 ky ielts,729,1061
captain,'kæptin,"n. 船长, 指挥官, 海军上校, 首领\nvt. 率领, 指挥",,zk gk cet4 cet6 ky,1680,3347
captive,'kæptiv,"n. 俘虏, 迷恋者\na. 被俘的, 被迷住的",,cet4 cet6 ky ielts,11324,9226
capture,'kæptʃә,"n. 抓取, 战利品, 捕获之物\nvt. 抓取, 获得, 迷住\n[计] 截获命令",,cet4 cet6 ky toefl ielts gre,2658,1715
carbon,'kɑ:bәn,"n. 碳, 副本, 复写纸\n[化] 碳",,gk cet4 cet6 ky toefl ielts,3062,3004
career,kә'riә,"n. 事业, 生涯, 成功\n[法] 职业, 专业, 履历",,cet4 ky toefl ielts,1057,741
careless,'kєәlis,"a. 粗心的, 不关心的, 无忧无虑的",,zk gk cet4 toefl,7681,9928
cargo,'kɑ:gәu,n. 货物\n[经] 货柜,,cet4 cet6 ky toefl gre,5662,4905
carpenter,'kɑ:pintә,n. 木匠,,gk cet4 cet6 ky toefl ielts gre,9552,8059
carpet,'kɑ:pit,"n. 地毯, 地毯状物\nvt. 铺以地毯, 铺盖",,gk cet4 cet6 ky ielts,2484,4112
carriage,'kæridʒ,"n. 马车, 客车, 举止, 运输\n[经] 搬运费, 运费",,gk cet4 cet6 ky toefl,3104,6534
carrier,'kæriә,"n. 运送者, 邮递员, 带菌者\n[计] 载波",,gk cet4 cet6 ky ielts,3636,3271
carrot,'kærәt,n. 胡萝卜\n[医] 胡萝卜,,gk cet4 cet6 ky ielts,6034,4597
cart,kɑ:t,n. 二轮运货马车\nvi. 驾运货马车\nvt. 用车装载,,cet4 cet6 ky toefl ielts,5076,4053
carve,kɑ:v,"v. 雕刻, 切开",,gk cet4 cet6 ky toefl ielts gre,4931,3803
cash,kæʃ,n. 现金\nvt. 兑现,,gk cet4 ky ielts,1204,1722
cassette,kæ'set,"n. 盒式磁带, 珠宝箱, 暗盒\n[计] 字盒",,cet4 cet6 ky toefl ielts,5251,8210
cast,kɑ:st. kæst,"n. 演员阵容, 投掷, 铸件, 预测, 特性\nvt. 投, 掷, 抛, 脱落, 铸, 使弯曲, 计算\nvi. 投, 计算, 浇铸成型",,gk cet4 cet6 ky toefl ielts gre,2328,2035
castle,'kæsl. 'kɑ:sl,"n. 城堡, 象棋中的车\nvt. 置于城堡中, 盘踞于",,gk cet4 cet6 ky ielts,1765,5844
casual,'kæʒjuәl,"a. 偶然的, 不经意的, 便装的\nn. 临时工, 待命士兵",,gk cet4 cet6 ky toefl ielts gre,3781,3955
catalog,'kætәlɒg,"n. 目录, 大学概况手册\nvt. 编目录\n[计] 目录; 编目",,cet4 cet6 ky ielts gre,49824,4443
cathedral,kә'θi:drәl,n. 大教堂,,gk cet4 cet6 ky toefl ielts gre,2894,7382
cattle,kætl,"n. 牛, 家畜\n[法] 家畜",,gk cet4 cet6 ky ielts,2973,3629
cause,kɒ:z,"n. 原因, 目标\nvt. 引起, 使产生, 使遭受",,zk gk cet4 cet6 ky toefl ielts,476,601
cautious,'kɒ:ʃәs,"a. 谨慎的, 小心的",,gk cet4 cet6 ky toefl ielts,5239,5231
cave,keiv,"n. 洞, 穴\nvi. 凹陷, 塌落\nvt. 挖洞, 使凹陷, 损坏...的基础",,gk cet4 cet6 ky ielts,4161,3562
cease,si:s,"n. 停止\nv. 停止, 终了",,cet4 cet6 ky toefl ielts,2679,4470
ceiling,'si:liŋ,"n. 天花板\n[经] 顶点, 顶线, 上限",,zk gk cet4 cet6 ky toefl,2874,2641
celebrate,'selibreit,"v. 庆祝, 祝贺, 举行",,zk gk cet4 cet6 ky toefl,2443,2019
cell,sel,"n. 单元, 细胞, 电池\n[计] 单元",,gk cet4 cet6 ky toefl,769,895
cellar,'selә,"n. 地窖, 地下室, 藏酒",,gk cet4 cet6 ky toefl ielts gre,6029,7671
cement,si'ment,"n. 水泥, 胶结剂\nvt. 胶合, 用水泥涂\nvi. 黏牢",,cet4 cet6 ky ielts gre,6895,6395
cent,sent,n. 分\n[经] 美分,,zk gk cet4 cet6 ky,10111,0
centigrade,'sentigreid,"a. 百分度的, 摄氏的\n[医] 百分度",,gk cet4 cet6 ky toefl gre,27004,0
centimetre,"'senti,mi:tә(r)","n. 厘米, 公分",,gk cet4 cet6 ky,8893,0
central,'sentrәl,"a. 中央的, 重要的\n[医] 中央的, 中心的, 中枢的",,gk cet4 cet6 ky ielts,521,743
centre,'sentә,"n. 中心, 中心点, 中锋\na. 中央的, 位在正中的\nvt. 集中, 定中心\nvi. 居中",,zk gk cet4 cet6 ky ielts,327,0
century,'sentʃuri,"n. 世纪, 百年",,zk gk cet4 cet6 ky ielts,407,605
ceremony,'serimәni,"n. 典礼, 仪式, 礼节\n[法] 典礼, 仪式",,gk cet4 cet6 ky toefl ielts gre,3313,2670
certain,'sә:tәn,"a. 确定的, 某一个的, 必然的\n[法] 确凿的, 无疑的, 可靠的",,zk gk cet4 ky,440,577
certainty,'sә:tәnti,"n. 确定, 确实的事情\n[法] 确定, 肯定, 必然的事",,cet4 cet6 ky ielts gre,4284,5560
certificate,sә'tifikeit,"n. 证书, 证明书\nvt. 发给证明书, 用证书批准, 用证书证明",,gk cet4 cet6 ky ielts,2341,5237
chain,tʃein,"n. 链, 枷锁, 束缚\nvt. 用铁练锁住, 束缚, 囚禁",,gk cet4 cet6 ky,1835,1805
chairman,'tʃєәmәn,"n. 主席, 会长\n[经] 主席",,zk gk cet4 cet6 ky,864,1372
chalk,tʃɒ:k,"n. 粉笔, 白垩\nvt. 用粉笔写, 记录",,zk gk cet4 cet6 ky toefl,5988,9095
challenge,'tʃælindʒ,"n. 挑战, 盘问\nvt. 向...挑战, 要求, 怀疑\nvi. 挑战, 对(证据等)表示异议",,gk cet4 cet6 ky toefl ielts,1506,984
chamber,'tʃeimbә,"n. 室, 房间, 枪膛\nvt. 装(弹药), 把...关在室内\na. 室内的",,cet4 cet6 ky toefl ielts,2381,2667
champion,'tʃæmpiәn,"n. 冠军, 拥护者, 战士\nvt. 保卫, 拥护\na. 优胜的",,gk cet4 cet6 ky toefl ielts gre,1938,2758
chance,tʃæns. tʃɑ:ns,"n. 机会, 意外, 可能性\nvi. 偶然发生\nvt. 冒险",,zk gk cet4 ky toefl ielts,617,613
channel,'tʃænәl,"n. 海峡, 航道, 频道\nvt. 引导, 在...上挖沟, 形成河道\n[计] 信道, 通道",,gk cet4 cet6 ky toefl ielts,1617,2518
chaos,'keiɒs,"n. 大混乱, 混沌\n[化] 混沌; 浑沌",,gk cet4 cet6 ky toefl ielts gre,4091,3727
chapter,'tʃæptә,"n. 章, 篇, 重要章节\n[计] 章; 段",,gk cet4 cet6 ky ielts,593,2976
character,'kærәktә,"n. 个性, 字符, 人物, 性质, 品格, 资格\n[计] 字符",,gk cet4 cet6 ky toefl,805,786
characteristic,.kærәktә'ristik,"n. 特性, 特征, 特色\na. 特性的, 特有的, 有特色的\n[计] 阶; 指数",,gk cet4 cet6 ky toefl ielts gre,1811,2032
characterize,'kærәktәraiz,"vt. 描绘...的特性, 刻划...的性格",,cet4 cet6 ky toefl ielts gre,4894,2859
charge,tʃɑ:dʒ,"n. 指控, 费用, 冲锋, 电荷, 炸药, 主管, 被托管人, 命令\nvt. 控诉, 加罪于, 使充满, 使充电, 使承担\nvi. 冲锋, 要价, 收费",,gk cet4 cet6 ky toefl ielts,675,923
charity,'tʃæriti,"n. 慈悲, 博爱, 慈善团体, 施舍\n[法] 宽大, 宽恕, 慈善机关",,cet4 cet6 ky toefl ielts gre,2008,3287
charming,'tʃɑ:miŋ,"a. 迷人的, 有吸引力的",,cet4 cet6,4555,5189
chart,tʃɑ:t,"n. 图表, 海图\nvt. 制成图表\n[计] 图表",,gk cet4 cet6 ky toefl ielts,2961,2743
chase,tʃeis,"n. 追求, 狩猎, 追逐\nvt. 追捕, 追逐, 雕刻, 在...上镶嵌宝石\nvi. 追赶, 奔跑",,cet4 cet6 ky ielts gre,3378,3312
cheat,tʃi:t,"n. 欺骗, 作弊, 骗子\nv. 欺骗, 逃脱, 骗取",,zk gk cet4 cet6 ky,5936,4369
cheek,tʃi:k,"n. 颊, 厚颜, 脸蛋\n[医] 颊",,gk cet4 cet6 ky,2456,2674
cheer,tʃiә,"n. 愉快, 振奋, 欢呼\nvi. 欢呼, 喝彩, 快活起来\nvt. 使振奋, 欢呼",,zk gk cet4 cet6 ky ielts,5070,4621
cheerful,'tʃiәful,"a. 快活的, 高兴的, 兴高采烈的",,gk cet4 cet6 ielts,5041,7309
cheese,tʃi:z,n. 乳酪\n[化] 干酪,,zk gk cet4 ky ielts,2717,2104
chemical,'kemikl,"n. 化学药品\na. 化学的, 化学上用的",,gk cet4 cet6 ky,2548,2617
chemist,'kemist,"n. 化学家, 药剂师\n[化] 化学家; 化学师; 化学工作者; 药剂师; 药房",,gk cet4 cet6 ky ielts,5034,9185
chemistry,'kemistri,"n. 化学, 化学过程\n[化] 化学",,zk gk cet4 cet6 ky ielts,3555,4736
cheque,tʃek,n. 支票,,gk cet4 cet6 ky,2753,31750
cherry,'tʃeri,"n. 樱桃, 樱桃树, 樱桃色\n[医] 樱桃",,cet4 ky,7088,5582
chess,tʃes,n. 国际象棋\n[建] 雀麦,,zk gk cet4 cet6 ky,7065,6948
chest,tʃest,"n. 胸, 胸部, 衣柜, 箱子\n[医] 胸, 胸廓",,zk gk cet4 cet6 ky toefl ielts,2213,1717
chew,tʃu:,"vt. 咀嚼, 嚼碎\nvi. 咀嚼, 细想\nn. 咀嚼, 咀嚼物",,gk cet4 cet6 ky ielts,5661,4631
chicken,'tʃikin,"n. 小鸡, 鸡肉",,zk gk cet4 cet6 ky,3030,1538
chief,tʃi:f,"n. 领袖, 酋长, 长官, 主要部分\na. 主要的, 首位的",,gk cet4 ky toefl ielts,1283,1446
childhood,'tʃaildhud,n. 孩童时期\n[医] 儿童期,,gk cet4 ky,2746,2107
childish,'tʃaildiʃ,"a. 天真的, 孩子气的",,cet4,8733,11788
chill,tʃil,"n. 寒冷, 寒意, 失意\na. 寒冷的, 冷漠的\nvt. 使寒心, 冷冻\nvi. 变冷",,cet4 cet6 ky toefl ielts,6652,4618
chimney,'tʃimni,"n. 烟囱, 灯罩\n[电] 烟囱",,gk cet4 cet6 ky,5724,8321
chin,tʃin,"n. 下巴, 颏\n[医] 颏",,cet4 cet6 ky ielts,4221,3947
chocolate,'tʃɒkәlit,n. 巧克力\na. 巧克力制的,,zk gk cet4 ky ielts,3142,2636
choice,tʃɒis,"n. 选择, 精选品, 选择权\na. 精选的, 挑三拣四的, 上等的\n[计] DOS内部命令:在批处理文件中\n该命令用于提示用户作出选择, 决定批处理文件的流程",,zk gk cet4 cet6 ky toefl ielts gre,725,630
choke,tʃәuk,"vt. 窒息, 阻塞, 噎, 抑制\nvi. 窒息, 阻塞, 噎\nn. 窒息, 噎, 阻气门",,gk cet4 cet6 ky toefl ielts gre,6075,5223
choose,tʃu:z,"vt. 选择, 宁愿, 欲\nvi. 作出选择, 愿意\n[计] 选取",,zk gk cet4 ky toefl,594,600
chop,tʃɒp,"n. 肋条肉, 排骨, 砍, 戳记, 商标\nvt. 剁碎, 砍, 切击, 割断\nvi. 砍, 突然转向",,cet4 cet6 ky toefl ielts,5669,3964
Christian,'kristʃәn,"n. 基督徒, 正派人\na. 基督的, 基督教的",,gk cet4 cet6 ky toefl ielts,22058,1271
Christmas,'krismәs,n. 圣诞节,,zk gk cet4 ky,1142,1232
church,tʃә:tʃ,"n. 教堂, 礼拜, 教会\nvt. 使人接受宗教仪式\na. 教堂的",,zk gk cet4 ky ielts,393,648
cigarette,.sigә'ret,"n. 香烟, 纸烟",,gk cet4,2393,2111
circle,'sә:kl,"n. 圆周, 社交圈, 循环, 范围\nvt. 围着, 环绕\nvi. 盘旋, 循环",,zk gk cet4 cet6 ky toefl ielts,1832,1506
circuit,'sә:kit,"n. 电路, 环(行)道, 巡回\n[计] 线路; 电路",,gk cet4 cet6 ky toefl ielts gre,2539,4023
circular,'sә:kjulә,"a. 圆形的, 循环的, 间接的\n[医] 环状的, 循环的",,cet4 cet6 ky toefl gre,4711,6749
circulate,'sә:kjuleit,"v. (使)流通, (使)循环, (使)传播",,gk cet4 cet6 ky toefl ielts gre,4483,5888
circumference,sә'kʌmfәrәns,"n. 圆周, 周缘, 胸围\n[医] 周缘, 环状面",,cet4 cet6 ky toefl ielts gre,15114,15774
circumstance,'sә:kәmstәns,"n. 环境, 状况, 事件",,gk cet4 cet6 toefl ielts,905,1780
citizen,'sitizn,"n. 市民, 公民\n[法] 公民, 国民, 市民",,gk cet4 cet6 ky,1924,1084
civil,'sivәl,"a. 市民的, 公民的, 有礼貌的\n[法] 公民的, 国民的, 民用的",,gk cet4 cet6 ky toefl gre,1158,1050
civilian,si'viljәn,"n. 平民, 民法专家\na. 平民的, 百姓的, 民用的",,gk cet4 cet6 ky toefl ielts gre,5055,3219
civilization,si.vilai'zeiʃәn,"n. 文明, 教化\n[法] 文明, 文化, 文明国家的总称",,gk cet4 cet6 ky toefl,6655,3459
civilize,'sivilaiz,"vt. 使开化, 使文明\nvi. 变文明",,cet4 cet6 ky,37707,27624
claim,kleim,"n. 要求, 要求权, 断言, 权利\nvt. 要求, 认领, 主张\nvi. 提出要求, 主张, 断言",,cet4 cet6 ky toefl ielts gre,533,874
clap,klæp,"n. 拍手, 拍手声, 霹雳声, 花柳病\nv. 鼓掌, (使)啪地关上",,zk gk cet4 cet6 ky toefl,8015,6723
clarify,'klærifai,"vi. 澄清, 阐明\nvt. 使明晰",,gk cet4 cet6 ky toefl ielts gre,4552,5050
clasp,klɑ:sp,"n. 扣子, 钩, 紧握\nv. 扣紧, 紧握",,cet4 cet6 ky ielts gre,7433,8998
classic,'klæsik,"n. 古典作品, 杰作, 大艺术家\na. 第一流的, 最优秀的, 古典的",,gk cet4 cet6 ky ielts,2967,2616
classical,'klæsikl,"a. 古典的, 正统派的, 经典的\n[医] 古典的; 标准的, 典型的",,gk cet4 cet6 ky ielts,2562,3489
classification,.klæsifi'keiʃәn,"n. 分类, 分级\n[化] 分级; 分粒; 分类",,cet4 cet6 ky toefl,3753,5891
classify,'klæsifai,"vt. 分类, 归类, 分等\n[建] 分类, 分级, 分粒",,gk cet4 cet6 ky toefl ielts gre,4168,4515
classmate,'klɑ:smeit,n. 同班同学,,zk gk cet4 ky,18807,5247
claw,klɒ:,"n. 爪, 螯, 抓伤\nv. 用爪抓, 挖, 搜刮",,gk cet4 cet6 ky toefl,8058,6934
clay,klei,"n. 泥土, 肉体, 黏土\n[化] 粘土",,gk cet4 cet6 ky toefl gre,3961,4771
clearly,'kliәli,adv. 清楚地,,gk cet4,650,846
clerk,klә:k,"n. 办事员, 职员, 文书\nvi. 当店员",,gk cet4 ky toefl,2959,3877
clever,'klevә,"a. 聪明的, 精明的",,zk gk cet4 ky ielts,3025,4978
cliff,klif,"n. 悬崖, 绝壁",,cet4 cet6 ky toefl ielts,3551,4312
climate,'klaimit,"n. 气候, 社会趋势, 气候区\n[医] 气候",,gk cet4 ky toefl,2643,2103
climb,klaim,"v. 攀登, 上升, 爬\nn. 攀登, 爬升",,zk gk cet4 cet6 ky,1646,1566
cloak,klәuk,"n. 斗蓬, 大氅, 掩护\nvt. 遮掩, 隐匿, 使披斗蓬",,cet4 cet6 ky,6563,8441
clock,klɒk,"n. 时钟, 计时器, (袜子上的)绣花边花\nvt. 绣花样, 记时, 记录\nvi. 记录时间\n[计] 时钟",,zk gk cet4 ky ielts,2543,2635
closely,'klәusli,adv. 接近地,,cet4,1715,2038
cloth,klɒ:θ. klɒθ,"n. 布料, 织品, 布\n[建] 布",,gk cet4 ky ielts,3307,3540
clothe,klәuð,"vt. 给...穿衣, 盖上, 赋予",,cet4 ky,9871,10775
clothing,'klәuðiŋ,n. 衣服,,gk cet4 ky toefl ielts,3372,2650
club,klʌb,"n. 俱乐部, 木棍, 球棒\nvt. 用棍棒打, 缴纳\nvi. 联合起来\na. 俱乐部的",,zk gk cet4 ky ielts,493,1257
clue,klu:,"n. 线索, 暗示\nvt. 暗示, 提供线索",,cet4 cet6 ky toefl ielts,3489,3331
clumsy,'klʌmzi,"a. 笨拙的, 不雅观的, 粗陋的",,gk cet4 cet6 ky toefl ielts gre,8653,9209
coach,kәutʃ,"n. 四轮大马车, 教练\nvt. 训练, 指导\nvi. 坐马车旅行, 作指导",,zk gk cet4 cet6 ky toefl ielts,2347,1033
coal,kәul,"n. 煤, 木炭\nv. 加煤",,zk gk cet4 cet6 ky,1761,3336
coarse,kɒ:s,"a. 粗糙的, 下等的, 粗俗的\n[计] 粗略的",,cet4 cet6 ky toefl ielts gre,7031,7903
coast,kәust,"n. 海岸, 滑坡\nv. 沿海岸而行",,zk gk cet4 cet6 ky,1854,2436
coat,kәut,"n. 外套\nvt. 外面覆盖, 给...穿外套",,zk gk cet4 ky toefl,2138,2247
cock,kɒk,"n. 公鸡, 雄禽, 龙头, 头目, 锥形小干草堆\nvt. 使耸立, 使竖起, 堆成锥形小干草堆\nvi. 大摇大摆地走, 翘起",,gk cet4 cet6 ky,7962,8484
code,kәud,"n. 代码, 密码, 法规, 法典\nvt. 把...编码\n[计] 代码",,cet4 ky ielts gre,1469,1648
coil,kɒil,"n. 线圈, 盘绕, 骚动, 卷\nvt. 盘绕, 卷",,cet4 cet6 ky toefl ielts,7984,9217
coin,kɒin,"n. 硬币, 金钱, 货币\nvt. 铸币, 创造, 杜撰",,zk gk cet4 cet6 ky toefl ielts,2964,4376
cold,kәuld,"n. 感冒, 寒冷\na. 寒冷的, 冷淡的, 冷静的\nadv. 完全地",,zk gk cet4 ky,972,885
collaborate,kә'læbәreit,"vi. 合作, 勾结\n[法] 合作, 合著, 通敌",,cet4 cet6 ky toefl gre,7961,6388
collapse,kә'læps,"n. 崩溃, 倒塌, 虚脱\nvi. 倒塌, 崩溃, 瓦解\nvt. 使倒塌, 折叠\n[计] 折叠",,cet4 cet6 ky toefl ielts gre,3094,3212
collar,'kɒlә,"n. 衣领, 颈圈\nvt. 控制, 扭住衣领, 给...装上领子",,gk cet4 cet6 ky gre,4205,4548
colleague,'kɒli:g,"n. 同事, 同僚",,gk cet4 cet6 ky toefl,1338,1518
collect,kә'lekt,"v. 收集, 聚集, 集中, 搜集\na. 由收到者付款的\nadv. 由收到者付款地",,zk gk cet4 cet6 ky,1222,1318
collection,kә'lekʃәn,"n. 收集, 采集, (一批)收藏品, 募捐\n[医] 收集; 收集品, 标本",,gk cet4 cet6 ky ielts gre,1038,1045
collective,kә'leiktiv,"a. 集体的, 聚集的, 共同的\n[医] 集体的, 集合的",,cet4 cet6 ky toefl,3132,3342
collision,kә'liʒәn,"n. 碰撞, 冲突, 抵触\n[计] 冲突",,gk cet4 cet6 ky toefl ielts gre,6488,5633
colonel,'kә:nәl,"n. 陆军上校, 长官",,cet4 cet6 ky toefl,3566,6593
colony,'kɒlәni,"n. 殖民地, 移民队\n[医] 菌(集)落, 菌丛; 移民区",,cet4 cet6 ky toefl ielts gre,3443,3673
color,'kʌlә,"n. 颜色, 面色, 颜料, 外貌\nvt. 把...涂上颜色, 粉饰, 使脸红, 歪曲\nvi. 变色",,cet4 ky ielts,24372,697
column,'kɒlәm,"n. 专栏, 圆柱, 纵队, 列, 柱形物\n[计] 列, 柱形图",,cet4 cet6 ky ielts,2007,2074
comb,kәum,"n. 头梳, 鸡冠\nvt. 梳头发, 梳毛\nvi. (浪)涌起",,gk cet4 cet6 ky,9845,7329
combination,.kɒmbi'neiʃәn,"n. 组合, 合并, 联合\n[计] 组合图",,cet4 cet6 ky toefl,1732,1808
combine,kәm'bain,"v. (使)联合, (使)结合\nn. (企业的)联合, 联合收割机",,gk cet4 cet6 ky toefl ielts,1581,1448
comedy,'kɒmidi,"n. 喜剧, 有趣的事情",,gk cet4 cet6 ky toefl ielts,4172,3216
comfort,'kʌmfәt,"n. 舒适, 安慰, 安慰者\nvt. 安慰",,gk cet4 cet6 ky,2827,2928
comfortable,'kʌmfәtәbl,"a. 舒服的, 轻松的\nn. 盖被",,zk gk cet4 cet6 ky ielts,2195,1701
command,kә'mɑ:nd,"n. 命令, 指挥, 控制, 部队, 司令部\nv. 命令, 指挥, 控制\n[计] 命令; 指令; DOS外部命令:启动新的命令处理器",,gk cet4 cet6 ky,2166,2378
commander,kә'mɑ:ndә,"n. 司令官, 指挥官",,cet4 cet6 toefl,3134,2355
comment,'kɒment,"n. 注解, 批评, 评论, 备注\nvi. 评论, 注解\n[计] 备注",,gk cet4 cet6 ky toefl ielts,1279,1363
commerce,'kɒmә:s,"n. 商业, 商务, 贸易\n[经] 商业, 贸易, 商务",,cet4 cet6 ky toefl,4189,4647
commercial,kә'mә:ʃәl,"a. 商业的, 商用的, 商品化的\nn. 商业广告节目",,cet4 cet6 ky toefl ielts,1235,1027
commission,kә'miʃәn,"n. 委任状, 任官令, 所委职责, 佣金, 犯, 委托, 所托之事\nvt. 委任, 委托制作, 使服役",,cet4 cet6 ky toefl ielts gre,898,2379
commit,kә'mit,"vt. 委托(托付), 犯罪, 指派...作战, 使承担义务\n[法] 犯, 做, 把...交托给",,gk cet4 cet6 ky toefl ielts gre,1393,1394
commitment,kә'mitmәnt,"n. 委托, 交押, 承担义务, 赞助\n[医] 院禁",,gk cet4 cet6 toefl ielts,1355,1616
committee,kә'miti,n. 委员会\n[经] 委员会,,gk cet4 cet6 ky toefl ielts,450,1428
common,'kɒmәn,"a. 通常的, 共同的, 通俗的, 公共的\n[计] 公用块",,zk gk cet4 cet6 ky ielts,554,710
commonly,'kɒmәnli,"adv. 一般, 普通, 通常",,cet4 cet6,2983,3755
communicate,kә'mju:nikeit,"vt. 显露, 传达, 感染\nvi. 通讯",,zk gk cet4 cet6 ky toefl gre,3006,2672
communication,kә.mju:ni'keiʃәn,"n. 交流, 交通, 通讯\n[计] 通信",,zk gk cet4 cet6 ky toefl ielts,1039,1250
communism,'kɒmjunizm,n. 共产主义,,gk cet4 cet6 ky,5758,7085
communist,'kɒmjunist,"n. 共产主义者, 共产党员\n[法] 共产主义的, 共产党的",,gk cet4 cet6,2146,5543
community,kә'mju:niti,"n. 社区, 公众, 共有, 共同体\n[经] 公众, 共有, 社会",,cet4 cet6 ky toefl ielts,335,296
companion,kәm'pænjәn,"n. 朋友, 陪伴, 指南, 升降口围罩\nvt. 陪伴",,gk cet4 cet6 ky toefl ielts gre,3024,3547
comparable,'kɒmpәrәbl,"a. 可比较的, 比得上的",,cet4 cet6 ky toefl ielts,3741,4639
comparative,kәm'pærәtiv,"a. 比较的, 相对的\nn. 对手",,cet4 cet6 ky toefl,4586,6267
comparatively,kәm'pærәtivli,"adv. 比较地, 相对地",,cet4 toefl,5019,10073
compare,kәm'pєә,"vt. 比较, 比喻, 对照\nvi. 相比\nn. 比较\n[计] 比较",,zk gk cet4 cet6 ky toefl ielts,773,831
comparison,kәm'pærisn,"n. 比较, 对照, 比喻\n[经] 比较, 对比",,cet4 ky gre,1968,2166
compass,'kʌmpәs,"n. 指南针, 范围, 音域\nvt. 包围, 达到, 图谋, 理解",,gk cet4 cet6 ky toefl ielts gre,7064,7958
compel,kәm'pel,"vt. 强迫, 迫使",,cet4 cet6 ky toefl ielts gre,4965,4449
compete,kәm'pi:t,"vi. 竞争, 对抗",,gk cet4 cet6 ky toefl gre,2583,2065
competent,'kɒmpitәnt,"a. 能干的, 胜任的, 有效的, 足够的\n[经] 有权的, 授权的, 胜任的",,cet4 cet6 ky toefl,4995,5797
competition,.kɒmpi'tiʃәn,"n. 竞争, 竞赛\n[经] 竞争, 竞销, 比赛",,zk gk cet4 cet6 ky toefl ielts,992,1345
competitive,kәm'petitiv,a. 竞争的\n[经] 竞争的,,cet4 cet6 ky ielts,2363,2307
compile,kәm'pail,"vt. 编译, 编辑, 编纂, 收集\n[计] 编译",,cet4 cet6 ky toefl ielts gre,4566,5289
complain,kәm'plein,"v. 抱怨, 抗议, 控诉",,cet4 cet6 ky toefl,2033,1859
complaint,kәm'pleint,"n. 诉苦, 抱怨, 控诉\n[医] 陈诉; 病",,cet4 cet6 ky toefl ielts,1996,2325
complete,kәm'pli:t,"a. 完全的, 十足的, 完成的\nvt. 完成, 完工, 使圆满",,zk gk cet4 cet6 ky toefl ielts,998,1207
completely,kәm'pli:tli,"adv. 完全地, 十分地, 圆满地",,cet4 cet6,1163,1169
complex,kәm'pleks,"n. 综合体, 情结, 络合物\na. 复杂的, 组合的",,gk cet4 cet6 ky toefl ielts,1339,1598
complicate,'kɒmplikeit,"vt. 弄复杂, 使错综, 使恶化\nvi. 变复杂",,cet4 cet6 ky toefl gre,9479,5983
complicated,'kɒmplikeitid,a. 复杂的\n[医] 并发的,,cet4 cet6 ky toefl ielts,2736,2750
component,kәm'pәunәnt,"n. 元件, 组件, 成分\na. 组成的, 构成的\n[计] 组件",,gk cet4 cet6 ky toefl ielts gre,1631,1760
compose,kәm'pәuz,"vt. 组成, 写作, 作曲, 使平静\nvi. 创作, 排字\n[计] 编写",,cet4 cet6 ky toefl ielts gre,3128,3379
composition,kɒmpә'ziʃәn,"n. 作文, 创作, 组成\n[化] 成分; 组成",,zk gk cet4 cet6 ky toefl ielts,2911,3000
compound,kәm'paund,"n. 混合物, 复合词, 化合物, 院子\na. 复合的, 混合的, 化合的\nvi. 化合, 和解, 妥协\nvt. 使复合, 使化合",,cet4 cet6 ky toefl ielts gre,3595,3428
comprehension,.kɒmpri'henʃәn,"n. 理解, 包含",,gk cet4 cet6 ky toefl,7886,7826
comprehensive,.kɒmpri'hensiv,"a. 广泛的, 有理解力的, 综合的\n[经] 广泛的, 综合的, 全面的",,cet4 cet6 ky toefl gre,2442,2896
compress,kәm'pres,"vt. 压缩, 压紧\nvi. 受压缩小\n[计] 压缩程序",,cet4 cet6 ky toefl ielts gre,9573,9510
comprise,kәm'praiz,"vt. 包含, 构成",,cet4 cet6 ky toefl ielts,2504,4392
compromise,'kɒmprәmaiz,"n. 妥协, 折中, 折中方案, 和解\nvi. 妥协处理\nvt. 危害",,gk cet4 cet6 ky toefl ielts gre,3685,3751
compute,kәm'pju:t,"v. 计算, 估算\nn. 计算, 估算",,cet4 cet6 ky toefl ielts,10477,7824
comrade,'kɒmreid,"n. 同志, 伙伴",,gk cet4 cet6 ky,6545,7425
conceal,kәn'si:l,"vt. 隐藏, 掩盖, 隐瞒\n[法] 隐瞒, 隐匿, 保守秘密",,cet4 cet6 ky toefl ielts gre,3994,5148
concentrate,'kɒnsәntreit,"n. 浓缩, 精选\nv. 集中, 专心",,gk cet4 cet6 ky ielts gre,1341,2358
concentration,.kɒnsәn'treiʃәn,"n. 集中, 专心\n[化] 浓度; 浓缩",,cet4 cet6 ky,1564,2752
concept,'kɒnsept,"n. 观念, 概念\n[医] 概念",,gk cet4 cet6 ky toefl,1101,1158
concern,kәn'sә:n,"n. 关心, 忧虑\nvt. 与...有关, 使担心, 使挂念",,gk cet4 cet6 ky ielts,836,717
concerning,kәn'sә:niŋ,prep. 关于\n[法] 关于,,cet4 cet6 ky toefl,2659,3395
concert,'kɒnsәt,"n. 音乐会, 和声, 一致\nvt. 协力, 协调\nvi. 协力\n[计] 美国北卡罗来纳州Internet网",,zk gk cet4 cet6 ky toefl ielts,2941,2515
conclude,kәn'klu:d,"vt. 结束, 作结论, 推断\nvi. 结束, 推断",,gk cet4 cet6 ky toefl,1687,1670
conclusion,kәn'klu:ʒәn,"n. 结论, 结尾, 推论\n[法] 缔结, 结论, 推论",,gk cet4 cet6 ky ielts,1282,1666
concrete,'kɒnkri:t,"n. 凝结物, 混凝土\na. 具体的, 实在的, 混凝土的\nv. (使)凝结, 用混凝土浇筑",,gk cet4 cet6 ky toefl ielts gre,3840,3310
condemn,kәn'dem,"vt. 判刑, 责备, 谴责\n[法] 定罪, 判刑, 宣告有罪",,gk cet4 cet6 ky toefl ielts gre,3223,4138
condense,kәn'dens,"vt. 使浓缩, 使压缩, 缩短\nvi. 浓缩, 凝结",,cet4 cet6 ky toefl ielts gre,13961,13674
condition,kәn'diʃәn,"n. 情况, 条件\nvt. 使健康, 以...为条件, 决定, 使适应\n[计] 条件",,zk gk cet4 cet6 ky toefl ielts,399,629
conduct,"'kɔndʌkt, -dәkt","n. 行为, 举动, 指导\nvt. 为人, 指挥, 管理, 实施\nvi. 领导, 传导, 指挥",,gk cet4 cet6 ky toefl gre,1792,1162
conductor,kәn'dʌktә,"n. 领导者, 指挥者, 售票员, 向导\n[化] 导体",,gk cet4 cet6 ky toefl,6176,5912
conference,'kɒnfәrәns,"n. 会议\n[经] 会议, 讨论会, 协商会",,zk gk cet4 cet6 ky toefl ielts gre,890,965
confess,kәn'fes,"v. 承认, 坦白, 忏悔, 供认",,cet4 cet6 ky toefl ielts gre,4102,3950
confidence,'kɒnfidәns,n. 信心\n[电] 可靠,,cet4 cet6 ky toefl ielts gre,1342,1870
confident,'kɒnfidәnt,"a. 有信心的, 有把握的",,gk cet4 cet6 ky toefl ielts,2580,2866
confine,kәn'fain,"vt. 限制, 使不外出, 禁闭\nvi. 邻接, 交界\nn. 边缘, 范围, 区域",,cet4 cet6 ky toefl ielts gre,2898,5337
confirm,kәn'fә:m,"vt. 证实, 确定, 批准, 使巩固\n[计] 确认",,gk cet4 cet6 ky toefl ielts gre,1156,1851
conflict,'kɒnflikt,"n. 战斗, 冲突, 矛盾, 争执\nvi. 争执, 战斗, 冲突, 抵触\n[计] 冲突",,gk cet4 cet6 ky toefl ielts gre,1364,1179
confuse,kәn'fju:z,"vt. 使混乱, 使狼狈, 使困惑\n[法] 混淆",,gk cet4 cet6 ky toefl ielts,4666,3518
confusion,kәn'fju:ʒәn,"n. 混乱, 混淆, 无秩序\n[计] 含混",,cet4 cet6 ky toefl ielts,2692,3335
congratulate,kәn'grætʃәleit,"vt. 祝贺, 庆贺",,gk cet4 cet6 ky,6017,8361
congratulation,kәn.grætʃә'leiʃәn,"n. 祝贺, 恭喜",,gk cet4 cet6 ky toefl,23287,0
congress,'kɒŋgres,"n. 国会, 会议, 讨论会\n[医] 会议, 会合",,cet4 cet6 ky toefl ielts,1695,638
conjunction,kәn'dʒʌŋkʃәn,"n. 连接词, 联合, 结合\n[计] 合取",,cet4 cet6 ky toefl ielts gre,11901,7557
connect,kә'nekt,"v. 连接, 联合, 联系",,zk gk cet4 cet6 ky toefl,2042,1636
connection,kә'nekʃәn,"n. 连接, 关系, 前后关系\n[计] 连接",,gk cet4 cet6 ky toefl,1669,1421
conquer,'kɒŋkә,"vt. 克服, 征服, 战胜\nvi. 得胜",,cet4 cet6 ky toefl ielts gre,7582,6737
conquest,'kɒŋkwest,"n. 战胜, 征服, 战利品\n[法] 征服, 赢得, 获得",,cet4 cet6 ky ielts gre,6507,7652
conscience,'kɒnʃәns,"n. 良心\n[法] 良心, 道德感, 正义感",,gk cet4 cet6 ky toefl ielts gre,4273,4641
conscious,'kɒnʃәs,"a. 有意识的, 知觉的, 觉察的\n[医] 有意识的, 清醒的",,cet4 cet6 ky toefl ielts,2633,3845
consciousness,'kɒnʃәsnis,"n. 意识, 知觉, 自觉\n[医] (有)意识, 清醒",,cet4 cet6 toefl,2985,3224
consent,kәn'sent,"n. 同意, 许可\nvi. 同意, 赞同",,cet4 cet6 ky ielts gre,2503,4391
consequence,'kɒnsikwәns,"n. 结果, 重要性\n[法] 结果, 后果, 推断",,gk cet4 cet6 ky toefl ielts gre,1234,1626
consequently,'kɒnsikwәntli,adv. 所以,,cet4 cet6 ky toefl,3023,4363
conservation,.kɒnsә'veiʃәn,"n. 保护, 保存\n[医] 保存",,gk cet4 cet6 ky toefl ielts,3076,2820
Conservative,kәn'sә:vәtiv,"a. 保守的, 守旧的, 有保存力的\n[化] 防腐剂; 保存剂",,gk cet4 cet6 ky toefl ielts gre,1497,1837
conserve,kәn'sә:v,"n. 蜜饯, 果酱\nvt. 保存, 使(能量等)守恒",,cet4 cet6 ky toefl ielts gre,7632,7938
consider,kәn'sidŋ,"v. 考虑, 思考, 认为",,zk gk cet4 cet6 ky toefl,312,394
considerable,kәn'sidәrәbl,"a. 相当的, 可观的, 重要的",,cet4 cet6 ky toefl ielts gre,1042,2855
considerate,kәn'sidәrit,"a. 体贴的, 体谅的, 考虑周到的",,gk cet4 cet6 ky toefl ielts,13960,17092
consideration,kәn.sidә'reiʃәn,"n. 考虑, 原因\n[法] 考虑, 思考, 报酬",,gk cet4 cet6 ky toefl,1248,2487
consist,kәn'sist,"vi. 组成, 存在于, 一致",,gk cet4 cet6 ky toefl ielts,1493,2190
consistent,kәn'sistәnt,"a. 一致的, 坚持的, 并立的, 坚固的",,gk cet4 cet6 ky toefl gre,2670,2225
constant,'kɒnstәnt,"n. 常数, 恒量\na. 不变的, 一定的, 时常的\n[计] 常量; 常数; 恒值",,gk cet4 cet6 ky toefl ielts gre,1915,2386
constitution,.kɒnsti'tju:ʃәn,"n. 构成, 宪法, 体格\n[医] 体质; 结构, 组织",,gk cet4 cet6 ky toefl ielts gre,2148,3917
construct,kәn'strʌkt,"vt. 构造, 建造, 对...进行构思, 作图\nn. 构成物",,gk cet4 cet6 ky toefl gre,2058,2477
construction,kәn'strʌkʃәn,"n. 建筑, 构造, 建筑物\n[化] 施工",,gk cet4 cet6 ky toefl ielts,1442,1415
consult,kәn'sʌlt,"vi. 商讨, 商量, 协商, 会诊\nvt. 向...请教, 查阅, 考虑",,gk cet4 cet6 ky toefl ielts,2826,3591
consume,kәn'sju:m,"vt. 消耗, 消费, 消灭\nvi. 耗尽, 毁灭",,gk cet4 cet6 ky toefl,3627,3006
consumer,kәn'sju:mә,"n. 消费者\n[经] 消费者, 用户",,cet4 cet6 toefl ielts,1428,1052
consumption,kәn'sʌmpʃәn,"n. 消费, 消费量, 痨病\n[化] 消耗量; 耗量",,cet4 cet6 ky toefl ielts,2561,3146
contact,'kɒntækt,"n. 联系, 交际, 熟人, 接触\nvi. 接触, 联系\nvt. 使接触",,cet4 cet6 ky toefl ielts gre,1196,1480
contain,kәn'tein,"vt. 包含, 容纳, 控制\nvi. 自制",,gk cet4 cet6 ky toefl gre,559,931
container,kәn'teinә,"n. 容器, 集装箱\n[化] 集装箱; 贮存箱; 容器(任何一种)",,gk cet4 cet6 ky toefl ielts,4126,3361
contemporary,kәn'tempәrәri,"n. 同时代的人\na. 同时代的, 属于同一时期的",,gk cet4 cet6 ky toefl ielts,2068,1947
contempt,kәn'tempt,"n. 轻视, 轻蔑\n[法] 藐视, 侮辱, 轻视",,cet4 cet6 ky toefl ielts gre,4753,6277
content,kәn'tent,"n. 内容, 满足, 意义, 要旨\na. 满足的, 满意的\nvt. 使...满足, 使...安心\n[计] 内容",,gk cet4 cet6 ky toefl ielts gre,1281,1732
contest,'kɒntest,"n. 竞赛, 争论\nvt. 竞争, 争取, 争辩\nvi. 竞争",,cet4 cet6 ky ielts gre,3919,3062
continent,'kɒntinәnt,"n. 大陆, 洲\na. 自制的",,gk cet4 cet6 ky toefl gre,3626,4022
continual,kәn'tinjuәl,"a. 持续不断的, 继续的\n[建] 连续的",,cet4 cet6 ky toefl,7561,10050
continue,kәn'tinju:,"vi. 继续, 延续, 延长\nvt. 使继续, 使延长",,zk gk cet4 cet6 ky,323,293
continuous,kәn'tinjuәs,"a. 连续的, 继续的, 连续不断的\n[计] 连续的",,cet4 cet6 ky toefl,2936,3422
contract,'kɒntrækt,"n. 合约, 婚约, 契约\nvt. 使皱缩, 使缩短, 感染, 订约, 缔结\nvi. 皱缩, 订约, 收缩",,cet4 cet6 ky toefl ielts gre,628,1269
contradiction,.kɒntrә'dikʃәn,"n. 反驳, 矛盾\n[法] 矛盾, 否认, 反驳",,cet4 cet6 ky ielts,4353,5451
contrary,'kɒntrәri,"a. 相反的, 矛盾的, 对立的\nn. 相反, 对立面\nadv. 相反地",,gk cet4 cet6 ky toefl,4761,5495
contrast,kәn'træst,"n. 差别, 对比, 对照物\nvt. 使对比\nvi. 成对照\n[计] 反差; 对比度",,cet4 cet6 ky toefl ielts gre,1451,1762
contribute,kәn'tribju:t,"vt. 有助于, 捐助, 投稿\nvi. 出力, 捐献, 投稿",,gk cet4 cet6 ky toefl ielts,1483,1312
contribution,.kɒntri'bju:ʃәn,"n. 捐助, 捐助之物, 贡献\n[经] 贡献, 捐款, 补助品",,gk cet4 ky ielts,1201,1776
control,kәn'trәul,"n. 控制, 管理, 克制, 控制器, 操纵装置\nvt. 控制, 操纵, 抑制\n[计] 控制; 控制器",,zk gk cet4 ky ielts gre,339,432
convenience,kә'vi:njәns,"n. 方便, 便利的事物, 方便的时候",,gk cet4 cet6 ky toefl ielts gre,5559,4892
convenient,kәn'vi:njәnt,"a. 方便的, 合宜的\n[法] 适当的, 合理而可行的, 方便的",,gk cet4 cet6 ky toefl ielts,3494,5368
convention,kәn'venʃәn,"n. 大会, 协定, 惯例, 约定\n[计] 约定",,cet4 cet6 ky toefl ielts,1947,2472
conventional,kәn'venʃәnl,"a. 传统的, 习惯的, 约定的\n[经] 惯例的, 常规的, 传统的",,gk cet4 cet6 ky toefl gre,2253,2554
conversely,'kɔnv\\\\:sli,"adv. 相反, 逆, 颠倒, 反题, 反",,cet4 cet6 ky ielts,6671,8066
conversion,kәn'vә:ʃәn,"n. 转变, 转换, 改变宗教信仰, 换位法\n[计] 转换",,cet4 cet6 ky toefl ielts,3129,4664
convert,kәn'vә:t,"n. 皈依者, 改变宗教信仰者\nvt. 使改变信仰, 转换, 兑换, 倒置\nvi. 皈依\n[计] 转换",,cet4 cet6 ky toefl ielts gre,2245,2895
convey,kәn'vei,"vt. 传达, 运输, 转让\n[经] 转让(财产等), 搬运",,gk cet4 cet6 ky toefl ielts gre,3682,3756
convince,kәn'vins,"vt. 说服, 使相信\n[法] 使确信, 使信服, 使人认识错误",,gk cet4 cet6 ky toefl ielts gre,3203,2039
cooperate,kәu'ɒpәreit,"vi. 合作, 协力, 配合\n[化] 合作",,cet4 cet6 ky toefl ielts gre,8712,4015
coordinate,kәu'ɒ:dineit,"n. 同等的人(或物), 坐标\na. 同等的, 并列的\nv. (使)协调",,cet4 cet6 ky toefl ielts gre,7991,4847
cope,kәup,"vi. 竞争, 应付\nn. 长袍",,cet4 cet6 ky toefl,1779,3198
copper,'kɒpә,"n. 铜, 警察\n[化] 铜Cu",,cet4 cet6 ky toefl,3656,5053
cord,kɒ:d,"n. 绳索, 束缚\n[医] 索, 带",,cet4 cet6 ky toefl gre,5654,4314
cordial,'kɒ:djәl,"n. 兴奋剂, 补品\na. 热忱的, 诚恳的, 有兴奋作用的",,cet4 cet6 ky toefl ielts gre,19234,14433
CORE,kɒ:,"n. 核心, 果心, 要点\nvt. 挖...的核\n[计] 内核, 核心网",,cet4 cet6 ky toefl gre,2380,1954
corn,kɒ:n,"n. 玉蜀黍, 谷类, 谷粒, 鸡眼\nvt. 使成颗粒, 腌",,gk cet4 cet6 ky toefl,4957,2448
corporation,.kɒ:pә'reiʃәn,"n. 公司, 合作, 法人团体\n[法] 法人团体, 社团, 法人",,gk cet4 cet6 ky ielts,2025,2602
correct,kә'rekt,"a. 正确的, 合适的\nvt. 改正, 订正",,zk gk cet4 ky toefl,1580,1794
correction,kә'rekʃәn,"n. 订正, 改正, 改正的地方\n[化] 校正",,gk cet4 cet6,5971,5966
correspond,.kɒri'spɒnd,"vi. 符合, 通信, 相当\n[法] 符合, 一致, 相当",,gk cet4 cet6 ky toefl ielts,3234,5415
correspondent,.kɒri'spɒndәnt,"n. 通讯记者, 通信者\n[经] 客户, 代理商行, 代理银行",,cet4 cet6 ky ielts gre,3253,2934
corresponding,.kɒri'spɒndiŋ,"a. 相当的, 一致的, 通信的\n[计] 对应",,cet4 cet6 ky toefl ielts,4630,7426
corridor,'kɒridɒ:,"n. 走廊, 回廊, 人口密集地带",,cet4 cet6 ky toefl,2823,3474
costly,'kɒstli,"a. 昂贵的, 奢华的, 费用大的",,cet4 cet6 ky ielts,4943,4286
cottage,'kɒtidʒ,"n. 小屋, 茅舍",,gk cet4 cet6 ky ielts,2224,4765
cotton,'kɒtn,"n. 棉花\nvi. 和谐, 有好感, 理解",,zk gk cet4 ky toefl ielts,3222,3136
cough,kɒf,n. 咳嗽\nvi. 咳嗽\nvt. 咳出,,zk gk cet4 ky ielts,5757,6157
council,'kaunsәl,"n. 会议, 委员会\n[经] 委员会",,cet4 cet6 ky ielts,251,2612
count,kaunt,"vt. 计算, 视为\nvi. 计数\nn. 计算, 合计, 计数, 伯爵\n[计] 计数",,zk gk cet4 cet6 ky,1830,1331
counter,'kauntә,"n. 计算器, 计算者, 柜台, 筹码\na. 反方向的, 相反的\nadv. 反方向地, 相反地\n[计] 计数器; 计数字",,gk cet4 cet6 ky ielts,3493,2830
county,'kaunti,"n. 县, 郡",,cet4 cet6 ky,784,1516
couple,'kʌpl,"n. 对, 夫妇, 数个\nvt. 使成双, 连接, 使成婚, 把...联系起来\nvi. 结合, 成婚",,zk gk cet4 ky toefl,727,531
courage,'kʌridʒ,"n. 勇气, 胆量",,zk gk cet4 cet6 ky,3640,3324
course,kɒ:s,"n. 课程, 路线, 过程, 一道菜, 道路\nv. 追, (使)跑",,zk gk cet4 cet6 ky ielts,347,418
court,kɒ:t,"n. 法院, 庭院, 奉承\nvt. 献殷勤, 追求, 招致\nvi. 求爱",,gk cet4 cet6 ky toefl gre,254,541
cousin,'kʌzәn,"n. 堂兄弟姊妹, 表兄弟姊妹\n[法] 同辈表亲或堂亲",,zk gk cet4 cet6 ky,3010,2714
cow,kau,"n. 母牛, 母兽\nvt. 威胁",,zk gk cet4 cet6 ky gre,2944,3078
coward,'kauәd,"n. 懦弱的人, 胆小的人",,cet4 cet6 ky ielts gre,14789,11476
crack,kræk,"n. 裂缝, 爆裂声\nv. (使)爆裂, (使)裂开, (使)发出爆裂声\na. 第一流的\nadv. 啪地一声",,cet4 cet6 ky toefl ielts gre,3688,3008
craft,kræft,"n. 技艺, 手艺, 诡计\nvt. 精心制作",,cet4 cet6 ky toefl ielts gre,3022,2839
crane,krein,"n. 鹤, 起重机\nvt. 伸颈, 起重机起吊\nvi. 伸颈看, 迟疑",,cet4 cet6 ky,8536,8390
crash,kræʃ,"n. 哗啦声, 猛撞, 崩溃, 粗布\nv. 撞碎, 破碎, (使)...坠毁\na. 速成的\n[计] 崩溃",,gk cet4 cet6 ky toefl ielts,3197,2837
crawl,krɒ:l,"n. 爬行, 匍匐而行, 养鱼池\nv. 爬行",,cet4 cet6 ky toefl ielts,5004,3836
crazy,'kreizi,"a. 发狂的, 狂热的",,zk gk cet4 cet6 ky toefl,3837,1803
cream,kri:m,"n. 乳酪, 奶油, 面霜\n[医] 乳油, 乳皮; 乳膏, 霜",,gk cet4 cet6 ky ielts,2546,2008
create,kri:'eit,"vt. 创造, 建造, 引起, 任命",,zk gk cet4 cet6 ky ielts,449,332
creative,kri:'eitiv,"a. 有创造力的, 创作的, 产生的",,cet4 cet6 ky,3029,2050
creature,'kri:tʃә,"n. 人, 动物, 创造物, 生物",,gk cet4 cet6 ky,2268,2353
creep,kri:p,"n. 爬, 徐行, 蠕动\nvi. 爬, 蔓延, 潜行",,cet4 cet6 ky toefl ielts gre,4156,5099
crew,kru:,"n. 全体人员, 一群人, 全体队员\ncrow的过去式",,gk cet4 cet6 ky toefl,2202,1706
cricket,'krikit,"n. 蟋蟀, 板球",,cet4 cet6 ky ielts,2496,8382
crime,kraim,"n. 犯罪, 罪行, 罪恶\n[法] 犯罪, 罪, 罪恶",,gk cet4 cet6 ky ielts,1125,828
criminal,'kriminәl,"n. 罪犯, 犯人, 刑事\na. 犯了罪的, 刑事的, 有罪的",,gk cet4 cet6 ky ielts,2063,1953
cripple,'kripl,"n. 跛者, 残废\nvt. 使跛, 使成残废, 削弱\na. 跛的, 残废的",,cet4 cet6 ky toefl ielts gre,11135,9401
crisis,'kraisis,"n. 危机, 危险期, 紧要关头\n[医] 危象; 骤退, 临界, 极期",,cet4 cet6 ky ielts,1467,1206
critic,'kritik,"n. 批评家, 鉴定家",,cet4 cet6 ky toefl gre,2271,1355
critical,'kritikәl,"a. 批评的, 决定性的, 危险的, 临界的\n[医] 危象的; 临界的, 极期的",,cet4 cet6 ky toefl ielts gre,1616,1126
criticism,'kritisizm,"n. 批评, 评论, 非难\n[法] 批判, 批评, 评论",,cet4 cet6 ky,1587,2093
criticize,'kritisaiz,"v. 批评, 吹毛求疵, 非难",,cet4 cet6 ky,4040,2550
crop,krɒp,"n. 农作物, 产量, 平头\nvt. 收割, 修剪, 种植\nvi. 收获\n[计] 裁剪",,gk cet4 cet6 ky,2655,2461
cross,krɒs,"n. 十字架, 十字架形物件, 交叉, 十字标, 交叉路, 磨难, 杂交\na. 生气的, 交叉的, 相反的\nv. 交叉, 横过, 越过\n[计] 交叉, 十字标",,zk gk cet4 cet6 ky toefl gre,1352,1391
crow,krәu,"n. 啼叫, 乌鸦, 鸡鸣, 撬棍\nvi. 啼叫, 报晓",,cet4 cet6 ky toefl,9901,8402
crowd,kraud,"n. 群众, 一伙人\nvt. 拥挤, 挤满, 挤进",,gk cet4 cet6 ky toefl,1686,1270
crown,kraun,"n. 王冠, 王权, 顶点\nvt. 使成王, 加冕, 居...之顶",,cet4 cet6 ky ielts gre,1760,5097
crucial,'kru:ʃәl,"a. 决定性的, 重要的, 严厉的\n[医] 十字形的; 决断的, 定局的",,cet4 cet6 ky toefl ielts gre,2013,2397
crude,kru:d,"a. 天然的, 未成熟的, 粗糙的, 粗鲁的\nn. 天然的物质",,cet4 cet6 ky toefl ielts,4502,5015
cruel,'kru:әl,"a. 残酷的, 令人极痛苦的\n[法] 残忍的, 残酷的",,zk gk cet4 cet6 ky toefl,4471,4762
crush,krʌʃ,"n. 压碎, 粉碎, 群众, 迷恋\nvt. 压破, 征服, 塞, 弄皱, 榨出\nvi. 被压碎, 起皱, 挤",,cet4 cet6 ky toefl ielts,4964,4311
crust,krʌst,"n. 外壳, 坚硬外皮, 面包皮\nvt. 盖以硬皮\nvi. 结硬皮",,cet4 cet6 ky toefl ielts gre,7209,5659
crystal,'kristl,"n. 水晶, 水晶装饰品, 结晶\na. 水晶的, 水晶一样的, 透明的",,cet4 cet6 ky toefl ielts,3419,3574
cube,kju:b,"n. 立方体, 立方\n[机] 立方体, 立方",,gk cet4 cet6 ky toefl ielts,7702,5725
cubic,'kju:bik,"a. 立方体的, 立方的\n[机] 立方的, 立方体的",,gk cet4 cet6 toefl,10327,7772
cucumber,'kju:kәmbә,"n. 黄瓜\n[医] 黄瓜, 胡瓜",,cet4 cet6 ky toefl ielts,12343,8294
cue,kju:,"n. 提示, 线索\nvt. 给...暗示(或提示)\n[计] 尾接指令",,cet4 cet6 ky toefl ielts gre,6463,4874
cultivate,'kʌltiveit,"vt. 培养, 耕作",,cet4 cet6 ky toefl ielts gre,6415,5574
culture,'kʌltʃә,"n. 文化, 修养, 耕种\nvt. 耕种, 培养",,zk gk cet4 cet6 ky toefl ielts,983,611
cunning,'kʌniŋ,"a. 狡猾的, 巧妙的, 可爱的\n[法] 狡猾的的, 狡诈的, 熟练的",,cet4 cet6 ky toefl ielts gre,9717,12813
cupboard,'kʌpbɒ:d,"n. 食橱, 碗柜, 餐具柜",,gk cet4 cet6 ky toefl ielts,3692,9358
cure,kjuә,"n. 治疗, 治愈, 治疗法\nvt. 治疗, 治愈, 改正, 腌制, 加工处理, 使硫化\nvi. 受治疗, 被加工处理, 被硫化",,gk cet4 cet6 ky toefl ielts,5242,4579
curiosity,.kjuәri'ɒsiti,"n. 好奇心, 新奇的事物, 珍品",,cet4 cet6 ky toefl,5059,4518
curious,'kjuәriәs,"a. 好奇的, 求知的, 古怪的",,gk cet4 cet6 ky toefl,3304,3112
curl,kә:l,"n. 拳曲, 鬈发\nvt. 弄卷\nvi. 拳曲, 弯曲",,cet4 cet6 ky ielts,5141,5151
current,'kʌrәnt,"n. 涌流, 趋势, 流\na. 流通的, 现在的, 当前的, 流行的\n[计] 当前的",,cet4 cet6 ky toefl ielts,755,652
curse,kә:s,"n. 咒骂, 诅咒\nvt. 诅咒, 咒骂",,cet4 cet6 ky ielts,6677,5761
curtain,'kә:tәn,"n. 帐, 幕, 窗帘\nvt. 装帘子于, 遮蔽",,gk cet4 cet6 ky toefl,2492,3622
curve,kә:v,"n. 曲线, 弯曲, 曲线球\nvt. 弯, 使弯曲\nvi. 成曲形",,cet4 cet6 ky toefl ielts,2506,3462
cushion,'kuʃәn,"n. 垫子, 橡皮软垫\nvt. 加垫褥, 缓冲, 掩盖",,gk cet4 cet6 ky toefl ielts gre,6092,6893
custom,'kʌstәm,"n. 习惯, 风俗, 海关, 自定义\na. 定制的\n[计] 定制; 自定义",,gk cet4 cet6 ky toefl ielts,2344,2993
customer,'kʌstәmә,n. 消费者\n[化] 顾客,,gk cet4 cet6 ky toefl ielts,879,1098
cycle,'saikl,"n. 周期, 循环, 自行车, 一段时间, 整套\nvi. 循环, 轮转, 骑自行车\nvt. 使循环, 使轮转\n[计] 环路; 周期; 循环",,gk cet4 cet6 ky ielts,2200,2220
daily,'deili,"a. 每日的, 日常的\nadv. 每日地, 日常地\nn. 日报",,zk gk cet4 ky ielts,1702,1483
dairy,'dєәri,"n. 牛奶公司, 乳品店, 乳牛场",,cet4 cet6 ky toefl ielts,5628,5750
dam,dæm,"n. 水坝, 障碍\nv. 控制, 筑坝\n[计] 直接存取法",,gk cet4 cet6 ky toefl ielts,6532,4399
damage,'dæmidʒ,"n. 损害, 伤害\nv. 损害",,gk cet4 cet6 ky ielts,1074,1522
damp,dæmp,"n. 潮湿, 湿气\na. 潮湿的\nvt. 使潮湿, 使阻尼, 抑止\nvi. 变潮湿, 衰减",,gk cet4 cet6 ky toefl ielts gre,3845,5562
danger,'deindʒә,"n. 危险, 威胁\n[法] 危险, 危险物, 危机",,zk gk cet4 ky ielts,1264,1546
dangerous,'deindʒәrәs,"a. 危险的\n[法] 危险的, 危害的",,zk gk cet4 ky toefl ielts,1609,1457
dare,dєә,"n. 挑战, 挑动, 大胆\nv. 敢, 胆敢",,zk gk cet4 cet6 ky,3210,3348
daring,'dєәriŋ,a. 大胆的,,cet4 cet6 toefl,9571,9273
darling,'dɑ:liŋ,"n. 亲爱的, 可爱的人, 可爱的物\na. 可爱的, 亲爱的",,cet4 ky,3264,6421
dash,dæʃ,"n. 冲撞, 破折号, 短跑\nvi. 猛冲, 冲撞\nvt. 泼溅, 使猛撞, 搀和, 使破灭, 使沮丧",,gk cet4 cet6 ky ielts,5634,6336
data,'deitә,"pl. 资料, 数据\n[计] 数据; DOS内部命令:用于显示或设定系统的日期",,gk cet4 ky ielts,552,559
dawn,dɒ:n,"n. 破晓, 黎明\nvi. 破晓",,gk cet4 cet6 ky toefl ielts,4374,4004
daylight,'deilait,"n. 白昼, 日光\nvt. 使沐浴于日光\nvi. 享有日光",,gk cet4 ky,5270,5997
deadly,'dedli,"a. 致命的, 致死的\nadv. 非常, 如死一般地",,cet4 ky toefl ielts,6026,3513
deaf,def,a. 聋的\n[医] 聋的,,zk gk cet4 ky ielts,2897,6755
deal,di:l,"n. 交易, 协定, 数量, 买卖, 松木板\nvi. 处理, 应付, 做生意\nvt. 分配, 发牌, 给予\n[计] 发牌",,zk gk cet4 cet6 ky toefl,595,674
death,deθ,n. 死亡\n[医] 死亡,,zk gk cet4 ky,414,417
debate,di'beit,"n. 辩论, 讨论\nv. 争论, 辩论",,gk cet4 cet6 ky toefl gre,1210,1082
debt,det,"n. 债务, 罪过\n[经] 借款, 欠款, 债务",,gk cet4 cet6 ky toefl ielts,1320,1871
decade,'dekeid,"n. 十年, 十",,gk cet4 cet6 ky ielts,1539,730
decay,di'kei,"n. 衰退, 腐败\nv. (使)衰退, (使)腐败",,cet4 cet6 ky toefl ielts,6007,7931
deceit,di'si:t,"n. 欺骗, 谎言\n[经] 诈骗, 欺骗",,cet4 cet6 ky toefl gre,14500,15761
deceive,di'si:v,"v. 欺骗, 行骗",,cet4 cet6 ky toefl ielts,6916,8388
decent,'di:sәnt,"a. 有分寸的, 得体的, 大方的",,cet4 cet6 ky toefl ielts gre,3681,3878
decision,di'siʒәn,"n. 决定, 决心, 决断\n[计] 判定",,zk gk cet4 cet6 ky ielts,381,479
deck,dek,"n. 甲板, (汽车后部的)行李仓\nvt. 装饰, 打扮, 装甲板\n[计] 纸牌背面图案",,cet4 cet6 ky toefl ielts,3922,2788
declare,di'klєә,"v. 宣布, 声明, 申报, 断言",,gk cet4 cet6 ky toefl ielts,1534,1736
decline,di'klain,"n. 衰退, 跌落, 下降\nvt. 使降低, 婉谢\nvi. 下降, 衰落, 偏斜",,gk cet4 cet6 ky toefl ielts gre,2190,2000
decorate,'dekәreit,v. 装饰,,gk cet4 cet6 ky toefl ielts gre,3957,4327
decrease,'di:kri:s,"n. 减少, 减少量\nv. 减少",,gk cet4 cet6 ky toefl ielts,4237,3370
deduce,di'dju:s,"vt. 推论, 演绎出\n[法] 推断, 推出, 演绎",,cet4 cet6 ky ielts gre,7733,13290
deed,di:d,"n. 行为, 实行, 契约\nvt. 立契转让",,gk cet4 cet6 ky gre,4742,5766
deepen,'dipәn,"vi. 深化\nvt. 使加深, 使强烈",,cet4 cet6,6881,6730
deer,diә,n. 鹿,,gk cet4 cet6 ky,6143,2911
defeat,di'fi:t,"n. 败北, 失败\nvt. 击败, 使落空",,gk cet4 cet6 ky toefl ielts,2560,3326
defect,di'fekt,"n. 缺点\n[医] 缺损, 缺陷",,cet4 cet6 ky toefl ielts gre,4403,5946
defence,di'fens,"n. 防卫, 防卫设备\n[经] (诉讼程序中的)辩护",,gk cet4 cet6 ky ielts,788,21674
defend,di'fend,"vt. 防护, 辩护, 防卫\n[法] 作...的辩护律师, 辩护, 为...答辩",,gk cet4 cet6 ky toefl,2130,1750
define,di'fain,"vt. 定义, 规定, 使明确\n[计] 定义",,cet4 cet6 ky,1053,1210
definite,'definit,"a. 明确的, 一定的\n[法] 明确的, 确切的, 一定的",,cet4 cet6 ky toefl ielts gre,4082,6780
definitely,'definitli,"adv. 明确无疑地, 清楚地",,cet4 cet6 toefl,2589,1991
definition,.defi'niʃәn,"n. 定义, 精确度, 清晰度\n[计] 清晰度; 清晰度",,cet4 cet6 ky toefl gre,1533,2110
degree,di'gri:,"n. 程度, 度数, 学位, 度\n[医] 度, 程度",,zk gk cet4 cet6 ky ielts,763,789
delay,di'lei,"n. 耽搁, 迟滞\nv. 耽搁, 延迟\n[计] 延迟, 延时",,gk cet4 cet6 ky toefl ielts,2530,3105
delegate,'deligeit,n. 代表\nvt. 委派...为代表,,cet4 cet6 ky toefl ielts gre,3730,5227
delegation,.deli'geiʃәn,"n. 代表团, 派遣代表团, 代表的地位(或权力)\n[经] 派遣, 委任, 委托",,cet4 cet6,3893,5697
delete,di'li:t,vt. 删除\n[计] 删除,,gk cet4 ky toefl ielts,5794,8051
deliberate,di'libәrәt,"a. 深思熟虑的, 故意的, 从容的\nv. 仔细考虑",,cet4 cet6 ky toefl ielts gre,4700,6343
deliberately,di'libәrәtli,adv. 故意地,,gk cet4 cet6 toefl,2806,4592
delicate,'delikәt,"a. 细致优雅的, 微妙的, 美味的\n[医] 柔弱的",,gk cet4 cet6 ky toefl ielts gre,3775,3787
delicious,di'liʃәs,a. 美味的,,zk gk cet4 ky toefl ielts,5437,4985
delight,di'lait,"n. 高兴, 愉快\nvt. 使高兴, 乐于\nvi. 感到高兴(或愉快、快乐)",,gk cet4 cet6 ky,3393,4890
deliver,di'livә,"vt. 递送, 陈述, 释放, 发表, 引渡, 投递, 交付\n[经] 交运",,gk cet4 ky ielts,1459,1288
delivery,di'livәri,"n. 递送, 交付, 分娩, 交货, 引渡\n[化] 交货额",,cet4 cet6 ky ielts,2169,2804
demand,di'mɑ:nd,"n. 要求, 需求, 需要\nv. 要求, 查询",,gk cet4 cet6 ky gre,723,1287
democracy,di'mɒkrәsi,"n. 民主政治, 民主主义\n[法] 民主, 民主政治, 民主政体",,cet4 cet6 ky toefl ielts,1981,1502
democratic,.demә'krætik,"a. 民主的\n[法] 民主的, 民主政体的, 平民的",,cet4 cet6 ky,1605,853
demonstrate,'demәnstreit,"vt. 示范, 证明\nvi. 示威",,cet4 cet6 ky toefl ielts gre,1392,1379
dense,dens,"a. 密集的, 浓厚的",,cet4 cet6 ky toefl ielts,5996,4864
density,'densiti,n. 密度\n[化] 密度,,cet4 cet6 ky toefl,3745,4513
deny,di'nai,"v. 否认, 拒绝",,cet4 cet6 ky toefl ielts,1258,1406
depart,di'pɑ:t,"vi. 离开, 出发, 背离, 违反, 去世",,cet4 cet6 ky toefl ielts,4497,4829
department,di'pɑ:tmәnt,"n. 部门, 系, 机关\n[医] 部, 科",,gk cet4 cet6 ky ielts,447,1198
departure,di'pɑ:tʃә,"n. 离开, 出发, 违背, 偏离\n[经] 启运",,gk cet4 cet6 ky toefl,2903,3867
depend,di'pend,"vi. 靠, 视...而定, 信赖",,zk gk cet4 cet6 ky,987,1475
dependent,di'pendәnt,"n. 依赖他人者\na. 依赖的, 从属的",,cet4 cet6 ky toefl ielts,2356,3201
deposit,di'pɒzit,"n. 存款, 定金, 堆积物\nvt. 存放, 堆积\nvi. 沉淀",,gk cet4 cet6 ky toefl ielts gre,2384,4692
depress,di'pres,"vt. 使沮丧, 压低, 降低, 使萧条\n[化] 推下",,cet4 cet6 ky toefl ielts,9471,11421
depression,di'preʃәn,"n. 不景气, 消沉, 沮丧, 洼地\n[医] 抑郁[症], 阻抑, 压低, 凹, 窝, 衰退, 俯角",,cet4 cet6 ky toefl ielts gre,3114,2095
depth,depθ,"n. 深度, 深处, 深奥\n[计] 深度",,gk cet4 cet6 ky ielts,2159,2555
deputy,'depjuti,n. 副手，代理人,,cet4 cet6 ky toefl ielts gre,1827,2568
derive,di'raiv,vt. 得自\nvi. 起源,,cet4 cet6 ky toefl ielts,1798,3051
descend,di'send,"vi. 下降, 世代相传, 屈尊, 袭击\nvt. 下降",,cet4 cet6 ky toefl ielts gre,3971,4006
describe,di'skraib,"vt. 描述, 描绘, 画",,zk gk cet4 cet6 ky,398,568
description,di'skripʃәn,"n. 描述, 说明, 种类\n[经] 说明书(物品), 品名种类, 货物名称",,gk cet4 cet6 ky ielts,1441,2171
desert,'dezәt. di'sә:t,"n. 沙漠, 应得的赏罚, 功劳\na. 沙漠的, 不毛的\nvt. 放弃, 遗弃, 擅离\nvi. 逃掉",,gk cet4 cet6 ky toefl ielts gre,3426,2196
deserve,di'zә:v,"vt. 该得到, 值得\nvi. 应得报答",,gk cet4 cet6 ky toefl ielts,2627,2224
design,di'zain,"n. 设计, 图样, 方案, 企图\nv. 设计, 计划",,gk cet4 cet6 ky toefl ielts,679,834
desirable,di'zairәbl,"a. 令人想望的, 可取的",,cet4 cet6 ky toefl ielts gre,3408,5313
desire,di'zaiә,"n. 欲望, 要求\nvt. 想要, 请求\nvi. 渴望",,gk cet4 cet6 ky toefl ielts,1629,1551
despair,di'spєә,"n. 绝望, 失望\nvi. 绝望",,cet4 cet6 ky ielts,4747,5427
desperate,'despәrәt,"a. 不顾一切的, 危急的, 令人绝望的, 极渴望的",,gk cet4 cet6 ky toefl ielts gre,2935,3091
despise,di'spaiz,vt. 轻视,,cet4 cet6 ky toefl ielts gre,7960,9016
despite,di'spait,"n. 轻视, 憎恨\nprep. 虽然, 尽管",,cet4 cet6 ky,686,742
destination,.desti'neiʃәn,"n. 目的地, 目标, 目的\n[计] 目的文件, 目的单元",,gk cet4 cet6 ky toefl ielts,4309,3883
destroy,di'strɒi,"vt. 破坏, 毁坏, 消灭",,gk cet4 cet6 ky,1521,1418
destruction,di'strʌkʃәn,"n. 破坏, 毁灭\n[医] 破坏",,cet4 cet6 ky toefl,3111,2685
destructive,di'strʌktiv,"a. 毁灭性的, 破坏的, 有害的\n[医] 破坏的, 毁坏的",,cet4 cet6 ky toefl ielts,6370,5818
detail,'di:teil,"n. 细节, 详情\nvt. 详述, 选派\nvi. 画详图\n[计] 详细数据",,cet4 cet6 ky ielts,566,997
detect,di'tekt,"vt. 发现, 察觉, 探测\n[法] 发现, 查明, 探测",,cet4 cet6 ky toefl ielts,2502,2763
detection,di'tekʃәn,"n. 发现, 察觉, 探测\n[计] 检波; 检测",,cet4 cet6 gre,6133,6216
determination,di.tә:mi'neiʃәn,"n. 决心, 果断\n[化] 判定; 测定",,gk cet4 cet6 toefl ielts gre,2788,3846
determine,di'tә:min,"v. 决定, 决心",,gk cet4 cet6 ky toefl,845,773
device,di'vais,"n. 装置, 设计, 策略, 发明物, 设备\n[计] 设备; DOS内部命令:该命令要求DOS安装一个设备驱动程序",,cet4 cet6 ky toefl,1825,1507
devil,'devәl,"n. 魔鬼\nvt. 折磨, 戏弄",,cet4 cet6 ky,3542,4907
devise,di'vaiz,"vt. 设计, 发明, 图谋, 遗赠给\nn. 遗赠",,cet4 cet6 ky toefl ielts gre,3220,4960
devote,di'vәut,"vt. 投入于, 献身",,gk cet4 cet6 ky toefl ielts,3407,3225
dew,dju:,"n. 露珠, 露水\nvt. (用露水)沾湿\nvi. 结露水",,cet4 cet6 ky,14303,14536
diagram,'daiәɡræm,n. 图表；图解,,gk cet4 cet6 ky toefl ielts gre,3855,7324
dial,'daiәl,"n. 刻度盘, 钟面, 转盘\nv. 拨",,gk cet4 cet6 ky ielts,8621,6092
dialect,'daiәlekt,"n. 方言, 同源语",,cet4 cet6 ky toefl ielts gre,7189,10722
dialog,'daiәlɒg,"n. 会话, 对话\n[计] 对话",,cet4 cet6 ky,29502,16198
diameter,dai'æmitә,"n. 直径\n[医] 直经, 径",,cet4 cet6 ky toefl ielts gre,4613,5253
diamond,'daiәmәnd,"n. 钻石, 菱形\n[计] 菱形",,gk cet4 cet6 ky,3941,4044
diary,'daiәri,n. 日记\n[经] 日记簿,,zk gk cet4 cet6 ky ielts,2934,4334
dictate,'dikteit,"vi. 听写, 口述, 口授\nvt. 口述, 使听写, 命令\nn. 命令, 指挥, 指令",,cet4 cet6 ky toefl ielts gre,4665,4933
dictation,dik'teiʃәn,"n. 听写, 口述, 命令",,gk cet4 cet6 ky ielts,20641,21756
diet,'daiәt,"n. 日常饮食, 议会\nvt. 照规定饮食\nvi. 忌食",,gk cet4 cet6 ky toefl ielts,1964,2139
differ,'difә,"vi. 不一致, 不同\n[机] 差异, 不同",,gk cet4 cet6 ky ielts,2552,2990
difference,'difәrәns,"n. 不同, 差异\n[计] 差分",,zk gk cet4 ky ielts,528,496
difficulty,'difikәlti,"n. 困难, 难点",,zk gk cet4 ky ielts,760,1686
digest,di'dʒest,"n. 文摘\nvi. 消化\nvt. 消化, 理解\n[计] 摘要",,gk cet4 cet6 ky toefl ielts,7573,9447
digital,'didʒitәl,"a. 数字显示的, 数字的\nn. 数字仪表, 数字式电子表(或时钟)\n[计] 数字, 数字式",,gk cet4 cet6 ky ielts,3598,2356
diligent,'dilidʒәnt,"a. 勤勉的, 用功的",,cet4 cet6 ky toefl ielts,18419,14139
dim,dim,"a. 暗淡的, 模糊的\nvt. 使暗淡\n[计] 数据解释模块",,cet4 cet6 ky toefl ielts gre,7081,5733
dimension,dai'menʃәn,"n. 尺寸, 次元, 面积, 维数\nvt. 标出尺寸",,gk cet4 cet6 ky toefl ielts gre,2699,2420
dip,dip,"v. 浸, 降下, 把(手、勺等)伸入, 舀取\nn. 浸, 涉猎\n[计] 双列直插式组件, 分布式输入输出系统, 双排直插封装",,gk cet4 cet6 ky ielts,4987,4532
direct,di'rekt,"a. 直接的, 坦白的\nvt. 指示, 指挥, 命令, 导演\nvi. 指导, 指挥\nadv. 直接地",,zk gk cet4 cet6 ky toefl ielts,960,1478
direction,di'rekʃәn,"n. 方向, 指导, 趋势\n[计] 方向; 流向",,zk gk cet4 cet6 ky,910,928
directly,"di'rektli, dai'rektli","adv. 径直地, 直接地, 直率地, 正好地, 直截了当地, (非正式)立即, 马上\nconj. 一...(就...), 一当...就...\n[计] 直接的",,cet4 cet6 ky,1146,1139
director,di'rektә,"n. 主管, 导演, 董事\n[计] 寻向偶极子; 指挥仪",,zk gk cet4 cet6 ky ielts,603,510
dirt,dә:t,"n. 污垢, 泥土\n[化] 污垢",,gk cet4 ky,5597,2737
disable,dis'eibl,"vt. 使失去能力, 使残废, (律)使无资格\n[计] 使无效, 禁止, 关闭",,cet4 cet6 ky ielts,11465,11005
disadvantage,.disәd'vɑ:ntidʒ,"n. 缺点, 不利, 坏处",,gk cet4 cet6 toefl,3518,6291
disagree,.disә'gri:,"vi. 不一致, 不适宜\n[法] 抵触, 不同意, 争执",,gk cet4 cet6,4677,2679
disappear,.disә'piә,"vi. 消失, 不见",,gk cet4 cet6 ky,1663,1578
disappoint,.disә'pɒint,vt. 使失望,,gk cet4 cet6 ky,9539,8204
disapprove,.disә'pru:v,v. 不赞成,,cet4,8455,10671
disaster,di'zɑ:stә,"n. 灾祸, 不幸, 彻底失败",,gk cet4 cet6 ky toefl ielts gre,2466,2321
discard,dis'kɑ:d,"vt. 丢弃, 抛弃\nvi. 垫牌\nn. 垫牌, 抛弃",,cet4 cet6 ky toefl ielts gre,5943,5416
discharge,dis'tʃɑ:dʒ,"vt. 卸下, 放出, 解雇, 拔染, 履行, 放电\nvi. 卸货, 流出\nn. 卸货, 流出, 放电",,cet4 cet6 ky toefl ielts gre,4314,6214
discipline,'disiplin,"n. 训练, 纪律\nvt. 训练, 惩罚",,cet4 cet6 ky toefl ielts gre,1450,2278
disclose,dis'klәuz,"vt. 揭露, 透露\n[法] 揭发, 揭露, 公开",,cet4 cet6 ky ielts gre,3879,4420
discount,'diskaunt,"n. 折扣, 贴现率\nvt. 打折扣\nvi. 贴现",,gk cet4 cet6 ky toefl ielts gre,3143,4504
discourage,dis'kʌridʒ,"vt. 使气馁, 阻碍",,gk cet4 cet6 ky toefl,5260,4211
discover,dis'kʌvә,"vt. 发现, 找到, 暴露\nvi. 发现",,zk gk cet4 cet6 ky,923,956
discovery,dis'kʌvәri,"n. 发现, 被发现的事物\n[法] 要求告知, 发现, 发觉",,zk gk cet4 cet6 ky ielts,2453,2227
discrimination,dis.krimi'neiʃәn,"n. 差别, 岐视, 辨别力\n[化] 鉴别",,gk cet4 cet6 ky toefl,3592,3167
discussion,dis'kʌʃәn,n. 讨论,,zk gk cet4 cet6 ielts,860,1041
disease,di'zi:z,"n. 疾病, 弊病\n[医] [疾]病",,zk gk cet4 cet6 ky ielts,931,775
disguise,dis'gaiz,"n. 假面目, 假装\nvt. 假装, 隐瞒",,cet4 cet6 ky ielts gre,5545,7364
disgust,dis'gʌst,"n. 厌恶, 嫌恶\nvi. 令人厌恶\nvt. 使作呕",,cet4 cet6 ky toefl ielts gre,7868,7464
dishonour,dis'ɔnә,"n. 不名誉, 使人丢脸的人/事, 耻辱, 不光彩\nvt. 使丧失名誉, 使受耻辱, 使丢脸, 奸污, 拒收, 无法偿付, 拒付",,cet4 cet6,22127,0
disk,disk,"n. 圆盘, 磁盘\n[计] 磁盘",,cet4 cet6,2518,3761
dislike,dis'laik,"n. 嫌恶\nvt. 讨厌, 不喜欢",,gk cet4 cet6 ky,4949,6813
dismiss,dis'mis,"vt. 解散, 开除, 解职\nvi. 解散\n[计] 解散",,zk gk cet4 cet6 ky toefl ielts,2100,2802
disorder,dis'ɒ:dә,"n. 杂乱, 混乱\nvt. 扰乱, 使失调",,cet4 cet6 ky ielts,3061,2368
display,dis'plei,"n. 显示, 陈列, 炫耀, 显示器\nvt. 陈列, 显示, 表现, 夸示\n[计] 显示器; 显示",,cet4 cet6 ky toefl ielts,1683,2092
displease,dis'pli:z,"v. 使不愉快, 使(人)生气",,cet4 cet6,21416,19965
disposal,dis'pәuzәl,"n. 丢掉, 处理, 排列, 销毁, 布置\n[医] 处理, 处置",,cet4 cet6 ky toefl ielts gre,3208,5580
dispose,dis'pәuz,"vt. 处理, 排列, 布置\nvi. 处置",,cet4 cet6 ky toefl ielts gre,4101,6900
dispute,dis'pju:t,n. 争论\nv. 争论,,cet4 cet6 ky toefl ielts gre,2066,2705
dissatisfy,dis'sætisfai,"vt. 使感觉不满, 不满足",,cet4 cet6,0,0
dissolve,di'zɒlv,"v. 溶解, 解散",,cet4 cet6 ky toefl ielts gre,4108,4295
distance,'distәns,"n. 距离, 远方, 遥远\n[计] 位距",,gk cet4 cet6 ky toefl ielts,1275,1235
distant,'distәnt,"a. 远的, 疏远的\n[经] 远期的",,gk cet4 cet6 ky toefl ielts gre,2745,2630
distinct,dis'tiŋkt,"a. 清楚的, 显著的, 不同的",,cet4 cet6 ky toefl ielts gre,2609,3254
distinction,dis'tiŋkʃәn,n. 区别,,gk cet4 cet6 ky toefl ielts gre,1865,2921
distinguish,dis'tiŋgwiʃ,"v. 区别, 辨别",,gk cet4 cet6 ky toefl ielts,2265,3246
distress,di'stres,"n. 苦恼, 贫困, 痛苦\nvt. 使苦恼\na. 亏本出售的",,cet4 cet6 ky toefl ielts gre,4287,5194
distribute,di'stribju:t,"vt. 分配, 散布, 分发\n[经] 分配, 分发",,gk cet4 cet6 ky toefl ielts gre,2662,2944
distribution,.distrә'bju:ʃәn,n. 分配\n[计] 分布,,cet4 cet6 toefl ielts,1456,2373
district,'distrikt,"n. 区域, 地方\n[医] 地区, 地段",,gk cet4 cet6 ky toefl gre,1071,1266
disturb,dis'tә:b,"vt. 扰乱, 妨碍, 使不安\n[法] 滋扰, 扰乱",,zk gk cet4 cet6 ky toefl ielts,3272,4565
ditch,ditʃ,n. 沟渠\nvt. 在...开沟\nvi. 开沟,,cet4 cet6 ky toefl ielts gre,6459,6890
dive,daiv,"n. 潜水, 跳水\nvi. 跳水, 俯冲, 猛冲\nvt. 把...突然伸入",,gk cet4 cet6 ky toefl,5288,5121
diverse,dai'vә:s,"a. 不同的, 变化多的",,gk cet4 cet6 ky toefl ielts gre,4813,2813
divide,di'vaid,"vi. 分开, 分配, 分裂\nvt. 分, 分开, 分裂, 除\nn. 分配, 分水岭\n[计] 除",,zk gk cet4 ky toefl,1544,1942
division,di'viʒәn,"n. 分, 分开, 除法, 部门(如部、处、系等), 师\n[计] 部分",,gk cet4 cet6 ky toefl,891,1849
divorce,di'vɒ:s,n. 离婚\nvt. 与...离婚,,gk cet4 cet6 ky toefl ielts,3853,2978
dock,dɒk,"n. 码头, 船坞, 被告席, 尾巴的骨肉部分\nvt. 使靠码头, 使(船)进港, 剪短\nvi. 进港",,cet4 cet6 ky ielts gre,3530,4912
document,'dɒkjumәnt,"n. 文件, 公文, 文档\nvt. 证明, 为...引证\n[计] 文档",,gk cet4 cet6 ky toefl gre,1052,1389
domestic,dәu'mestik,"a. 家庭的, 国内的, 驯养的\n[医] 家庭的, 家用的",,cet4 cet6 ky toefl ielts,1381,1547
dominate,'dɒmineit,"v. 支配, 占优势",,cet4 cet6 ky toefl ielts gre,2041,2312
donkey,'dɒŋki,"n. 驴子, 笨蛋, 顽固者, 辅助发动机, 辅助泵",,cet4 ky,7036,9477
dorm,dɒ:m,n. 宿舍,,cet4 cet6 ky,35169,8314
dormitory,'dɒ:mitәri,n. 宿舍,,gk cet4 cet6 toefl,14248,10947
dose,dәus,"n. 剂量, 服用量\nvt. 给药, (用药)医治\nvi. 服药",,cet4 cet6 ky ielts gre,3251,3523
dot,dɒt,"n. 点, 圆点, 小数点, 小东西, 嫁妆\nvt. 作小点记号, 加小点于\nvi. 打上点\n[计] 点",,gk cet4 ky toefl ielts,4132,4480
doubt,daut,"n. 怀疑, 疑惑\nv. 怀疑, 不信",,zk gk cet4 cet6 ky toefl,1183,1906
doubtful,'dautful,"a. 可疑的, 疑心的, 不明确的\n[法] 怀疑的, 有疑问的, 未确的",,cet4 cet6 toefl ielts,4664,9015
doubtless,'dautlis,"a. 无疑的, 确定的\nadv. 无疑地, 确定地",,cet4 cet6 ielts,6022,12222
downstairs,'daun'stєәz,n. 楼下\na. 楼下的\nadv. 在楼下,,zk gk cet4 ky,4046,5467
downward,'daunwәd,a. 向下的,,gk cet4 cet6 ky,8499,8257
dozen,'dʌzn,"n. 打, 十二个\na. 一打的",,zk gk cet4 ky,2371,1194
draft,dræft. drɑ:ft,"n. 气流, 草稿, 汇票, 草案\nvt. 起草, 征兵\n[计] 草稿",,gk cet4 cet6 ky toefl ielts gre,2834,2624
drag,dræg,"n. 拖, 拖累\nv. 拖累, 拖拉, 沉重缓慢地走, 拖动\n[计] 拖动",,gk cet4 cet6 ky toefl,2538,2127
dragon,'drægәn,"n. 龙, 凶暴的人\n[法] 凶恶的人, 凶恶严厉的监护人",,cet4 cet6 ky,4842,5085
drain,drein,"n. 排水沟, 消耗, 排水\nvt. 排出, 喝光, 耗尽\nvi. 排水, 流干",,cet4 cet6 ky toefl ielts gre,3935,3601
drama,'drɑ:mә,"n. 戏剧, 戏剧艺术",,cet4 cet6 ky toefl ielts,2308,2631
dramatic,drә'mætik,"a. 戏剧性的, 生动的",,cet4 cet6 ky toefl ielts,2242,2119
drawer,'drɒ:ә,"n. 抽屉, 开票人\n[计] 抽屉",,zk gk cet4 cet6 ky toefl ielts,4175,4212
drawing,'drɒ:iŋ,"n. 图画, 制图, 拉\n[计] 绘图",,gk cet4 cet6 ky toefl,1892,2521
dread,dred,"n. 恐惧, 可怕的人(或事)\na. 可怕的, 可怖的\nv. 恐惧, 害怕",,cet4 cet6 ky toefl ielts,8728,9181
dream,dri:m,"n. 梦, 空想, 愿望\nv. 做梦, 想象, 梦想",,zk gk cet4 cet6 ky,1513,990
drift,drift,"n. 漂流物, 漂流, 动向\nv. (使)漂流",,cet4 cet6 ky toefl ielts,3522,3599
drill,dril,"n. 钻孔机, 钻子, 播种机, 粗斜纹布\nv. 训练, 钻孔",,gk cet4 cet6 ky toefl ielts gre,5299,4760
drip,drip,n. 水滴\nv. (使)滴下,,cet4 cet6 ky toefl,7196,6019
drop,drɒp,"n. 滴, 微量, 落下, 空投\nvi. 放下, 掉下, 下降\nvt. 使滴下, 放下, 丢失, 遗漏\n[计] 投入, 投入点, 接入点, 分接点",,zk gk cet4 cet6 ky ielts,925,690
drought,draut,"n. 干旱, 缺乏",,cet4 cet6 ky toefl ielts gre,7206,5353
drown,draun,"vi. 淹死\nvt. 把...淹死, 淹没",,gk cet4 cet6 ky ielts,4492,4927
drug,drʌg,"n. 药, 麻药, 麻醉药\nvi. 吸毒\nvt. 使服麻醉药, 使麻木",,zk gk cet4 cet6 ky,963,461
drum,drʌm,"n. 鼓, 鼓声\nvi. 击鼓, 作鼓声\nvt. 打鼓奏出\n[计] 磁鼓",,zk gk cet4 cet6 ky,4171,4116
drunk,drʌŋk,a. 喝醉了的\ndrink的过去式,,gk cet4 cet6 ky,4187,3701
duck,dʌk,"n. 鸭子\nvi. 没入水中, 闪避\nvt. 猛按...入水, 躲避",,zk gk cet4 cet6 ky,3713,3521
due,dju:,"n. 应得的东西, 应付款\na. 到期的, 应得的, 应付的, 约定的",,gk cet4 cet6 ky toefl ielts,1280,1796
dull,dʌl,"a. 钝的, 无趣的, 呆滞的, 阴暗的\nvt. 使迟钝, 使阴暗, 缓和\nvi. 变迟钝, 减少",,gk cet4 cet6 ky toefl ielts gre,3799,5094
dumb,dʌm,"a. 哑的, 不说话的, 无声音的\n[医] 哑的",,cet4 cet6 ky toefl ielts,6703,4659
dump,dʌmp,"n. 垃圾场\nvt. 倾倒, 倾销\nvi. 倒垃圾, 倾销商品\n[计] 转出; 转储; 倾卸; 切断电源",,cet4 cet6 ky toefl ielts,4144,3636
durable,'djurәbl,"a. 持久的, 耐用的",,cet4 cet6 ky toefl ielts,10004,7949
duration,dju'reiʃәn,"n. 持续时间, 持续\n[计] 持续时间",,cet4 cet6 ky toefl ielts gre,3698,5426
dusk,dʌsk,"n. 薄暮, 傍晚, 黄昏\na. 微暗的\nv. (使)微暗",,gk cet4 cet6 ky,7861,7212
dust,dʌst,"n. 灰尘, 尘埃, 粉末, 花粉, 土, 骚乱\nvt. 拂去灰尘, 撒, 弄成粉末\nvi. 拂去灰尘, 化为粉末",,gk cet4 cet6 ky ielts,2933,2263
duty,'dju:ti,"n. 责任, 关税, 职务, 尊敬\n[化] 职责",,zk gk cet4 cet6 ky ielts,846,1752
dwelling,'dweliŋ,n. 住处\n[医] 住房,,cet4 cet6 ky toefl gre,4597,8213
dye,dai,"n. 颜料, 染料\nvt. 染, 染色\nvi. 被着色",,cet4 cet6 ky toefl,7847,8956
dying,'daiiŋ,"a. 垂死的\n[法] 快要死的, 垂死的, 临终的",,cet4 cet6,5268,4582
dynamic,dai'næmik,"a. 动态的, 有活力的, 有力的, 动力的, 不断变化的\nn. 动力, 动态\n[计] 动态的",,gk cet4 cet6 ky toefl ielts gre,4218,3978
eager,'i:gә,"a. 热心的, 渴望的, 热望的",,gk cet4 cet6 ky toefl,4501,3123
eagle,'i:gl,"n. 鹰, 鹰状标饰",,gk cet4 cet6 ky ielts,3850,45890
earn,ә:n,"vt. 赚得, 获得, 博得\n[计] 欧州科学研究网",,gk cet4 ky,1727,1305
earnest,'ә:nist,"n. 定金, 诚挚, 认真\na. 认真的, 热心的, 重要的",,cet4 cet6 ky toefl gre,9569,7000
earthquake,'ә:θkweik,n. 地震,,gk cet4 cet6 ky toefl,6891,4261
ease,i:z,"n. 安乐, 安逸, 悠闲\nvt. 使安乐, 使安心, 减轻, 放松\nvi. 减轻, 放松, 灵活地移动",,gk cet4 cet6 ky ielts,3093,3229
easily,'i:zili,"adv. 容易地, 轻易地, 流利地",,gk cet4,1004,1211
eastern,'i:stәn,"n. 东方人, 东正教徒\na. 东方的, 向东的, 自东的",,gk cet4 ky ielts,1588,1503
echo,'ekәu,"n. 回声, 回音, 回波\nvi. 发回声, 随声附和\nvt. 摹仿, 重复, 反射\n[计] 回显; DOS批处理命令:控制MS-DOS命令是否在屏幕上显示",,cet4 cet6 ky toefl ielts,3517,3424
economic,.i:kә'nɒmik,"a. 经济上的, 实用的, 节省的\n[经] 经济的",,cet4 cet6 ky toefl ielts,402,453
economical,.i:kә'nɒmikәl,"a. 节俭的, 经济的, 合算的\n[经] 经济的, 节约的",,cet4 cet6 ky toefl ielts gre,8485,11250
economics,.i:kә'nɒmiks,n. 经济学\n[经] 经济学,,cet4 cet6 ky toefl ielts,2785,3186
economy,i'kɒnәmi,"n. 经济, 理财, 节约\n[医] 经济, 整体",,cet4 cet6 ky ielts,817,645
edge,edʒ,"n. 边缘, 尖锐, 刀刃, 优势\nvt. 使锐利, 挤进, 镶边\nvi. 缓缓移动",,zk gk cet4 cet6 ky toefl ielts,1081,977
edition,i'diʃәn,"n. 版本, 版, 翻版",,gk cet4 cet6 ky ielts,2537,3155
editor,'editә,"n. 编者, 编辑, 主笔, 编辑器, 编辑装置\n[计] 编辑器",,gk cet4 cet6 ky ielts,1945,1385
editorial,.edi'tɒ:riәl,"n. 社论, 评论\na. 编辑的, 主笔的, 社论的",,cet4 cet6 ky ielts,7108,5008
educate,'edjukeit,"vt. 教育, 培养, 训练",,gk cet4 ky,3663,3033
education,.edju'keiʃәn,"n. 教育, 训练, 教育学\n[医] 教育, 训练",,zk gk cet4 ky toefl ielts,353,376
effect,i'fekt,"n. 结果, 影响, 效果, 印象\nvt. 实行, 引起, 完成\n[计] 效果",,gk cet4 cet6 ky toefl ielts,262,427
effective,i'fektiv,"a. 有效的, 有力的, 实际的\nn. 有生力量",,cet4 cet6 ky toefl ielts,1007,1133
efficiency,i'fiʃәnsi,"n. 效率, 效能, 功效\n[医] 效率, 效力",,cet4 cet6 ky toefl,2306,3047
efficient,i'fiʃәnt,"a. 有效率的, 能干的",,cet4 cet6 ky toefl ielts,2196,2998
effort,'efәt,"n. 努力, 成就",,zk gk cet4 cet6 ky,745,454
eighteen,'ei'ti:n,"num. 十八, 十八个",,zk gk cet4 ky,2690,5480
eighty,'eiti,"num. 八十, 八十个",,zk gk cet4 ky,1944,7486
elaborate,i'læbәreit,"a. 精细的, 详尽的, 精心计划(或制作)的\nvt. 详细地说明, 用心地制作, 发挥\nvi. 变复杂, 作详细说明",,cet4 cet6 ky toefl ielts gre,4707,4630
elastic,i'læstik,"n. 松紧带, 橡皮筋\na. 有弹性的, 能伸缩的, 可通融的",,cet4 cet6 ky ielts,9955,11772
elbow,'elbәu,"n. 手肘, 弯头, 扶手\nv. 用手肘推开, 推挤",,cet4 cet6 ky toefl ielts gre,4155,3512
elder,'eldә,"n. 年长者, 老人, 前辈\na. 年长的, 资深的",,zk gk cet4 ky ielts,5602,4056
elderly,'eldәli,"a. 过了中年的, 稍老的",,cet4 ky ielts,1837,2907
elect,i'lekt,"n. 当选人, 被选的人\na. 被选的, 选出的\nvt. 选举, 选择\nvi. 作选择",,gk cet4 ky,1794,2265
election,i'lekʃәn,"n. 选举, 当选, 选择权\n[法] 选举, 当选",,cet4 cet6 toefl,638,801
electric,i'lektik,"a. 电的, 导电的, 电动的\n[医] 电的",,zk gk cet4 cet6 ky,2469,2696
electrical,i'lektrikәl,"a. 电的, 有关电的\n[医] 电的",,gk cet4 cet6 ky ielts,3190,3789
electricity,.ilek'trisiti,"n. 电, 电流, 电学, 热情, 电力供应\n[化] 电学; 电",,gk cet4 cet6 ky ielts,2296,2719
electron,i'lektrɒn,n. 电子\n[化] 电子,,cet4 cet6 ky toefl,4252,5566
electronic,.ilek'trɒnik,a. 电子的\n[计] 电子工业协会接口,,gk cet4 cet6 ky ielts,2494,2407
electronics,.ilek'trɒniks,n. 电子学\n[计] 电子学,,cet4 cet6 ielts,4397,4863
element,'elimәnt,"n. 元件, 元素, 要素\n[计] 部分; 成分; 单元; 码元; 元件; 元素; 单元",,cet4 cet6 ky toefl,843,1214
elementary,.eli'mentәri,"a. 初步的, 基本的\n[医] 元素的, 基础的, 初级的",,cet4 cet6 ky toefl ielts gre,7127,2511
elephant,'elifәnt,n. 象,,zk gk cet4 cet6 ky,4323,4355
elevator,'eliveitә,"n. 电梯, 升降机\n[化] 提升机",,cet4 cet6 ky toefl ielts,12407,3871
eliminate,i'limineit,"vt. 除去, 排除, 剔除, 消除",,cet4 cet6 ky toefl ielts gre,3110,1838
elimination,i.limi'neiʃәn,"n. 除去, 消除, 消灭\n[化] 消去; 脱去",,cet4 cet6 toefl,7987,7330
elsewhere,'elshwєә,adv. 在别处,,cet4 cet6 ky ielts,1639,2279
embarrass,im'bærәs,"vt. 使困窘, 使局促不安, 阻碍",,gk cet4 cet6 ky toefl ielts gre,9521,7138
embrace,im'breis,"n. 拥抱\nvt. 拥抱, 互相拥抱, 包含, 收买\nvi. 拥抱",,cet4 cet6 ky toefl ielts gre,3968,2473
emerge,i'mә:dʒ,"vi. 浮现, 形成, 出现, (事实)显露",,cet4 cet6 ky toefl ielts,1252,1300
emergency,i'mә:dʒәnsi,"n. 紧急状况, 紧急事件, 紧急需要\n[化] 紧急情况",,gk cet4 cet6 ky ielts gre,2083,1725
emit,i'mit,"vt. 发出, 放射, 发表(意见等), 散发, 发行\n[化] 放射",,cet4 cet6 ky toefl ielts gre,7914,6273
emotion,i'mәuʃәn,"n. 情绪, 激动, 强烈的情感\n[医] 情绪, 情感",,cet4 cet6 ky toefl ielts,2454,2117
emotional,i'mәuʃәnәl,"a. 情绪的, 情感的\n[医] 情绪的",,cet4 cet6 toefl,2389,1617
emperor,'empәrә,"n. 皇帝, 君主",,gk cet4 cet6 ky ielts,3161,7060
emphasis,'emfәsis,"n. 强调, 加强, 重点, 强语气",,cet4 cet6 ky toefl,1719,2346
emphasize,'emfәsaiz,"vt. 强调, 加强语气, 着重",,cet4 cet6 ky toefl ielts,3599,1975
empire,'empaiә,"n. 帝国, 帝权",,gk cet4 cet6 ky,2251,4218
employ,im'plɒi,"n. 雇用\nvt. 雇用, 使用, 使从事于",,gk cet4 cet6 ky toefl,1231,1962
employee,.emplɒi'i:,"n. 职员, 员工, 受雇人员\n[化] 职工; 雇员",,cet4 cet6 ky toefl ielts,1129,930
employer,im'plɒiә,"n. 雇主, 老板\n[经] 雇主, 业主",,cet4 cet6 ky toefl ielts,1318,2297
employment,im'plɒimәnt,"n. 雇用, 职业, 工作\n[经] 职业, 雇用, 职工招请",,cet4 cet6 ky ielts,933,2534
enable,i'neibl,"vt. 使能够\n[计] 允许, 使能, 打开",,cet4 cet6 ky toefl,991,2192
enclose,in'klәuz,"vt. 围绕, 圈起, 放入封套, 附上",,cet4 cet6 ky toefl ielts,4313,8459
encounter,in'kauntә,"n. 相会, 相遇, 遭遇\nvt. 遇见, 邂逅, 会战\nvi. 偶然相遇",,cet4 cet6 ky toefl ielts gre,2892,2712
encourage,in'kʌridʒ,"vt. 鼓励, 支持, 激励\n[法] 怂恿, 煽动, 助长",,zk gk cet4 cet6 ky toefl,881,1184
ending,'endiŋ,"n. 终止, 终了, 收场\n[医] 末梢",,gk cet4 cet6 ky ielts,5246,5188
endless,'endlis,"a. 不停的, 无穷尽的, 无尽的\n[机] 无端的, 环状的",,gk cet4 cet6 toefl,4095,3722
endure,in'djuә,"vt. 忍受, 忍耐, 容忍, 耐\nvi. (正式)持久, 持续\n[计] 仍能工作, 继续工作",,cet4 cet6 ky toefl gre,5274,3650
enemy,'enimi,"n. 敌人, 仇敌, 敌军\na. 敌人的",,zk gk cet4 ky,1860,1596
energy,'enәdʒi,"n. 精力, 精神, 活力, 能量\n[化] 能; 能量",,zk cet4 cet6 ky ielts,765,615
enforce,in'fɒ:s,"vt. 强迫, 执行, 坚持\n[经] 予以强制执行",,cet4 cet6 ky ielts,3577,3545
engage,in'geidʒ,"vi. 答应, 从事, 交战\nvt. 使忙碌, 雇佣, 预定, 使从事于, 使参加",,cet4 cet6 ky toefl ielts,2038,1387
engine,'endʒin,"n. 引擎, 发动机, 机车\nvt. 安装发动机于",,gk cet4 cet6 ky ielts,1374,1569
engineer,.endʒi'niә,"n. 工程师, 工兵\nvt. 设计, 监造, 精明地处理, 策划",,zk gk cet4 cet6 ky ielts,1889,1997
engineering,.endʒi'niәriŋ,"n. 工程学, 工程, 操纵\n[化] 机器; 机器学",,cet4 cet6 ky ielts,1815,2385
Englishman,'iŋgliʃmәn,n. 英国人,,cet4,5313,10271
enhance,in'hæns,"vt. 提高, 加强, 增加",,cet4 cet6 ky toefl ielts gre,2669,2331
enlarge,in'lɑ:dʒ,"vt. 扩大, 增大\nvi. 扩大, 详述",,gk cet4 cet6 ky,6348,7530
enormous,i'nɒ:mәs,"a. 巨大的, 庞大的",,cet4 cet6 ky toefl ielts gre,2120,1994
enroll,in'rәul,"vt. 登记, 使加入\nvi. 参军, 注册",,cet4 cet6 ky toefl ielts,0,3994
ensure,in'ʃuә,"vt. 确定, 保证, 担保, 保护\n[经] 确保, 确定",,cet4 cet6 ky gre,712,1754
enter,'entә,"vt. 进入, 参加, 开始, 输入, 回车\nvi. 进去, 参加\n[计] 输入, 回车",,zk gk cet4 ky,706,709
entertain,.entә'tein,"vt. 娱乐, 招待, 怀抱\nvi. 款待",,cet4 cet6 ky toefl,4478,4949
entertainment,.entә'teinmәnt,"n. 娱乐, 款待, 娱乐表演",,gk cet4 cet6 ky toefl ielts,3187,2350
enthusiasm,in'θju:ziæzәm,"n. 巨大的热情, 热心",,cet4 cet6 ky toefl ielts,2678,3716
enthusiastic,in.θju:zi'æstik,"a. 狂热的, 热心的, 热烈的",,gk cet4 cet6 ky ielts,4458,5508
entire,in'taiә,"n. 整个, 全部\na. 全体的, 完全的, 全部的",,gk cet4 cet6 ky,1876,868
entitle,in'taitl,"vt. 给...权利, 取名为, 给予名称, 叫做\n[法] 给...权利, 使有资格, 称呼",,cet4 cet6 ky toefl ielts gre,2886,3465
entrance,'entrәns,"n. 入口, 进入点, 入场, 入学, 进入, 开始(阶段), 就任\nvt. 使出神, 使入迷\n[计] 入口",,gk cet4 cet6 ky toefl ielts gre,2465,2877
entry,'entri,"n. 登录, 条目, 进入, 入口, 报关\n[计] 登录项, 输入项, 条目",,gk cet4 cet6 ky toefl ielts gre,1373,2338
envelope,'envәlәup,"n. 信封, 封套, 封袋\n[医] 膜, 包袋",,gk cet4 cet6 ky,3672,3879
environment,in'vairәnmәnt,"n. 环境, 外界, 围绕\n[计] 环境",,zk gk cet4 cet6 ky ielts,702,855
envy,'envi,"n. 羡慕, 嫉妒\nvt. 羡慕, 嫉妒",,gk cet4 cet6 ky ielts,8468,8491
episode,'episәud,"n. 插曲, 插话, 有趣的事件, 一段情节\n[医] 插话, 插曲, 发作",,cet4 cet6 ky toefl ielts gre,3396,2846
equal,'i:kwәl,"n. 对手, 匹敌, 同辈\na. 相等的, 平等的, 胜任的, 合适的, 平静的, 不相上下的\nvt. 等于, 比得上\n[计] 等长度编码",,gk cet4 cet6 ky toefl ielts,1547,1830
equality,i:'kwɒliti,"n. 平等, 均匀, 相等\n[法] 同等, 平等, 相等",,gk cet4 cet6 ky toefl,4197,4590
equation,i'kweiʃәn,"n. 相等, 等式, 平衡\n[化] 方程式; 等式; 反应式; 公式",,cet4 cet6 ky toefl ielts gre,2458,3982
equip,i'kwip,"vt. 装备, 配备\n[机] 设备, 装置",,gk cet4 cet6 ky toefl,3643,4145
equipment,i'kwipmәnt,"n. 装备, 设备, 才能\n[化] 设备; 装备; 装置",,gk cet4 cet6 ky toefl ielts,1117,1352
equivalent,i'kwivәlәnt,"n. 同等物, 等价物, 相等物\na. 相等的, 相当的, 同意义的\n[计] 等价的",,cet4 cet6 ky toefl ielts gre,3051,4330
era,'iәrә,"n. 时代, 纪元, 时期",,cet4 cet6 ky toefl,3312,1884
erect,i'rekt,"a. 直立的, 竖立的, 笔直的\nvt. 使竖立, 使直立, 树立, 建立\nvi. 勃起",,cet4 cet6 ky toefl ielts gre,4303,6356
error,'erә,"n. 错误, 过失, 失误, 误差\n[计] 错误",,gk cet4 cet6 ky toefl,1595,2198
escape,i'skeip,"n. 逃亡, 避难设备, 逃跑\nvi. 逃脱, 避开, 溜走\nvt. 逃避, 避免, 被...忘掉",,gk cet4 cet6 ky toefl,1697,2034
especially,i'speʃәli,"adv. 尤其, 特别, 格外",,zk gk cet4 cet6 ky,570,515
essay,'esei. e'sei,"n. 随笔, 短文, 评论, 企图\nvt. 试图",,gk cet4 cet6 ky ielts,3147,2536
essential,i'senʃәl,"n. 要素, 要点, 本质\na. 必要的, 重要的, 本质的\n[计] 本质冒险",,cet4 cet6 ky toefl ielts gre,1155,1949
establish,i'stæbliʃ,"vt. 建立, 确立, 制定\nvi. 移植生长",,cet4 cet6 ky ielts,576,896
establishment,i'stæbliʃmәnt,"n. 确立, 制定, 设施\n[经] 企业, 公司, 商店",,cet4 cet6 ky,1903,2890
estate,i'steit,"n. 不动产, (人生的)阶段, 阶层, 财产\n[经] 房地产, 遗产, 财产",,cet4 cet6 ky toefl ielts,1302,1778
estimate,'estimeit,"n. 估计, 判断\nvt. 估计, 评价, 判断\nvi. 估计",,cet4 cet6 ky toefl ielts,1826,1798
evacuate,i'vækjueit,"v. 疏散, 撤出, 排泄",,cet4 cet6 ky toefl ielts gre,7751,6917
evaluate,i'væljueit,"vt. 评估, 评价, 赋值",,gk cet4 cet6 ky toefl ielts,3168,2339
evaporate,i'væpәreit,"vi. 蒸发, 失去水分, 消失\nvt. 使蒸发, 使脱水, 使消失",,cet4 cet6 ky toefl ielts gre,8428,7887
eve,i:v,"n. 前夕, 前夜",,cet4 ky,5529,6991
event,i'vent,"n. 事件, 结果, 事情的进程, 竞赛项目\n[计] 事件",,gk cet4 ky ielts,473,525
eventually,i'ventʃuәli,"adv. 最后, 终于",,gk cet4 cet6 ky toefl ielts,1089,1106
everyday,'evri'dei,"a. 每天的, 日常的, 平常的",,zk gk cet4 ky,3381,3291
evidence,'evidәns,"n. 根据, 证据, 迹象\n[经] 证据, 凭证",,gk cet4 cet6 ky toefl ielts,456,606
evident,'evidәnt,"a. 显然的, 明显的",,gk cet4 cet6 ky toefl,2975,3466
evil,'i:vl,"n. 邪恶, 不幸, 罪恶\na. 邪恶的, 不幸的, 有害的, 讨厌的",,cet4 cet6 ky,4107,3447
evolution,.i:vә'lu:ʃәn,"n. 进化, 发展, 进展, (气体)放出, 开方\n[医] 进化, 演化, 旋出",,gk cet4 cet6 ky toefl ielts,3069,2946
evolve,i'vɒlv,"vi. 进展, 进化, 展开\nvt. 使发展, 使推断出, 使进化",,cet4 cet6 ky toefl gre,3445,2821
exact,ig'zækt,"a. 精确的, 准确的, 精密的\nvt. 强求, 急需",,gk cet4 ky toefl gre,3270,3341
exactly,i^'zæktli,"adv. 确切地, 精确地, 恰好, 完全地, 确实, 恰恰正是, 确实如此",,gk cet4,924,748
exaggerate,ig'zædʒәreit,"v. 夸大, 夸张",,cet4 cet6 ky toefl ielts gre,5927,6312
examination,ig.zæmi'neiʃәn,"n. 考试, 测验, 审查\n[医] 检查, 诊察",,zk cet4 cet6 ielts,1531,3069
examine,ig'zæmin,"v. 检查, 调查, 考试",,zk gk cet4 cet6 ky,1050,1165
exceed,ik'si:d,"vt. 超过, 超越, 胜过\nvi. 超过其他",,cet4 cet6 ky toefl ielts gre,2718,3281
exceedingly,ik'si:diŋli,"adv. 极端地, 极度地, 非常",,cet4 cet6 ky ielts,9520,10807
excellent,'ekslәnt,"a. 优良的, 杰出的, 出色的",,zk gk cet4 cet6 ky toefl,1416,2123
exception,ik'sepʃәn,"n. 例外, 除外, 异议\n[计] 例外; 异常",,cet4 cet6 ky toefl ielts,2045,2401
excess,ik'ses,"n. 过度, 剩于, 超过, 超额\na. 过量的, 额外的",,cet4 cet6 ky toefl ielts gre,4540,5741
excessive,ik'sesiv,"a. 过度的, 过多的, 极端的\n[法] 过度的, 过分的, 额外的",,cet4 cet6 ky toefl,3952,4564
exchange,iks'tʃeindʒ,"n. 交换, (电话)交换局, 交换机, 汇兑, 交易所\nv. 交换, 交易, 兑换\n[计] 交换; 电话局",,gk cet4 cet6 ky toefl ielts,1084,1513
excite,ik'sait,"vt. 刺激, 使兴奋, 激励",,zk gk cet4 cet6 ky toefl,7567,5328
excitement,ik'saitmәnt,"n. 刺激, 兴奋\n[医] 兴奋, 激动",,cet4 ky toefl ielts,2893,3506
exciting,ik'saitiŋ,"a. 令人兴奋的, 刺激的\n[电] 激磁",,cet4 cet6 ky toefl ielts,2540,2926
exclaim,iks'kleim,"v. 大叫, 呼喊, 大声叫",,cet4 cet6 ky toefl ielts gre,5494,6297
exclude,iks'klu:d,"vt. 除外, 排除, 排斥\n[医] 除外(诊断)",,cet4 cet6 ky toefl ielts gre,1940,3470
exclusive,ik'sklu:siv,"a. 排外的, 独占的, 唯一的\n[计] 独占的",,cet4 cet6 ky toefl ielts gre,3377,3753
exclusively,ik'sklu:sivli,"adv. 排他地, 仅仅, 专门, 只, 仅, 唯一地, 专有地",,cet4 cet6 toefl ielts,3993,4489
excursion,ik'skә:ʒәn,"n. 远足, 游览圆, 短程旅行\n[医] 移动, 离轨, 逸出",,cet4 cet6 ky toefl ielts gre,6562,8288
execute,'eksikju:t,"vt. 执行, 实行, 完成, 处死, 制成\n[计] 执行",,cet4 cet6 ky toefl ielts gre,3704,3642
executive,ig'zekjutiv,"n. 执行部门, 执行委员会, 执行者, 经理主管人员\na. 执行的, 善于执行的, 善于经营的\n[计] 执行程序",,cet4 cet6 ky toefl ielts,1094,863
exert,ig'zә:t,"vt. 发挥, 运用, 施以影响\n[法] 施加, 产生, 行使",,cet4 cet6 ky toefl ielts gre,5057,6115
exhaust,ig'zɒ:st,"n. 排气, 排气装置, 废气\nvt. 抽完, 用尽, 耗尽, 使精疲力尽\nvi. 排气",,cet4 cet6 ky toefl ielts gre,4940,4734
exhaustion,ig'zɒ:stʃәn,"n. 抽空, 耗尽, 疲惫, 筋疲力尽\n[化] 抽空",,cet4 toefl,8483,8142
exhibit,ig'zibit,"n. 显示, 显现, 展览品, 陈列品, 展览\nvt. 展现, 陈列, 展览\nvi. 开展览会",,cet4 cet6 ky toefl,3872,3303
exhibition,.eksi'biʃәn,"n. 表现, 展览会, 展览品\n[医] 投药, 展览, 展出",,gk cet4 cet6 ky toefl ielts,1426,2476
exist,ig'zist,"vi. 存在, 生存, 发生",,gk cet4 cet6 ky toefl,875,1016
existence,ig'zistәns,"n. 存在, 生存\n[法] 存在, 存在状态, 实体",,gk cet4 cet6 ky ielts,1454,2213
exit,'eksit,"n. 出口, 退场, 离去, 去世\nvi. 退出, 脱离, 去世\n[计] 退出; DOS内部命令:本命令用于退出当前的命令处理器(COMMAND.COM)\n恢复前一个命令处理器",,gk cet4 cet6 ky toefl,4923,3798
expand,ik'spænd,"vt. 使膨胀, 详述, 扩张\nvi. 张开, 发展\nvt. 展开\nvi. 展开\n[计] 展开; DOS外部命令:将原始DOS磁盘上的压缩文件解压缩并拷贝到硬盘上",,gk cet4 cet6 ky toefl ielts gre,2124,1572
expansion,ik'spænʃәn,"n. 扩充, 开展, 膨胀\n[计] 扩展",,cet4 cet6 ky toefl ielts,2360,2734
expectation,.ekspek'teiʃәn,"n. 期待, 指望, 展望\n[化] 期望值",,gk cet4 cet6 ky,1970,1890
expel,ik'spel,"vt. 驱逐, 逐出, 排出, 开除\n[医] 排除, 迫出",,cet4 cet6 ky toefl ielts gre,5990,6975
expend,ik'spend,"vt. 花费, 消耗, 用光",,cet4 ky ielts gre,11218,10629
expenditure,ik'spenditʃә,"n. 开支, 费用, 用光, 消费额\n[经] 支出, 费用, 消费",,cet4 cet6 ky toefl ielts gre,1658,5170
expense,ik'spens,"n. 费用, 代价, 开支, 损失\n[经] 费用, 开支, 将支出转为费用",,gk cet4 ky,1919,2137
experience,ik'spiәriәns,"n. 经历, 经验, 体验\nvt. 经历, 经验, 体验",,zk gk cet4 cet6 ky ielts,430,420
experiment,ik'sperimәnt,"n. 实验, 试验, 实验仪器\nvi. 实验, 尝试",,zk gk cet4 cet6 ky ielts,1651,1990
experimental,ik.speri'mentәl,"a. 实验的, 根据实验的\n[医] 实验的",,cet4 cet6 ky ielts,3149,3457
expert,'ekspә:t,"n. 专家, 行家\na. 老练的, 内行的, 专门的\n[计] 高级",,gk cet4 ky ielts,1335,899
explain,ik'splein,"v. 解释, 说明",,zk gk cet4 cet6 ky,518,480
explanation,.eksplә'neiʃәn,"n. 解释, 说明, 辩解, 表明\n[经] 解释, 注释, 说明",,gk cet4 cet6 ky,1492,2054
explode,ik'splәud,"vi. 爆炸, 爆发, 激增\nvt. 使爆炸",,gk cet4 cet6 ky toefl ielts,3934,3106
exploit,'eksplɒit,"n. 功绩, 勋绩\nvt. 开发, 利用, 开拓, 剥削",,gk cet4 cet6 ky toefl ielts gre,3034,4374
explore,ik'splɒ:,"v. 探险, 探测, 探究",,gk cet4 cet6 ky toefl ielts,1882,1594
explosion,ik'splәuʒәn,"n. 爆发, 激增, 爆炸(声)\n[化] 爆炸",,cet4 cet6 ky ielts,3285,3023
explosive,ik'splәusiv,"n. 炸药, 爆破音\na. 易爆发的, 爆炸的, 暴躁的",,cet4 cet6 ky toefl ielts gre,6878,5387
export,ik'spɒ:t,"n. 输出品, 输出\nvt. 输出, 出口\nvi. 输出物资\n[计] 导出",,gk cet4 ky ielts,2231,3456
expose,ik'spәuz,"vt. 使暴露, 使曝光, 揭穿, 陈列\n[医] 暴露, 露置",,gk cet4 cet6 ky toefl ielts,2577,2005
exposure,ik'spәuʒә,"n. 暴露, 揭发, 揭露\n[化] 曝光量; 照射; 照射量",,cet4 cet6 ky toefl ielts gre,3141,2229
express,ik'spres,"n. 快车, 快递, 专使\na. 明确的, 丝毫不差的, 专门的, 快的\nvt. 表达, 表示, 表露",,zk gk cet4 cet6 ky,839,1272
expression,ik'spreʃәn,"n. 表达, 表现, 词语, 措辞\n[计] 表达式",,gk cet4 cet6 ky,1139,1533
extend,ik'stend,"v. 扩充, 延伸, 伸展, 扩大\n[计] 扩展",,cet4 cet6 ky toefl ielts gre,1023,1445
extension,ik'stenʃәn,"n. 延长, 扩充, 范围, 扩展名\na. 伸缩的\n[计] 扩展名, 扩充名",,gk cet4 cet6 ky toefl ielts,2123,3190
extensive,ik'stensiv,"a. 广的, 广泛的, 多方面的\n[经] 广大的, 扩大的",,cet4 cet6 ky toefl ielts,2184,2845
extent,ik'stent,"n. 范围, 程度, 区域\n[计] 范围",,cet4 cet6 ky toefl ielts,990,1758
exterior,ik'stiәriә,"n. 外部, 表面, 外貌\na. 外部的, 外在的, 表面的",,cet4 cet6 ky toefl ielts,8714,8761
external,ik'stә:nl,"n. 外部, 外面\na. 外部的, 客观的, 表面的",,cet4 cet6 ky toefl ielts,1870,2864
extinct,ik'stiŋkt,"a. 熄灭的, 灭绝的, 耗尽的\n[法] 消灭了的, 过时的, 无效的",,cet4 cet6 ky toefl ielts gre,9995,9357
extra,'ekstrә,"n. 额外的事物, 另外的收费\na. 额外的, 特别的\nadv. 额外地, 特别地, 非常地",,gk cet4 cet6 ky ielts,1080,1543
extraordinary,ik'strɒ:dәnәri,"a. 非常的, 特别的, 非凡的\n[经] 非常的, 特别的, 临时的",,gk cet4 cet6 ky toefl,2759,2625
extreme,ik'stri:m,"n. 极端, 末端\na. 极端的, 尽头的, 极度的, 偏激的",,gk cet4 cet6 ky ielts,2528,2519
extremely,ik'stri:mli,"adv. 极端地, 非常地",,gk cet4 cet6,1388,1756
eyesight,'aisait,"n. 视力, 目力",,gk cet4 cet6 ky ielts,13749,14627
fabric,'fæbrik,"n. 织物, 布, 结构, 构造, 建筑物\n[经] 组织, 建筑物, 工厂",,cet4 cet6 ky toefl ielts gre,2773,3059
facility,fә'siliti,"n. 容易, 灵巧, 设备\n[计] 设施; 设备; 装备",,cet4 cet6 ky toefl ielts,1014,1297
fact,fækt,"n. 事实, 真实性, 真相, 细节, 论据",,zk gk cet4 ky,201,235
factor,'fæktә,"n. 因素, 因数, 系数, 基因, 代理人\n[计] 因式",,cet4 ky toefl ielts,666,729
faculty,'fækәlti,"n. 才能, 能力, 全体教员, (大学的)系\n[医] 能力, [大学]院系",,cet4 cet6 ky toefl ielts gre,4038,1985
fade,feid,"vi. 褪色, 消失, 凋谢\nvt. 使褪色\nn. 淡入, 淡出\na. 平淡的",,gk cet4 cet6 ky toefl ielts gre,3506,2882
fahrenheit,'færәnhait,a. 华氏温度计的\nn. 华氏温度计,,cet4 cet6 toefl ielts,28229,0
failure,'feiljә,"n. 失败, 失败者, 不足, 缺乏, 破产\n[计] 故障; 失效",,gk cet4 ky ielts,1147,1360
faint,feint,"n. 昏厥, 昏倒\na. 模糊的, 微弱的, 无力的\nvi. 昏倒, 变得微弱",,cet4 cet6 ky toefl ielts,3694,4117
fair,fєә,"n. 展览会, 市集, 美好的事物\na. 公平的, 按规则进行的, 不好不坏的, 晴朗的, 美丽的\nadv. 公平地, 正面地, 有教养地, 清楚地\nvi. 转晴",,zk gk cet4 cet6 ky toefl,1150,1484
fairly,'fєәli,"adv. 美观地, 公平地, 相当地, 清楚地",,gk cet4 cet6 ky toefl,1413,2157
faith,feiθ,"n. 信心, 信任, 忠实, 保证\n[法] 信任, 信仰, 信念",,gk cet4 cet6 ky toefl ielts,1738,1326
faithful,'feiθful,"a. 忠实的, 详确的, 可靠的\nn. 信徒",,cet4 cet6 ky toefl,5544,5013
false,fɒ:ls,"a. 错误的, 虚伪的, 假的, 不老实的\nadv. 不准确地, 欺诈地",,gk cet4 cet6 ky,2370,2516
fame,feim,"n. 名望, 名声, 传说",,cet4 cet6 ky toefl ielts,5040,4593
familiar,fә'miljә,"a. 熟悉的, 常见的, 亲密的\nn. 熟友, 常客",,gk cet4 cet6 ky ielts,1635,1492
famine,'fæmin,"n. 饥荒, 缺乏, 饥饿",,cet4 cet6 ky toefl ielts gre,6925,8193
fan,fæn,"n. 风扇, 迷, 狂热者, 爱好者\nvt. 煽动, 刺激, 吹拂\nvi. 飘动, 成扇形散开",,zk gk cet4 cet6 ky,1905,1208
fancy,'fænsi,"n. 想象力, 幻想, 喜好\na. 想象的, 精美的, 新奇的, 奇特的, 高价的, 特级的\nvt. 想象, 设想, 相信, 喜爱\nvi. 想象, 幻想",,gk cet4 cet6 ky toefl ielts,3859,5118
fantasy,'fæntәsi,"n. 幻想, 想象的产物\n[医] 幻想",,gk cet4 ky toefl ielts gre,3642,2964
fare,fєә,"n. 费用, 旅客, 食物\nvi. 进展, 进步, 经营, 过活",,gk cet4 cet6 ky ielts,4481,4776
farewell,'fєә'wel,"n. 辞别, 再见, 再会\ninterj. 再会",,cet4 cet6 ky ielts gre,6967,8121
farmer,'fɑ:mә,"n. 农夫, 农场主\n[法] 农民, 农场主, 承包者",,zk gk cet4 cet6 ky,1333,1589
farther,'fɑ:ðә,"a. 更远的, 进一步的\nadv. 更远的, 此外, far的比较级",,cet4 cet6 ky,10052,0
fashion,'fæʃәn,"n. 流行, 风尚, 时样\nvt. 形成, 造, 作",,cet4 cet6 ky toefl ielts,1852,1922
fashionable,'fæʃәnәbl,"a. 时髦的, 上流社会的, 流行的",,cet4 cet6 ky toefl,4986,7651
fasten,'fɑ:sәn,"vt. 拴紧, 使固定, 系, 集中于, 强加于\nvi. 扣紧",,gk cet4 cet6 ky toefl gre,7148,7930
fatal,'feitәl,"a. 致命的, 重大的, 命运注定的, 粗心的, 不幸的\n[医] 致命的, 致死的",,cet4 cet6 ky toefl ielts gre,4463,4921
fate,feit,"n. 命运, 运气\nvt. 注定",,cet4 cet6 ky,3179,2919
father-in-law,'fɑ:ðәrinlɔ:,"n. 公公, 岳父",,cet4 cet6,0,0
fatigue,fә'ti:g,"n. 疲乏, 疲劳\nvt. 使疲劳, 使心智衰弱\nvi. 疲劳\na. 疲劳的",,cet4 cet6 ky toefl ielts gre,7858,4806
fault,fɒ:lt,"n. 过错, 故障, 毛病\nvt. 挑剔\nvi. 产生断层, 弄错\n[计] 故障",,gk cet4 ky toefl ielts gre,2076,2849
faulty,'fɒ:lti,"a. 有过失的, 有缺点的, 不完美的, 应受责备的\n[经] 缺点多的",,cet4 cet6 ky,8415,9993
favor,'feivә,"n. 好意, 喜爱\nvt. 赐予, 支持, 喜欢, 证实",,cet4 ky ielts,49170,2500
favorable,'feivәrәbl,"a. 有利的, 赞许的, 良好的",,cet4 ky toefl gre,0,4790
favorite,'feivәrit,"n. 喜欢的事物, 幸运儿\na. 特别受喜爱的, 喜爱的, 宠爱的, 中意的",,cet4 ky ielts,0,1593
favour,'feivә,"n. 好感, 偏爱, 喜爱, 相信, 庇护, 赞同, 支持, 信赖, 善行, 恩惠, 徽章, 礼物\nvt. 赞成, 帮助, 支持, 喜爱, 偏袒, 关切, 赐与, 给与, 有利于, 有助于, 像, 体恤",,gk cet4 cet6 ielts,2781,28142
favourable,'feivәrәbl,"a. 有用的, 良好的, 赞成的, 顺利的\n[医] 良好的, 顺利的",,cet4 cet6,4359,28013
FAX,fæks,n. 传真\nvt. 发传真\n[计] 传真系统; 传真,,gk cet4 ky,5816,5729
fear,fiә,"n. 恐怖, 害怕, 担心\nv. 害怕, 恐惧, 为...担心, 敬畏",,zk gk cet4 cet6 ky,1066,985
fearful,'fiәful,"a. 可怕的, 恐怕的, 担心的",,cet4 cet6 ky,6886,6198
feasible,'fi:zәbl,"a. 能实行的, 可行的, 适宜的\n[法] 可行的, 可执行的, 可完成的",,cet4 cet6 ky toefl ielts gre,6420,7591
feast,fi:st,"n. 宴会, 酒席, 享受, 节日\nvt. 款待, 享乐, 请客\nvi. 参加宴会, 尽情地吃, 享受",,gk cet4 cet6 ky ielts,5626,5910
feather,'feðә,n. 羽毛\nvi. 长羽毛\nvt. 用羽毛装饰,,gk cet4 cet6 ky,4798,4531
feature,'fi:tʃә,"n. 面孔的一部分(如眼、口等), 特征, 容貌, 特色, 特写\nvt. 是...的特色, 特写, 放映\nvi. 起重要作用\n[计] 特性",,cet4 cet6 ky ielts gre,741,1190
federal,'fedәrәl,"a. 联邦的, 联合的, 同盟的\n[法] 联邦的, 联邦制的, 联盟的",,cet4 cet6 ky toefl,2320,493
fee,fi:,"n. 费用, 小费, 封地, 所有权\nvt. 付费给",,gk cet4 ky ielts,1618,1826
feeble,fi:bl,"a. 微弱的, 衰弱的, 无效的\n[医] 无力的, 衰弱的",,cet4 cet6 ky toefl ielts gre,9622,12083
feed,fi:d,"n. 饲料, 一餐, 饲养\nvt. 喂, 饲养, 放牧, 靠...为生\nvi. 吃东西, 用餐, 流入\n[计] 送纸",,zk gk cet4 cet6 ky toefl,1412,1317
feedback,'fi:dbæk,"n. 反馈, 反应\n[计] 反馈",,cet4 cet6 ky ielts gre,4828,3888
feeling,'fi:liŋ,"n. 摸, 触觉, 知觉, 感觉, 情绪, 同情\na. 有同情心的, 有感觉的, 仁慈的, 动人的",,zk gk cet4 ky,797,805
fellow,'felәu,"n. 男人, 朋友, 同事\na. 同伴的, 同事的, 同道的",,gk cet4 cet6 ky,2954,2421
female,'fi:meil,"n. 女性, 女人, 雌性动物\na. 女性的, 女子的",,gk cet4 cet6 ky ielts,1563,1396
fence,fens,"n. 围墙, 栅栏, 买卖赃物的人, 剑术\nvt. 用篱笆围住, 练习剑术, 防护\nvi. 击剑, 搪塞",,gk cet4 cet6 ky,3306,2653
fertile,'fә:tail,"a. 可繁殖的, 肥沃的, 生产多的\n[医] 能生育的",,cet4 cet6 ky toefl ielts gre,7675,7458
fertilizer,'fә:tilaizә,"n. 肥料, 促进发展者, 受精媒介物\n[化] 肥料",,cet4 cet6 ky toefl gre,10566,6367
festival,'festәvәl,"a. 节日的, 喜庆的, 快乐的\nn. 节日, 庆祝, 欢宴",,zk gk cet4 cet6 ky toefl ielts,2395,3695
fetch,fetʃ,"n. 取得, 拿, 诡计, 魂\nvt. 接来, 取来, 售得, 带来, 推出, 引出, 杀死, 吸引, 到达\nvi. 取物, 前进\n[计] 取",,zk gk cet4 cet6 ky ielts,3687,6744
fever,'fi:vә,"n. 发烧, 发热, 热病\n[医] 发热, 热",,zk gk cet4 cet6 ky ielts,5338,4372
fibre,'faibә,"n. 纤维, 构造, 纤维制品\n[化] 纤维",,gk cet4 cet6 ielts,3214,24899
fiction,'fikʃәn,"n. 小说, 虚构故事\n[法] 虚构的事实, 捏造, 拟制",,gk cet4 cet6 ky toefl,3431,2762
fierce,fiәs,"a. 凶猛的, 猛烈的, 热烈的, 暴躁的",,gk cet4 cet6 ky toefl ielts,3932,4482
fight,fait,"n. 打架, 争吵, 斗志\nv. 对抗, 打架",,zk gk cet4 cet6 ky,917,676
figure,'figә,"n. 数字, 价格, 图形, 形状\nvt. 描绘, 表示, 演算, 认为\nvi. 计算, 出现, 估计",,gk cet4 cet6 ky toefl ielts,325,552
file,fail,"n. 档案, 公文箱, 文件夹, 文件, 卷宗, 锉刀\nvi. 列队行进, 用锉刀做\nvt. 归档, 申请, 锉, 琢磨\n[计] 文件",,gk cet4 ky toefl ielts gre,1170,1745
filter,'filtә,"n. 滤波器, 过滤器, 滤光器, 过滤嘴, 去尘器\nvt. 过滤, 渗透, 走漏\nvi. 滤过, 渗入\n[计] 过滤器, 筛选",,cet4 cet6 ky toefl ielts gre,3576,4370
final,'fainl,"n. 期末考试, 结局, 决赛\na. 最后的, 终极的, 决定性的",,zk gk cet4 ky toefl ielts,778,887
finally,'fainәli,"adv. 最后, 终于",,cet4 ky,771,470
finance,fai'næns,"n. 财政, 财务\nvt. 供给...经费, 负担经费\nvi. 筹措资金",,gk cet4 cet6 ky toefl ielts,1515,2808
financial,fai'nænʃәl,"a. 财政的, 金融的\n[经] 财政的, 金融的, 财务的",,cet4 cet6 ky toefl ielts,602,827
finding,'faindiŋ,"n. 发现, 发现物, 决定, 裁决\n[法] 调查结果, 对事实的认定, 判定的要素",,cet4 cet6 ky ielts,2027,1476
finger,'fiŋgә,"n. 手指, 指状物, (手套的)手指部分, 指针\nv. 用手指拨弄, 伸出\n[计] 网络命令",,zk gk cet4 cet6 ky,1109,1042
fireman,'faiәmәn,"n. 救火队员, 消防队员\n[机] 司炉",,cet4 cet6 ky,6662,9069
firm,fә:m,"n. 公司, 商号\na. 坚定的, 坚强的, 牢固的, 结实的, 坚硬的, 坚挺的, 严格的, 确定的\nvt. 使牢固, 使坚定\nvi. 变稳固, 变坚实\nadv. 稳固地",,gk cet4 cet6 ky toefl ielts,607,902
fisherman,'fiʃәmәn,"n. 渔夫, 钓鱼者, 渔船",,zk gk cet4 cet6 ky,5287,4272
fist,fist,"n. 拳头, 手\nvt. 拳打, 握成拳, 紧握",,gk cet4 cet6 ky toefl ielts,4178,3881
fix,fiks,"vt. 使固定, 修理, 准备, 安装, 凝视, 牢记, 确定, 整理\nvi. 固定, 注视, 确定\nn. 困境, 方位, 维修, 贿赂",,zk gk cet4 cet6 ky,1954,1850
flag,flæg,"n. 标志, 旗标, 旗子, 信号旗, 菖蒲\nvt. 悬旗, 打旗号, 铺石板\nvi. 无力地下垂\n[计] 标志; 属性标记命令",,zk gk cet4 cet6 ky toefl ielts gre,3502,2444
flame,fleim,"n. 火焰, 火舌, 热情, 光辉\nvt. 焚烧, 用火焰给...灭菌, 用火焰传送(信号), 点燃, 激动\nvi. 燃烧, 爆发, 闪耀\n[计] 无聊邮件, 无益邮件",,gk cet4 cet6 ky toefl ielts,3195,3199
flare,'flєә,"n. 闪光, 闪耀\nvi. 闪光, 闪耀\nvt. 用发光信号发出, 使闪耀, 使张开",,cet4 cet6 ky toefl ielts gre,7846,8467
flash,flæʃ,"n. 闪光, 闪现, 一瞬间\nvi. 闪光, 闪现, 反射\nvt. 使闪光, 反射",,gk cet4 cet6 ky toefl ielts,4001,3500
flat,flæt,"a. 平坦的, 单调的, 无力的, 浅的, 萧条的, 干脆的, 无聊的\nadv. 平直地, 断然地\nn. 扁平物, 平面, 平地, 平原, 平板车\nv. (使)变平",,zk gk cet4 cet6 ky toefl ielts,1448,2569
flavour,'fleivә,"n. 味, 调味香料, 滋味, 香味, 气味, 风味, 情味, 情趣, 风韵\nvt. 给...调味, 给...增添风趣, 加香料, 加味于",,cet4 cet6 toefl ielts,3966,0
flee,fli:,"vt. 逃避, 逃跑, 逃走\nvi. 逃, 消失",,gk cet4 cet6 ky toefl ielts,3410,2942
fleet,fli:t,"n. 舰队, 港湾, 小河\na. 快速的, 敏捷的, 浅的, 短暂的\nadv. 浅\nvi. 疾驰, 飞逝, 掠过\nvt. 消磨, 变换船(或船员)的位置",,cet4 cet6 ky ielts gre,3417,4446
flesh,'fleʃ,"n. 肉, 肉体, 肉欲, 人性, 亲属, 人类, 众生, 人体\nvt. 以肉喂, 激起...的杀戳情绪, 使肥, 赋以血肉\nvi. 长胖",,gk cet4 ky ielts,3036,3209
flexible,'fleksәbl,"a. 易曲的, 灵活的, 柔顺的, 能变形的, 可通融的\n[医] 能屈的",,gk cet4 cet6 ky toefl ielts gre,3127,4227
float,flәut,"n. 漂流物, 浮舟, 漂浮, 浮萍, 彩车\nvi. 浮动, 飘动, 散播, 摇摆, 动摇, 浮动\nvt. 使漂浮, 容纳, 淹没, 发行, 实行\n[计] 浮动",,gk cet4 cet6 ky toefl ielts,3498,3140
flock,flɒk,"n. 兽群, 鸟群, 一群人, 大量, 棉束\nvi. 成群而行, 聚集\nvt. 用棉束填满",,cet4 cet6 ky toefl ielts gre,5337,6596
flood,flʌd,"n. 洪水, 大量之水, 涨潮\nvt. 淹没, 使泛滥, 注满\nvi. 被淹, 溢出, 涌进",,gk cet4 cet6 ky toefl,4100,3582
flour,'flauә,"n. 面粉, 粉沫, 碎粉\n[医] 面粉, 麦粉",,gk cet4 cet6 ky toefl ielts,5355,3429
flourish,'flʌriʃ,"vi. 繁荣, 茂盛, 活跃, 手舞足蹈\nvt. 挥舞, 夸耀\nn. 挥舞, 炫耀, 茂盛, 兴旺, 华丽词藻",,cet4 cet6 ky toefl ielts gre,5548,6209
flow,flәu,"n. 流程, 流动, 流量, 洋溢, 泛滥, 涨潮\nvi. 流动, 流泄, 畅流, 川流不息, 飘扬, 涌出\nvt. 使流动, 淹没, 流出",,gk cet4 ky,1759,1984
flu,flu:,"n. 流感, 流行性感冒",,zk gk cet4 cet6 ky ielts,8041,5662
fluent,'flu:әnt,"a. 流利的, 流畅的",,gk cet4 cet6 ky toefl ielts,9662,11910
fluid,'flu:id,"n. 液体, 分泌液, 流体\na. 流动的, 可改变的",,cet4 cet6 ky toefl ielts,3676,3779
flush,flʌʃ,"n. 流溢, 面红, 旺盛, 发烧, 惊飞的鸟, 同花牌\na. 丰足的, 齐平的, 满盈的, 泛滥的\nadv. 齐平地, 直接地\nvi. 脸发红, 奔涌, 旺盛, 惊飞\nvt. 淹没, 冲洗, 使脸红, 使激动, 使齐平, 使惊飞",,cet4 cet6 ky toefl ielts gre,5416,5935
focus,'fәukәs,"n. 焦点, 焦距\nvi. 聚焦, 注视\nvt. 使聚焦, 调焦, 集中\n[计] 焦点",,gk cet4 cet6 ky toefl ielts,1918,688
fog,fɒg,"n. 雾, 迷惑, (割后的)最生草, 苔藓\nvi. 被雾笼罩, 变模糊\nvt. 使困惑, 以雾笼罩",,gk cet4 cet6 ky toefl,5413,4913
fold,fәuld,"n. 折层, 折, 羊栏, 折痕, 信徒\nvt. 折叠, 包, 合拢, 交迭\nvi. 折叠起来, 彻底失败\n[计] 折叠; 合并",,gk cet4 cet6 ky toefl gre,3975,3493
folk,fәuk,"n. 人们, 家人, 亲属, 民族\na. 民间的",,gk cet4 cet6 ky toefl,2958,1339
follow,'fɒlәu,"vt. 跟随, 沿行, 遵循, 追求\nvi. 跟随, 接着\nn. 跟随, 追随",,zk gk cet4 cet6 ky,186,325
following,'fɒlәuiŋ,"n. 下列各项, 部下, 追随者\na. 下列的, 其次的",,gk cet4 cet6 ky,748,1471
fond,fɒnd,"a. 喜欢的, 宠爱的, 温柔的",,gk cet4 cet6 ky,4954,6241
fool,fu:l,"n. 愚人, 受骗者, 奶油拌水果\nvt. 愚弄, 欺骗, 浪费\nvi. 干傻事, 开玩笑, 游荡\na. 傻的",,gk cet4 ky,3660,4030
foolish,'fu:liʃ,"a. 愚蠢的, 傻的",,gk cet4 ky toefl,4977,5783
footstep,'futstep,"n. 脚步, 脚步声, 足迹",,cet4 cet6 ky,5733,6017
forbid,fә'bid,"vt. 禁止, 不准, 妨碍\n[法] 不许, 禁止, 阻止",,gk cet4 cet6 ky toefl gre,4670,4698
force,fɒ:s,"n. 力量, 武力, 势力, 影响力, 军队, 力, 效力\nvt. 强迫, 强夺, 推动, 提高\n[计] 人工转移; 强制",,zk gk cet4 cet6 ky,369,372
forecast,'fɒ:kɑ:st,"n. 预想, 预测, 预报\nvt. 预想, 预测, 预报\n[计] 趋势预测",,gk cet4 cet6 ky toefl ielts gre,3980,5890
forehead,'fɒ:rid,"n. 额, 前额, 前部\n[医] 额",,gk cet4 cet6 ky,4632,3788
foreigner,'fɒ:rinә,"n. 外国人, 外地人\n[法] 外国人, 进口货, 外国货",,zk gk cet4 cet6 ky,4934,4887
foremost,'fәumәust,"a. 最初的, 最重要的\nadv. 在最前",,cet4 cet6 ky toefl ielts,7575,6296
forest,'fɒrist,"n. 森林, 林区\nvt. 植树于",,zk gk cet4 cet6 ky ielts,1108,1108
forever,fә'revә,adv. 永远,,gk cet4 cet6 ky,3798,2082
forgive,fә'giv,"vt. 原谅, 宽恕, 免除\n[法] 免除, 宽恕, 原谅",,gk cet4 cet6 ky ielts,3395,3595
fork,fɒ:k,"n. 叉子, 叉状物, 分岔\nvi. 分支, 分歧\nvt. 做成叉形, 叉起\n[计] 派生指令",,zk gk cet4 cet6 ky,5592,3758
formal,'fɒ:mәl,"a. 正式的, 形式的, 礼仪的, 拘于礼节的, 拘谨的\nn. 正式的社交活动",,cet4 cet6 ky toefl ielts,1482,2211
formation,fɒ:'meiʃәn,"n. 形成, 构造, 编队\n[医] 形成, 结构",,cet4 cet6 ky toefl gre,2062,3045
former,'fɒ:mә,"a. 从前的, 前者的\nn. 起形成作用的人(或物), 模型, 样板",,gk cet4 ky toefl ielts,588,442
formula,'fɒ:mjulә,"n. 客套语, 公式, 准则\n[计] 公式",,cet4 cet6 ky toefl ielts gre,2600,3340
forth,fɒ:θ,"adv. 往前, 以后, 向外",,cet4 cet6 ky toefl,4689,1834
fortnight,'fɒ:tnait,n. 两星期,,gk cet4 cet6 ky ielts,4290,22633
fortunate,'fɒ:tʃәnit,"a. 幸运的, 幸福的",,gk cet4 cet6 ky toefl,4680,5300
fortunately,'fɒitʃәnitli,"adv. 幸运地, 幸亏",,cet4 cet6,4081,4316
fortune,'fɒ:tʃәn,"n. 财富, 运气, 兴隆, 大量财产, 好运, 命运\n[法] 命运, 财产, 大量财产",,gk cet4 cet6 ky toefl,2626,2703
found,faund,"vt. 建立, 创立, 铸造\nfind的过去式和过去分词",,gk cet4 cet6 ky,2608,2664
foundation,faun'deiʃәn,"n. 基础, 根据, 建立\n[化] 地基",,cet4 cet6 ky,1824,2256
fountain,'fauntin,"n. 水源, 源, 喷泉, 泉水, 本源\n[医] 泉",,gk cet4 cet6 ky toefl ielts,6028,5279
fox,fɒks,"n. 狐狸, 狡猾的人\nvi. 奸狡地行动, (书页)生斑, 变酸\nvt. 欺骗, 使变酸, 为(鞋等)换面, 使生黄斑",,zk gk cet4 cet6 ky,4616,6537
fraction,'frækʃәn,"n. 小部分, 破片, 分数\n[医] 部分, 成分, 分散",,cet4 cet6 ky toefl ielts gre,3509,4719
fragment,'frægmәnt,"n. 碎片, 破片, 片段\n[计] 段落; 片段; 分段",,cet4 cet6 ky toefl ielts gre,3352,4744
frame,freim,"n. 框, 结构, 体格\nvt. 构成, 设计, 制定, 使适合, 陷害\n[计] 框架, 图文框, 帧",,cet4 cet6 ky toefl,2161,1833
framework,'freimwә:k,"n. 结构, 骨架, 参照标准, 准则, 观点\n[医] 构架组织",,gk cet4 cet6 ky toefl ielts,2177,2968
France,frɑ:ns,n. 法国,,cet4 cet6 ielts,829,0
frank,fræŋk,"a. 坦白的, 率直的, 老实的\nvt. 免费邮寄\nn. 免费邮寄特权",,cet4 cet6 ky toefl,2307,8225
freedom,'fri:dәm,"n. 自由, 坦率, 特权\n[法] 自由, 自主, 免除",,gk cet4 cet6 ky ielts,1480,1148
freely,'fri:li,"adv. 自由地, 随意地, 无拘束地, 直率地, 坦白地, 慷慨地, 免费地, 大量地\n[计] 浮动地",,cet4 cet6,4080,4792
freeze,fri:z,"vi. 冻结, 冷冻, 僵硬, 楞住\nvt. 使结冰, 使冻住, 使呆住\nn. 结冰, 凝固\n[计] 冻结",,zk gk cet4 cet6 ky,3516,2807
freight,'freit,"n. 船货, 运费, 货运\nvt. 装货, 使充满, 以货运运送, 租(或出租)(船等)",,cet4 cet6 ky toefl ielts gre,5761,8566
frequency,'fri:kwәnsi,"n. 频率, 频数\n[计] 频率",,cet4 cet6 ky ielts gre,2406,3009
frequent,'fri:kwәnt,"a. 时常发生的, 频繁的, 快速的\nvt. 时常来访, 常常聚集, 常与...交往",,gk cet4 cet6 ky toefl ielts gre,3109,3272
frequently,'fri:kwәntli,"adv. 频繁, 经常地",,cet4 cet6,1626,1810
fresh,freʃ,"a. 新鲜的, 新奇的, 另外的, 淡的, 精神饱满的, 冒失的\nadv. 最新地, 刚刚\nn. 开始, 泛滥",,zk gk cet4 cet6 ky,1368,1107
friction,'frikʃәn,"n. 摩擦, 摩擦治疗, 不和\n[医] 摩擦",,gk cet4 cet6 ky toefl ielts gre,8497,7336
fridge,fridʒ,n. 电冰箱,,zk cet4 cet6 ky ielts,5453,9318
frighten,'fraitn,vt. 使惊吓\nvi. 惊恐,,gk cet4 cet6 ky,5047,5537
frog,frɒg,"n. 青蛙\n[医] 蛙, 马蹄叉",,zk gk cet4 cet6 ky,5747,5370
frontier,'frʌntjә,"n. 边界, 边境\n[法] 国境, 边境, 边界",,gk cet4 cet6 ky toefl ielts,4553,4415
frost,frɒst,"n. 霜, 冰冻, 冷漠\nvt. 覆着霜, 冻结, 结霜\nvi. 受冻, 起霜",,gk cet4 cet6 ky toefl ielts,6935,21397
frown,fraun,n. 皱眉\nvi. 皱眉头\nvt. 皱眉表示,,cet4 cet6 ky toefl ielts,3759,4784
fruitful,'fru:tful,"a. 结果实的, 多实的, 产量多的",,cet4 cet6 ky toefl,9697,11687
frustrate,'frʌstreit,"vt. 挫败, 击败, 破坏\na. 无益的, 挫败的, 挫折的",,cet4 cet6 ky toefl ielts gre,7553,4856
fry,frai,"n. 油炸食物, 鱼苗\nv. 油炸, 煎",,gk cet4 cet6 ky ielts,8929,7089
fuel,'fjuәl,"n. 燃料, 木炭\nvt. 加燃料, 供燃料\nvi. 得到燃料",,gk cet4 ky toefl ielts,1933,1558
fulfil,ful'fil,"vt. 实践, 履行, 实行, 完成, 结束, 满足\n[经] 履行(契约), 满期",,cet4 cet6 ielts gre,2965,5849
function,'fʌŋkʃәn,"n. 官能, 职务, 功能, 函数\nvi. 活动, 运行, 行使职责\n[计] 功能, 函数",,gk cet4 cet6 ky ielts,782,1442
fund,fʌnd,"n. 基金, 资金, 存款, 财源, 贮藏\nvt. 提供资金, 积累",,cet4 cet6 ky toefl,852,754
fundamental,.fʌndә'mentәl,"n. 基本原理, 原则, 基波\na. 基本的, 重要的, 原音的",,gk cet4 cet6 ky toefl ielts gre,2031,2328
funeral,'fju:nәrәl,"n. 葬礼, 出殡",,gk cet4 cet6 ky ielts,3009,2885
funny,'fʌni,"a. 好笑的, 有趣的, 滑稽的\nn. 滑稽人物",,zk gk cet4 ky,1942,1789
fur,fә:,"n. 毛皮\nvt. 以毛皮制作, 使生苔, 使生水垢\nvi. 生苔, 积水垢",,gk cet4 cet6 ky toefl ielts,5029,4700
furious,'fjuәriәs,"a. 狂怒的, 激烈的, 吵闹的",,cet4 cet6 ky toefl ielts,4734,5544
furnace,'fә:nis,"n. 火炉, 熔炉, 考验\nvt. 在炉中烧",,cet4 cet6 ky toefl ielts gre,10035,9102
furnish,'fә:niʃ,"vt. 供给, 提供, 装设\n[化] 供应; 供给; 配料",,cet4 cet6 ky toefl ielts,5253,7335
furniture,'fәnitʃә,"n. 家具, 帆具",,zk gk cet4 cet6 ky toefl ielts,2428,2669
further,'fә:ðә,"a. 更远的, 此外的, 更多的\nvt. 促进, 增进, 助长\nadv. 更进一步地, 更远地, 此外",,cet4 cet6 ky toefl ielts,696,11239
furthermore,'fә:ðә'mɒ:,"adv. 此外, 而且",,cet4 cet6 ky,2799,3213
gain,gein,"n. 增益, 获得, 利润, 收获, 增加\nvt. 得到, 增进, 赚到\nvi. 获利, 增加\n[计] 增益",,gk cet4 cet6 ky,1113,1253
gallery,'gælәri,"n. 走廊, 最高楼座, 画廊, 收集, 图库\n[计] 图库",,gk cet4 cet6 ky toefl ielts,1714,3354
gallon,'gælәn,n. 加仑\n[医] 加仑,,gk cet4 cet6 ky toefl gre,6013,0
gang,gæŋ,"n. 队, 群, 帮\nvi. 成群结队, 结成一伙\nvt. 使成群结队",,cet4 cet6 ky ielts,3549,2614
gap,gæp,"n. 缝隙, 缺口, 间断, 间距, 通用汇编程序\nvt. 打开缺口, 造成缝隙\nvi. 豁开\n[计] 通用汇编程序, 图形应用程序, 间距",,cet4 cet6 ky toefl ielts,1988,2121
garage,gә'rɑ:ʒ. 'gærɑ:ʒ,"n. 车库, 汽车修理厂, 机库\nvt. 把车送入修车场",,gk cet4 cet6 ky ielts,3113,3208
garbage,'gɑ:bidʒ,"n. 垃圾, 废物\n[计] 无用信息",,gk cet4 cet6 ky toefl ielts,12130,3934
gardener,'gɑ:dәnә,"n. 园丁, 花匠, 园艺家",,cet4 cet6,4757,5751
gas,gæs,"n. 气体, 汽油, 瓦斯\n[化] 气体; 煤气; 瓦斯; 毒气",,gk cet4 ky,1205,1023
gaseous,'gæsiәs,"a. 气体的, 气态的, 无实质的\n[医] 气[体]的",,cet4 cet6 toefl gre,23487,18191
gasoline,'gæsәli:n,n. 汽油\n[化] 汽油,,cet4 cet6 ky toefl,23359,4082
gasp,gæsp,"n. 喘气\nvi. 喘气, 喘息, 渴望\nvt. 气喘吁吁地说",,cet4 cet6 ky toefl ielts,5196,5660
gather,'gæðә,"n. 集合, 聚集\nvi. 聚集, 集合, 渐增\nvt. 使聚集, 搜集, 积聚",,gk cet4 cet6 ky,1778,1347
gauge,geidʒ,"n. 标准度量, 计量器\nvt. 精确计量, 估计\n[计] 线规",,cet4 cet6 ky toefl ielts gre,6448,6046
gay,gei,"a. 欢快的, 艳丽的, 快乐的, 放荡的",,gk cet4 cet6 ky,4231,2056
gaze,geiz,"n. 注视, 凝视\nvi. 注视, 凝视",,cet4 cet6 ky toefl gre,3258,3327
gear,giә,"n. 齿轮, 工具\nvt. 以齿轮连起, 开动, 使适应, 安排\nvi. 连接上, 适合",,cet4 cet6 ky toefl ielts gre,3392,2607
gene,dʒi:n,n. 基因\n[化] 基因(遗传因子),,cet4 ky ielts gre,2150,2287
general,'dʒenәrәl,"n. 一般, 将军, 大体\na. 全面的, 大体的, 总的, 一般的, 普遍的\nn. 常规\n[计] 常规",,zk gk cet4 cet6 ky toefl ielts,301,804
generally,'dʒenәrәli,"adv. 通常, 逐渐地, 普遍地",,cet4 cet6 toefl,861,1202
generate,'dʒenәreit,"vt. 产生, 发生, 导致\n[电] 产生",,cet4 cet6 ky toefl ielts gre,1716,1692
generation,.dʒenә'reiʃәn,"n. 一代, 一世, 产生\n[医] 生殖, 世代",,gk cet4 cet6 ky gre,1344,1026
generator,'dʒenәreitә,"n. 产生器, 发电机, 生产者\n[计] 发生器",,cet4 cet6 ky gre,6922,5836
generous,'dʒenәrәs,"a. 慷慨的, 有雅量的, 大量的, 丰富的",,gk cet4 cet6 ky toefl ielts,3178,3886
genetic,dʒi'netik,"a. 创始的, 遗传的, 起源的, 遗传学的\n[医] 生殖的, 遗传的",,cet4 ky toefl ielts gre,3898,2721
genius,'dʒi:njәs,"n. 天才, 天赋, 精神, 神魔\n[医] 特征",,cet4 cet6 ky toefl ielts,5000,4065
gentle,'dʒentl,"a. 温和的, 文雅的",,gk cet4 cet6 ky toefl ielts gre,2778,3393
gentleman,'dʒentlmәn,"n. 绅士, 先生",,zk gk cet4 cet6 ky,1455,2447
gently,'dʒentli,"adv. 温和地, 温柔地, 轻轻地, 逐渐地",,cet4 cet6 ky,2220,2751
genuine,'dʒenjuin,"a. 真正的, 真实的, 诚恳的\n[医] 真性的",,cet4 cet6 ky toefl ielts gre,2524,3747
geography,dʒi'ɒgrәfi,"n. 地理学, 地理\n[医] 地理",,zk gk cet4 cet6 ky ielts,3967,5163
geology,dʒi'ɒlәdʒi,"n. 地质学, 地质情况",,cet4 cet6 ky ielts,7403,11449
geometry,dʒi'ɒmәtri,n. 几何学\n[机] 几何学,,gk cet4 cet6 ky toefl ielts,8997,7851
germ,dʒә:m,"n. 细菌, 种子, 生殖细胞, 根源\n[医] 芽胞, 胚, 胚芽, 病菌",,cet4 cet6 ky toefl ielts gre,11643,9241
German,'dʒә:mәn,"n. 德国人, 德语\na. 德国的, 德国人的, 德国语的, 同父母的",,gk cet4 cet6 ielts,1017,1823
Germany,'dʒә:mәni,n. 德国,,gk cet4 cet6 ielts,929,0
gesture,'dʒestʃә,"n. 手势, 姿态\nvi. 作手势, 作姿态",,zk gk cet4 cet6 ky ielts gre,2883,2969
ghost,gәust,"n. 鬼, 灵魂, 幻影, 一丝, 一点\nv. 鬼似地游荡",,cet4 ky,3541,3266
giant,'dʒaiәnt,"n. 巨人, 大力士, 巨大怪物\na. 庞大的, 巨大的",,cet4 cet6 ky toefl,3790,2539
glance,'glɑ:ns,"n. 一瞥, 闪光, 掠过, 辉矿类\nvi. 扫视, 闪光, 掠过, 提到, 略说\nvt. 扫视, 反射, 使掠过",,gk cet4 cet6 ky gre,2192,2417
glare,glєә,"n. 闪耀光, 刺眼\nvi. 发眩光, 瞪视\nvt. 瞪眼表示",,gk cet4 cet6 ky toefl ielts gre,5510,6371
glide,glaid,"n. 滑动, 滑过, 流水\nvi. 滑动, 滑翔, 溜走, 流逝\nvt. 使滑动",,cet4 cet6 ky toefl ielts gre,8829,7090
glimpse,glimps,"n. 一瞥, 一闪\nvi. 投以一瞥, 闪烁不定\nvt. 瞥见",,cet4 cet6 ky toefl ielts gre,5348,4555
glitter,'glitә,"n. 灿烂, 闪烁, 辉耀\nvi. 灿烂, 闪烁, 辉耀",,cet4 cet6 ky ielts gre,10754,11840
global,'glәubl,"a. 通用的, 全球的, 球形的, 综合的, 普遍的\n[计] 共用",,cet4 cet6 ky toefl ielts,2410,1110
globe,glәub,"n. 球, 球状物, 地球仪, 天体\nv. (使)成球状",,gk cet4 cet6 ky,6872,4735
gloomy,'glu:mi,"a. 抑沉的, 忧闷的, 黑暗的, 悲观的",,cet4 cet6 ky toefl ielts gre,6987,9832
glorious,'glɒ:riәs,a. 光荣的,,cet4 cet6 ky toefl ielts,5276,6191
glory,'glɒ:ri,"n. 光荣, 荣耀, 荣誉, 壮丽, 繁荣\nvi. 自豪",,gk cet4 cet6 ky,3797,4113
glove,glʌv,n. 手套\nvt. 给...戴手套,,zk gk cet4 cet6 ky,4535,3095
glow,glәu,"n. 赤热, 光辉, 热情, 热烈, 红光\nvi. 发红光, 红光焕发, 发热, 洋溢, 激动",,cet4 cet6 ky ielts gre,6174,5092
glue,glu:,"n. 胶, 粘性物\nvt. 粘合, 胶合",,gk cet4 cet6 ky toefl ielts,7883,7268
goal,gәul,"n. 目标, 终点, 得分, 球门, 守门员\nvi. 攻门, 射门得分",,gk cet4 cet6 ky toefl ielts,930,681
goat,gәut,"n. 山羊, 替罪羊, 色鬼",,zk gk cet4 cet6 ky,5117,4674
God,^ɔd,"n. 上帝, 神像, 偶像\nvt. 使神化",,zk gk cet4 ky,492,2809
gold,gәuld,"n. 黄金, 钱财, 金块, 金色, 宝贵\na. 金的, 似金的, 金色的, 金制的",,zk gk cet4 ky ielts,1278,1256
golden,'gәuldn,"a. 金的, 含金的, 金色的, 贵重的, 繁盛的\n[法] 金制的, 金色的, 兴隆的",,zk gk cet4 cet6 ky,2240,1821
golf,gɒlf,n. 高尔夫球\nvi. 打高尔夫球,,gk cet4 cet6 ky ielts,2501,1801
goodness,'gudnis,"n. 仁慈, 善良",,gk cet4 cet6 ky,4367,5155
goods,guds,"n. 货物\n[经] 货物, 商品, 动产",,gk cet4 cet6 ky ielts,995,0
goose,gu:s,"n. 鹅, 雌鹅, 鹅肉, 弯把熨斗\nvt. 与...性交, 突然加大油门, 使生色, 喝倒彩",,zk gk cet4 cet6 ky,6076,5529
govern,'gʌvәn,"v. 统治, 支配, 管理",,gk cet4 cet6 ky toefl,3050,3711
government,'gʌvәnmәnt,"n. 政府, 内阁\n[经] 政府, 政治, 政体",,zk gk cet4 cet6 ky ielts,124,201
governor,'gʌvәnә,"n. (美)州长, (英)总督, 统治者, 管理者, 理事\n[医] 节制器, 调节器",,cet4 cet6 ky toefl,2204,1811
gown,gaun,"n. 睡衣, 法衣, 大学全体师生\nvt. 使穿睡衣",,gk cet4 cet6 ky ielts,5811,5262
grace,greis,"n. 优雅, 风度, 慈悲, 恩惠, 体面, 赦免, 恩典, 谢恩祷告\nvt. 使优美",,cet4 cet6 ky toefl ielts gre,4104,11346
graceful,'greisful,a. 优美的,,cet4 cet6 ky toefl,9715,7236
gracious,'greiʃәs,"a. 亲切的, 慈善的",,cet4 cet6 ky toefl ielts gre,9946,8538
gradual,'grædʒuәl,"a. 逐渐的, 渐增的\nn. 弥撒升阶圣歌",,cet4 cet6 ky ielts,5327,6796
gradually,'grædʒuәli,adv. 逐渐地,,gk cet4 cet6,2325,2961
graduate,'grædʒueit,"n. 毕业生, 量杯\na. 已得学位的, 研究生的, 毕业的\nvi. 毕业, 得学位, 逐渐变为\nvt. 准予...毕业, 授予...学位, 分等级, 刻刻度",,gk cet4 cet6 ky toefl,3693,2115
grain,grein,"n. 谷粒, 颗粒, 谷类, 纹理, 本质\nv. (使)成谷粒",,gk cet4 cet6 ky toefl ielts gre,3226,3222
grammar,'græmә,"n. 语法学, 入门书\n[计] 语法检查",,zk gk cet4 cet6 ky ielts,2979,8367
grammatical,grә'mætikl,"a. 语法的, 合乎语法的\n[法] 语法上的, 符合语法规则的, 文法上的",,cet4 cet6,5905,18423
gramme,græm,n. 克\n[医] 克,,cet4 cet6 ky,24305,0
grand,grænd,"a. 庄重的, 壮观的, 显赫的, 重大的, 最高的, 雄伟的, 宏大的, 豪华的, 傲慢的\n[法] 重大的, 主要的, 伟大的",,gk cet4 cet6 ky toefl ielts,1851,2237
granddaughter,'^rændɔ:tә(r),"n. 孙女, 外孙女",,zk gk cet4 cet6,11766,8528
grandfather,'grændfɑ:ðә,"n. 祖父, 始祖\n[电] 原始资料组",,zk cet4 cet6,4184,2950
grandmother,'grændmʌðә,"n. 祖母, 女祖先",,zk cet4 cet6 ky,4338,2495
grandson,'grændsʌn,"n. 孙子, 外孙",,zk gk cet4 cet6,6942,6641
grant,grænt,"n. 授予, 授予物, 允许\nvt. 允许, 承认, 授与\n[计] 授权命令",,cet4 cet6 ky ielts gre,1395,1907
grape,greip,"n. 葡萄, 葡萄树\n[医] 葡萄",,zk gk cet4 cet6 ky,6533,4764
graph,græf,"n. 曲线图, 图表, 图形\n[计] 图形",,gk cet4 cet6 ky toefl ielts,4596,26137
grasp,græsp,"n. 把握, 抓紧, 理解, 抓, 柄, 控制\nvt. 抓住, 紧握, 领会\nvi. 抓",,gk cet4 cet6 ky toefl,3973,4181
grateful,'greitful,"a. 感谢的, 感激的, 令人快意的, 受欢迎的",,gk cet4 cet6 ky toefl gre,2887,3672
gratitude,'grætitju:d,n. 感激之情,,cet4 cet6 ky toefl ielts gre,6369,7058
grave,greiv,"n. 墓穴, 坟墓, 终结, 死亡\na. 庄重的, 严肃的, 重大的, 低沉的\nvt. 雕刻",,cet4 cet6 ky ielts gre,3630,3358
gravity,'græviti,"n. 地心引力, 重力\n[化] 重力",,gk cet4 cet6 ky toefl ielts gre,4956,3956
gray,grei,"n. 灰色, 暗淡\na. 灰色的, 灰白的, 面色苍白的, 年老的, 老练的, 阴沉的\nv. (使)变灰色",,cet4 cet6,5464,1939
greatly,'greitli,"adv. 很, 非常",,cet4 cet6,2526,3436
greedy,'gri:di,"a. 贪婪的, 贪得的, 贪吃的",,gk cet4 cet6 ky toefl ielts,8585,8908
Greek,gri:k,"n. 希腊人, 希腊语\na. 希腊的, 希腊人的\n[计] 希腊",,gk cet4 cet6,35822,4063
greenhouse,'gri:nhaus,n. 温室,,cet4 cet6 ky gre,5450,5166
greet,gri:t,"vt. 问候, 致敬, 欢迎, 映入眼帘",,gk cet4 cet6 ky,3303,3475
greeting,'gri:tiŋ,"n. 祝贺, 问候",,zk gk cet4 cet6 ky,6498,6324
grey,grei,"n. 灰色\na. 灰色的, 阴沉的\nv. (使)成灰色",,cet4 cet6 ky,1899,37508
grieve,gri:v,"vt. 使悲伤\nvi. 悲痛, 伤心",,cet4 cet6 ky toefl ielts gre,11575,9760
grind,graind,"n. 磨, 碾, 苦差, 摩擦声, 用功的学生\nvt. 磨擦, 磨碎, 磨光, 折磨, 压榨\nvi. 磨, 磨碎, 苦干",,cet4 cet6 ky toefl ielts gre,5538,5372
grip,grip,"n. 紧握, 柄, 握力, 握手方式, 手提包, 掌握, 支配, 控制\nvt. 抓紧, 抱住, 吸住, 掌握\nvi. 握牢, 有吸引力",,cet4 cet6 ky toefl ielts,3376,3694
groan,grәun,"n. 呻吟, 叹息\nvi. 呻吟, 抱怨, 受压迫\nvt. 呻吟地说",,cet4 cet6 ky ielts gre,6209,7178
grocer,'grәusә,n. 食品商,,gk cet4 cet6 ky,11854,14410
grocery,'grәusәri,"n. 食品杂货店, 食品杂货业",,cet4 cet6,9714,3301
gross,grәus,"n. 总数, 总量\na. 总共的, 未打折扣的, 恶劣的, 粗野的\nvt. 总共收入",,cet4 cet6 ky ielts gre,3198,4409
growth,grәuθ,"n. 生长, 栽培, 增长\n[计] 等比级数",,gk cet4 cet6 ky ielts,770,787
guarantee,.gærәn'ti:,"n. 担保, 抵押品, 保证书\nvt. 保证, 担保",,gk cet4 cet6 ky toefl ielts gre,2525,2774
guard,gɑ:d,"n. 守卫者, 警戒, 护卫队, 防护装置\nvt. 保卫, 看守, 当心\nvi. 防止, 警惕, 警卫, 看守",,zk gk cet4 cet6 ky,2247,1284
guidance,'gaidns,"n. 指导, 领导\n[医] 导",,gk cet4 cet6 ky ielts,2601,3869
guide,gaid,"n. 引导者, 导游, 指南, 路标\nvt. 指导, 支配, 管理, 带领, 操纵\nvi. 任向导\n[计] 辅助线",,gk cet4 cet6 ky ielts,1645,1779
guilty,'gilti,"a. 犯罪的, 有过失的, 自觉有错的, 心虚的\n[法] 有罪的, 犯罪的, 自觉有罪的",,gk cet4 cet6 ky gre,2126,2061
gulf,gʌlf,"n. 海湾, 深渊, 漩涡, 隔阂\nvt. 吞没",,cet4 cet6 ky toefl,3162,6929
gum,gʌm,"n. 树胶, 橡皮, 橡皮糖, 牙床, 老天\nvt. 涂以树胶, 用胶粘, 使有粘性\nvi. 分泌树胶, 发粘",,cet4 cet6 ky gre,7896,5971
gun,gʌn,n. 枪\n[医] 枪,,zk gk cet4 cet6 ky,1706,840
gunpowder,'gʌnpaudә,n. 火药\n[化] 有烟火药; 火药,,cet4 cet6,16323,16953
guy,gai,"n. 家伙, 支索\nvt. 用支索撑住, 取笑, 嘲弄\nvi. 逃跑",,cet4 ky ielts gre,2409,364
gymnasium,dʒim'neiziәm,"n. 健身房, 体育馆\n[医] 体育馆, 健身室, 运动场",,zk cet4 cet6 ky ielts,15478,13057
habit,'hæbit,"n. 习惯, 嗜好, 习性\nvt. 使穿衣",,zk gk cet4 cet6 ky ielts,2239,2308
habitual,hә'hitʃuәl,"a. 习惯的, 惯常的, 平常的\n[法] 习惯的, 以习惯为常业的, 惯常的",,cet4 cet6,11263,13451
haircut,'hєәkʌt,"n. 理发, (男子的)发式",,gk cet4 cet6,12035,8476
hall,hɒ:l,"n. 门厅, 走廊, 会堂",,zk gk cet4 cet6 ky toefl ielts,800,1839
halt,hɒ:lt,"n. 停止, 立定, 休息\nvt. 使停止, 使立定\nvi. 立定, 停止, 蹒跚, 踌躇, 有缺点\n[计] 停止",,cet4 cet6 ky toefl ielts,4352,5267
hamburger,'hæmbә:gә,"n. 汉堡(德国港口), 肉饼, 汉堡包, 纯精牛肉, 汉堡牛排",,zk gk cet4 cet6 ky toefl,14356,7483
hammer,'hæmә,"n. 锤, 铁锤, 钉锤\nvt. 锤打, 敲打, 钉\nvi. 连续锤打\n[计] 锤头",,gk cet4 cet6 ky toefl gre,4955,6231
handful,'hændful,"n. 少数, 一把, 棘手事",,gk cet4 cet6 ky toefl,4262,3109
handkerchief,'hæŋkәtʃif,"n. 手帕, 头巾, 围巾",,gk cet4 cet6 ky,6708,8487
handle,hændl,"n. 柄, 把手, 把柄, 柄状物, 手感\nvt. 触摸, 运用, 买卖, 处理, 操作\nvi. 搬运, 易于操纵\nn. 句柄\n[计] 句柄",,gk cet4 cet6 ky toefl gre,1576,1238
handsome,'hænsәm,"a. 英俊的, 大方的, 慷慨的, 相当可观的, 美观的, 灵敏的",,zk gk cet4 cet6 ky ielts,4033,3838
handwriting,'hændraitiŋ,n. 笔迹,,zk gk cet4 cet6 ky,7825,9204
handy,'hændi,"a. 便利的, 敏捷的, 容易取得的\n[化] 便于使用的; 易操作的",,gk cet4 cet6 ky toefl ielts,5980,6380
hang,hæŋ,"n. 悬挂, 诀窍, 意义\nvt. 悬挂, 附着, 装饰, 垂下, 踌躇, 绞死, 使悬而未决\nvi. 悬着, 垂下, 被绞死, 悬而不决",,zk gk cet4 cet6 ky toefl ielts,1069,867
happen,'hæpәn,"vi. 发生, 发生, 恰巧",,zk gk cet4 ky,275,216
happiness,'hæpinis,"n. 快乐, 幸运, 适当",,gk cet4,3979,3870
harbour,'hɑ:bә,"n. 港, 避难所\nv. 庇护, 藏匿, (使)入港停泊",,gk cet4 cet6 ielts,3526,36866
harden,hɑ:dn,"vt. 使变硬, 使坚强, 使冷酷\nvi. 变硬, 变冷酷",,cet4 cet6 ky toefl gre,6995,8207
hardly,'hɑ:dli,"adv. 刚刚, 几乎不, 勉强是",,zk gk cet4 cet6 ky toefl,1135,1741
hardship,'hɑ:dʃip,"n. 艰难, 辛苦, 苦难\n[法] 受苦, 吃苦, 苦难",,gk cet4 cet6 ky toefl,6378,6922
hardware,'hɑ:dwєә,"n. 硬件, 五金器具, 零件\n[计] 硬件",,cet4 cet6 ky toefl ielts,3435,4019
hare,hєә,n. 野兔\nvi. 飞跑,,cet4 cet6,7035,14507
harm,hɑ:m,"n. 伤害, 害处\nvt. 伤害, 损害",,gk cet4 cet6 ky toefl,3189,3651
harmful,'hɑ:mful,"a. 有害的, 伤害的",,gk cet4 cet6 toefl ielts,6454,5809
harmony,'hɑ:mәni,"n. 协调, 和睦, 调和\n[电] 和声学",,gk cet4 cet6 ky toefl ielts gre,4697,4669
harness,'hɑ:nis,"n. 马具, 挽具状带子, 甲胄\nvt. 给...上挽具, 驾驭, 披上甲胄, 利用...以产生动力",,cet4 cet6 ky toefl ielts gre,8482,9768
harsh,hɑ:ʃ,"a. 粗糙的, 刺耳的, 严厉的\n[法] 粗糙的, 严厉的, 苛刻的",,cet4 cet6 ky toefl ielts gre,3931,3471
harvest,'hɑ:vist,"n. 收获, 成果, 收获物, 收获期\nv. 收割, 收获",,gk cet4 cet6 ky toefl,5250,4839
haste,heist,"n. 匆忙, 急忙",,cet4 cet6 ky toefl ielts,9482,13347
hasten,'heisn,"vt. 催促, 加紧\nvi. 赶快, 急忙",,cet4 cet6 toefl gre,8507,9445
hasty,'heisti,"a. 匆匆的, 轻率的, 性怠的",,cet4 cet6 ky toefl ielts gre,11493,12658
hatch,hætʃ,"n. 孵化, 舱口\nvt. 孵, 孵出, 策划\nvi. 孵化",,gk cet4 cet6 ky toefl ielts gre,7882,7365
hate,heit,"n. 憎恨, 恨, 厌恶\nvt. 憎恨, 憎恶\nvi. 仇恨",,zk gk cet4 cet6 ky,1839,1526
hateful,'heitful,"a. 憎恨的, 可恨的, 可恶的",,cet4 cet6,20378,14495
hatred,'heitrid,"n. 憎恨, 仇恨, 憎恶\n[法] 敌意, 憎恨, 憎恶",,cet4 cet6 ky toefl,5352,5252
hawk,hɒ:k,"n. 鹰, 掠夺者, 鹰派成员\nvi. 放鹰行猎, 像鹰一般地袭击, 清嗓, 咳嗽\nvt. 捕捉, 咳出, 兜售, 叫卖, 散播",,gk cet4 cet6 ky ielts gre,9990,7924
hay,hei,"n. 干草\nvt. 制干草, 供给干草\nvi. 晒干草",,gk cet4 cet6 ky toefl,6529,7184
hazard,'hæzәd,"n. 冒险, 危险, 机会\nvt. 冒...的危险, 赌运气, 使冒危险\n[计] 相关危险; 冒险",,cet4 cet6 ky toefl ielts gre,4320,4876
headache,'hedeik,"n. 头痛, 令人头痛之事\n[医] 头痛",,zk gk cet4 cet6 ky ielts,5005,4745
heading,'hediŋ,"n. 标题, 起始字, 方向\n[计] 上标题",,cet4 cet6 ky ielts,3662,9765
headline,'hedlain,"n. 大标题, 新闻摘要\nvt. 为...做标题, 写标题",,gk cet4 cet6 ky,4488,3293
headmaster,'hed'mɑ:stә,"n. (中小学)校长, 监工",,gk cet4 cet6 ky ielts,4787,16726
headquarters,hed'kwɒ:tәz,"n. 总部, 司令部, 总部人员\n[经] 本部, 总部, 总署",,cet4 cet6 ky toefl,2817,2867
heal,hi:l,"vi. 痊愈\nvt. 使复原, 使和解, 治愈",,cet4 cet6 ky toefl ielts gre,6363,4371
heap,hi:p,"n. 堆, 许多, 累积\nvt. 堆积, 装满\n[计] 堆",,gk cet4 cet6 ky ielts,5596,7087
heat,hi:t,"n. 热, 热度, 体温, 高潮\nvi. 加热, 激昂, 加剧\nvt. 把...加热, 使激动",,zk gk cet4 cet6 ky,1699,1009
heating,'hi:tiŋ,"n. 加热, 供热, 暖气设备, 供暖系统, 暖气装置\na. 加热的, 供暖的",,cet4 cet6,3505,6037
heaven,'hevn,"n. 天堂, 上帝, 天空",,zk gk cet4 cet6 ky toefl,2649,2626
heavily,'hevili,"adv. 很重地, 严重地, 难以忍受地",,gk cet4 cet6,2153,2363
hedge,hedʒ,"n. 树篱, 障碍, 套头交易\nvt. 用树篱围, 套期保值, 妨碍, 两面下注以防...的损失\nvi. 筑树篱, 躲闪, 两面下注以防损失\na. 树篱的, 偷偷摸摸的",,cet4 cet6 ky ielts gre,4118,6032
heel,hi:l,"n. 脚后跟, 踵, 后部, 倾侧\nvt. 尾随, 装以鞋跟, 倾侧, 追赶\nvi. 紧随, 用脚后跟传球",,gk cet4 cet6 ky toefl,3535,3056
height,hait,"n. 高度, 海拔, 高地, 顶点\n[化] 高度",,zk gk cet4 cet6 ky toefl ielts,1913,2040
heir,єә,"n. 继承人, 嗣子, 后嗣\n[法] 继承人, 后嗣",,cet4 cet6 ky toefl ielts gre,4607,6177
helicopter,'helikɒptә,n. 直升机\nvt. 由直升机运送\nvi. 乘直升机,,gk cet4 cet6 ky ielts,4159,3100
hell,hel,"n. 地狱, 邪恶势力, 苦境, 阴间, 毁坏, 训斥\nvi. 狂饮, 飞驰",,cet4 cet6 ky ielts,1748,1456
helmet,'helmit,"n. 钢盔, 盔, 防护帽\nvt. 给...戴头盔",,gk cet4 cet6 ky ielts gre,5642,4303
helpful,'helpful,"a. 有帮助的, 有益的, 有用的",,zk gk cet4 cet6 ky toefl,2582,3054
helpless,'helplis,"a. 无助的, 无能为力的, 无依无靠的",,cet4 cet6 toefl,6506,6550
hen,hen,"n. 母鸡, 雌禽",,zk gk cet4 ky,6080,7934
hence,hens,"adv. 因此, 从此",,cet4 cet6 ky toefl ielts,1904,3639
herd,hә:d,"n. 兽群, 人群, 牧人\nvt. 群集, 使成群, 放牧\nvi. 聚在一起",,cet4 cet6 ky toefl ielts gre,5760,5174
hero,'hiәrәu,"n. 英雄, 超越常人者, 男主角",,zk gk cet4 cet6 ky ielts,2477,1912
heroic,hi'rәuik,"a. 英勇的, 英雄式的, 壮丽雄伟的\nn. 英雄诗, 史诗, 英勇行为",,cet4 cet6 ky,7645,6176
heroine,'herәuin,"n. 巾帼英雄, 烈妇, 女主角\n[化] 海洛因; 二醋吗啡; 二乙酰吗啡",,gk cet4 cet6 ky ielts,8840,8342
hesitate,'heziteit,"vi. 犹豫, 迟疑, 踌躇, 支吾, 停顿",,cet4 cet6 ky toefl,3279,3924
hide,haid,"n. 兽皮, 迹象, 躲藏处\nvt. 藏, 隐瞒, 遮避, 剥...的皮, 隐藏\nvi. 躲藏\n[计] 隐藏",,zk gk cet4 cet6 ky toefl gre,1486,1255
highlight,'hailait,"n. 加亮区, 精彩场面\nvt. 加亮, 使显著, 以强光照射, 突出\n[计] 突出",,cet4 cet6 ky toefl ielts,2853,3369
highly,'haili,"adv. 非常, 非常赞许地\n[电] 大大地",,cet4 cet6 ky,1091,1320
highway,'haiwei,"n. 公路, 大道, 捷径\n[法] 公路, 大路",,gk cet4 cet6 ky,4470,2583
hillside,'hilsaid,"n. 山坡, 山腹",,gk cet4 cet6,6497,6756
hint,hint,"n. 暗示, 提示\nv. 暗示, 示意",,cet4 cet6 ky toefl ielts,3492,3909
hire,haiә,"n. 租金, 租用, 雇用\nvt. 雇请, 出租\nvi. 受雇",,gk cet4 cet6 ky,3488,1491
historical,hi'stɒrikәl,"a. 历史的, 史实的, 历史上的\n[法] 历史性的",,cet4 cet6 ky ielts,1689,1472
history,'histәri,"n. 历史, 过去, 经历, 发展过程, 历史学, 过去的事, 历史记录\n[计] 历史记录",,zk gk cet4 cet6 ky ielts,496,350
hit,hit,"n. 打击, 打, 冲撞, 讽刺\nvt. 打, 打击, 碰撞, 打中, 袭击, 偶然碰上\nvi. 打, 打中, 打击, 碰撞, 偶然碰上\n[计] 击中; 找到; 瞬时打扰",,zk gk cet4 cet6 ky ielts,927,535
hole,hәul,"n. 孔, 洞, 穴, 漏洞\nvt. 挖洞, 掘坑\nvi. 进洞, 凿洞",,zk gk cet4 cet6 ky,1329,1213
hollow,'hɒlәu,"n. 洞, 窟窿, 山谷\na. 空的, 虚伪的, 空腹的, 凹的\nvi. 形成空洞\nvt. 挖空",,cet4 cet6 ky toefl,7023,7413
holy,'hәuli,"a. 神圣的, 圣洁的, 至善的\nn. 神圣的东西",,gk cet4 cet6 ky,2701,2375
honest,'ɒnist,"a. 诚实的, 坦直的, 可靠的",,zk gk cet4 ky,2681,2530
honesty,'ɒnisti,"n. 诚实, 公正, 正直",,cet4 cet6,6858,6192
honey,'hʌni,"n. 蜂蜜, 甜蜜, 爱人\na. 蜂蜜似的, 甜蜜的, 甘美的\nvt. 加蜜使甜, 对...说甜言蜜语\nvi. 说甜言蜜语, 奉承",,gk cet4 ky,5334,2932
honeymoon,'hʌnimu:n,"n. 蜜月, 蜜月假期\nvi. 渡蜜月",,cet4 cet6,7922,8111
honour,'ɒnә,"n. 荣誉, 头衔, 信用, 尊敬, 名誉, 阁下, 勋章\nvt. 尊敬, 授予荣誉, 承兑, 实践",,zk gk cet4 cet6,2382,32290
honourable,'ɒnәrәbl,"a. 值得尊敬的, 荣耀的, 高贵的\n[法] 荣誉的, 正直的, 体面的",,cet4 cet6,6039,33544
hook,huk,"n. 钩, 钩状, 镰刀, 陷阱\nvt. 挂...于钩上, 钩住, 引上钩, 偷窃\nvi. 弯成钩状, 钩紧\n[计] 钩",,gk cet4 cet6 ky toefl,4337,3791
hopeful,'hәupful,"n. 有希望之人, 有前途之人\na. 有希望的, 怀抱希望的, 保持乐观的",,gk cet4 cet6 ky,6877,5116
hopeless,'hәuplis,"a. 无希望的, 绝望的, 不可救药的",,gk cet4 cet6,6390,7926
horizon,hә'raizәn,"n. 地平线, 眼界, (天)视地平",,cet4 cet6 ky toefl ielts,3831,3113
horizontal,.hɒri'zɒntәl,"n. 水平线, 水平面, 水平位置\na. 水平线的, 平坦的, 横的\nn. 水平\n[计] 水平",,cet4 cet6 ky toefl gre,5097,6000
horn,hɒ:n,"n. 角, 角质, 喇叭, 号角\na. 角制的\nvt. 用角触, 长角于",,cet4 cet6 ky toefl gre,4090,3653
horrible,'hɒrәbl,"a. 可怕的, 遭透的, 极讨厌的",,gk cet4 cet6 ky ielts,4036,3750
horror,'hɒrә,"n. 惊骇, 恐怖, 惨状\n[医] 恐怖, 恐惧",,cet4 cet6 ky toefl,2937,3318
horsepower,'hɒ:spauә,n. 马力\n[电] 马力,,cet4 cet6 ky toefl,23778,12375
host,hәust,"n. 主人, 旅馆老板, 节目主持人\nvt. 当主人招待, 作...节目主持人\n[计] 主机, 宿主机",,gk cet4 cet6 ky ielts,2542,1840
hostess,'hәustis,"n. 女主人, 女房东, 女老板",,gk cet4 cet6 ky,9940,10323
hostile,'hɒstail,"a. 敌人的, 怀敌意的, 敌对的\nn. 敌对分子",,cet4 cet6 ky toefl ielts gre,4148,4163
household,'haushәuld,"n. 一家人, 家庭, 家族, 王室\na. 家庭的, 家常的, 王室的",,cet4 cet6 ky toefl,1644,1967
housewife,'hauswaif,"n. 主妇, 家庭妇女",,gk cet4 cet6 ky,5741,8592
however,hau'evә,"adv. 然而, 无论如何, 究竟怎样\nconj. 然而, 可是",,zk gk cet4 ky,145,284
huge,hju:dʒ,"a. 极大的, 巨大的, 无限的",,zk gk cet4 ky,1230,911
human,'hju:mәn,"n. 人, 人类\na. 人类的, 似人类的, 人性的, 有同情心的",,zk gk cet4 ky toefl ielts,550,399
humble,'hʌmbl,"a. 低下的, 谦逊的, 粗陋的\nvt. 使...卑下, 降低...地位, 贬抑",,cet4 cet6 ky toefl ielts gre,6375,5970
humid,'hju:mid,"a. 潮湿的, 湿润的, 多湿气的",,cet4 cet6 ky toefl gre,14511,10699
humor,'hju:mә,"n. 幽默, 诙谐, 心情\nvt. 迎合, 牵就, 顺应",,cet4 ky gre,49143,3057
humorous,'hju:mәrәs,"a. 富幽默感的, 滑稽的, 诙谐的",,zk gk cet4 cet6 ky toefl,9475,9877
humour,'hju:mә,"n. 幽默, 诙谐, 情绪, 体液\nvt. 使满足, 迁就",,gk cet4 cet6,3219,0
hunger,'hʌŋgә,"n. 饥饿, 渴望, 饥荒\nvt. 使挨饿\nvi. 挨饿, 渴望",,gk cet4 cet6 ky toefl,5267,4584
hunt,hʌnt,"n. 狩猎, 追捕, 搜寻, 猎区\nvt. 狩猎, 打猎, 搜索\nvi. 打猎, 猎食, 搜寻",,gk cet4 cet6 ky ielts,4330,3420
hurt,hә:t,"n. 伤害, 创伤, 损害\nv. 伤害, (使)伤心, 危害, 刺痛",,zk gk cet4 cet6 ky,1931,1140
hut,hʌt,"n. 小屋, 茅舍, 临时军营\nv. (使)住在茅舍",,cet4 cet6 ky gre,4208,5321
hydrogen,'haidrәdʒәn,n. 氢\n[化] 氢H-2,,gk cet4 cet6 ky toefl ielts,5200,5103
i.e.,'ai'i:,adv. 也就是,,cet4 cet6,0,0
ice-cream,'aiskri:m,"a. 冰淇淋的, 乳白色的",,cet4,0,0
ideal,ai'diәl,"n. 理想, 典范, 观念, 思想, 最后目标\na. 理想的, 完美的, 空想的, 观念的, 唯心论的",,cet4 cet6 ky toefl ielts,1917,2815
identical,ai'dentikәl,"a. 同一的, 恒等的, 完全相同的\n[医] 同一的, 同等的",,cet4 cet6 ky toefl ielts,3273,3822
identification,ai.dentifi'keiʃәn,"n. 识别, 身份证明, 认同\n[化] 鉴定; 鉴别; 鉴别法; 认证",,gk cet4 cet6 ky toefl ielts,3230,3289
identify,ai'dentifai,"vt. 识别, 认为...等同于, 确定, 使参与\nvi. 一致, 认同",,cet4 cet6 ky toefl ielts,757,770
identity,ai'dentiti,"n. 身份, 相同, 一致, 特性, 恒等式\n[计] (打)标记, 标识",,gk cet4 ky toefl ielts,2061,1322
idiom,'idiәm,"n. 习语, 成语, 惯用语法, 方言",,gk cet4 cet6 ky toefl ielts gre,10357,12698
idle,'aidl,"a. 懒惰的, 闲散的, 停顿的, 空闲的, 无用的\nvi. 无所事事, 闲散, 浪费, 空转\nvt. 虚度, 使闲散, 使空转\nn. 空转, 空闲时间\n[计] 空闲时间",,cet4 cet6 ky ielts gre,7526,8146
ignorant,'ignәrәnt,"a. 无知识的, 不知道的, 由无知产生的\n[法] 无知的, 愚昧的, 不知情的",,cet4 cet6 ky toefl gre,6928,7357
ignore,ig'nɒ:,"vt. 不理睬, 忽视, 驳回, 忽略\n[计] 忽略",,gk cet4 cet6 ky toefl,1296,1375
illegal,i'li:gәl,"a. 违法的, 不合规定的\n[经] 非法的, 犯规的",,gk cet4 cet6 ky ielts gre,3103,2071
illness,'ilnis,"n. 疾病, 恶意\n[医] 病",,zk gk cet4 ky ielts,2290,2303
illusion,i'lju:ʒәn,"n. 幻影, 错觉, 幻想\n[医] 错觉",,cet4 cet6 ky toefl ielts gre,4675,4317
illustrate,'ilәstreit,"vt. 举例说明, 作图解, 阐明\nvi. 举例说明",,cet4 cet6 ky toefl ielts gre,1676,2348
illustration,.ilә'streiʃәn,"n. 例证, 插图\n[化] 插图",,cet4 cet6 ky toefl,3384,4475
image,'imidʒ,"n. 影像, 肖像, 想象, 图像, 形象, 翻版\nvt. 作...的像, 反映, 想象, 象征\nn. 图像\n[计] 图象",,cet4 cet6 ky toefl ielts,904,555
imaginary,i'mædʒinәri,"a. 想像的, 虚构的, 假想的",,cet4 cet6 ky toefl,6863,6513
imagination,i.mædʒi'neiʃәn,"n. 想像, 听觉, 想像力\n[医] 想像",,cet4 cet6 ky,2828,2892
imagine,i'mædʒin,"vt. 想像, 设想, 猜测\nvi. 想像起来",,zk gk cet4 cet6 ky toefl,1197,909
imitate,'imiteit,"vt. 模仿, 效法, 冒充, 仿造",,cet4 cet6 ky toefl ielts,7650,6150
immediate,i'mi:diәt,"a. 立即的, 直接的, 接近的\n[医] 直接的, 立即的",,gk cet4 cet6 ky toefl,1542,2180
immediately,i'mi:diәtli,"adv. 直接地, 立刻, 立即",,zk gk cet4 cet6 toefl,974,1142
immense,i'mens,"a. 极广大的, 无边的, 非常好的",,cet4 cet6 ky toefl ielts gre,4545,5645
immigrant,'imigrәnt,"n. 移民\na. 移入的, 移民的",,cet4 cet6 ky toefl ielts,6097,2069
immigrate,'imigreit,vt. 使移居入境\nvi. 移入,,cet4 cet6 toefl,0,13831
impact,'impækt,"n. 冲击, 冲突, 影响, 效果\nvt. 挤入, 撞击, 压紧, 对...发生影响",,cet4 cet6 ky toefl ielts gre,1263,919
impatient,im'peiʃәnt,"a. 不耐烦的, 着急的, 急切的",,cet4 cet6 ky toefl,7043,7451
implement,'implimәnt,"n. 工具, 器具, 手段\nvt. 实现, 使生效, 执行",,cet4 cet6 ky toefl ielts gre,2149,2285
implication,.impli'keiʃәn,"n. 牵连, 含义, 暗示\n[法] 推断, 含蓄之意, 暗示",,cet4 cet6 ky toefl gre,1627,2434
imply,im'plai,"vt. 暗示, 意味\n[计] 隐含",,cet4 cet6 ky toefl,1675,2796
import,im'pɒ:t,"n. 进口货, 进口, 输入, 含义, 重要性\nvt. 输入, 引入, 进口, 含...的意思, 重要\nvi. 有关系\n[计] 引入",,gk cet4 cet6 ky toefl gre,2757,4050
importance,im'pɒ:tәns,"n. 重要, 重要性, 重要地位, 自大\n[机] 重要, 重要性",,gk cet4 cet6 ky,1025,1573
impose,im'pәuz,"vt. 征(税), 把...强加于, 以...欺骗\nvi. 利用, 欺骗, 施加影响",,cet4 cet6 ky toefl ielts gre,1517,2334
impossible,im'pɒsәbl,"a. 不可能的, 难以置信的, 令人无法忍受的",,zk gk cet4 cet6 ky ielts,1340,1606
impress,im'pres,"n. 印象, 特征, 印记\nvt. 使有印象, 印, 铭刻, 传送, 影响, 强征\nvi. 给人印象",,gk cet4 cet6 ky,4079,3055
impression,im'preʃәn,"n. 印象, 意念, 盖印, 印记, 印数, 底色, 效果\n[医] 压迹, 印模, 印象, 影响",,gk cet4 cet6 ky gre,1846,2537
impressive,im'presiv,"a. 给人深刻印象的, 威严的",,cet4 cet6 ky toefl ielts,2680,3258
imprison,im'prizn,"vt. 使下狱, 关闭, 拘禁, 限制\n[法] 关押, 监禁, 限制",,cet4 cet6,6445,8465
improve,im'pru:v,"vt. 改良, 提高...的价值, 改善, 利用\nvi. 变得更好, 增加",,zk gk cet4 cet6 ky,903,995
improvement,im'pru:vmәnt,"n. 进步, 改善, 利用\n[医] 改善, 好转, 进步",,cet4 cet6 ky ielts,1440,1936
inch,intʃ,"n. 英寸, 身高, 小岛\nvi. 慢慢前进, 慢慢移动\nvt. 使缓慢地移动",,zk gk cet4 cet6 ky gre,2158,8178
incident,'insidәnt,"n. 事件, 事变, 小事\na. 附带的, 易于发生的, 外来的, 入射的",,gk cet4 cet6 ky toefl,1785,1980
incline,in'klain,"n. 倾斜, 斜坡, 斜面\nvt. 使倾向于, 使倾斜\nvi. 倾向, 倾斜, 爱好, 易于",,cet4 cet6 ky ielts,12104,12701
include,in'klu:d,"vt. 包括, 把...算入, 包住\n[计] DOS内部命令:在CONFIG.SYS文件的一个配置块中包含另一配置块的内容",,zk gk cet4 cet6 ky,246,292
income,'inkʌm,"n. 收入, 收益, 流入\n[经] 收益",,gk cet4 cet6 ky,744,1138
incorrect,.inkә'rekt,"a. 不正确的\n[法] 不正确, 错误的, 不适当的",,gk cet4 cet6,7053,7280
increase,in'kri:s,"n. 增加, 增进, 利益\nvt. 增加, 加大\nvi. 增加, 繁殖",,zk gk cet4 cet6 ky,523,660
increasingly,in'kri:siŋli,"adv. 逐渐地, 渐增地",,cet4 cet6 ky,1453,1585
indeed,in'di:d,"adv. 的确, 实在, 真正地, 甚至",,gk cet4 cet6 ky,535,848
indefinite,in'definit,"a. 模糊的, 不确定的, 无限的\n[法] 不确定的, 无限制的",,cet4 cet6 toefl ielts,11948,13974
independence,.indi'pendәns,"n. 独立, 自立, 自主\n[医] 自主性, 独立性",,gk cet4 cet6 ky ielts,2010,2291
independent,.indi'pendәnt,"n. 独立自主者, 无党派者\na. 独立的, 有主见的, 不须依赖的, 不受约束的",,gk cet4 cet6 ky toefl,1013,1265
index,'indeks,"n. 索引, 指针, 指数, 指标\nvt. 编入索引中, 指出\nvi. 做索引\n[计] 下标; 附标; 变址; 索引; 编索引",,cet4 cet6 ky ielts,1793,2621
India,'indjә,n. 印度,,zk gk cet4 cet6,1929,0
Indian,'indiәn,"n. 印度人, 印第安人, 印第安语\na. 印度的, 印度群岛的, 印第安语的",,zk gk cet4 cet6 ielts,15712,1436
indicate,'indikeit,"vt. 显示, 象征, 指示, 指出\n[医] 指示",,gk cet4 cet6 ky toefl gre,812,785
indication,.indi'keiʃәn,"n. 指示, 象征, 暗示\n[医] 指示, 指征, 适应征",,cet4 cet6 ky,2656,3371
indifferent,in'difәrәnt,"a. 漠不关心的, 无重要性的, 中立的\n[医] 中性的, 无作用的, 无亲和力的, 淡漠的",,cet4 cet6 ky toefl ielts gre,7546,8368
indignant,in'dignәnt,"a. 愤怒的, 愤慨的",,cet4 cet6 ky toefl ielts gre,11758,14792
indirect,.indi'rekt,"a. 间接的, 非直截了当的, 不坦率的\n[医] 间接的",,cet4 cet6,4235,6433
indispensable,.indis'pensәbl,"n. 不可缺少之物\na. 不可缺少的, 责无旁贷的, 绝对必要的",,cet4 cet6 ky toefl ielts,8544,8952
individual,.indi'vidʒuәl,"n. 人, 个人, 个体\na. 个别的, 个人的, 独特的",,cet4 cet6 ky ielts gre,738,762
indoor,'indɒ:,"a. 户内的, 室内的",,cet4 cet6 ky,6165,6107
indoors,'in'dɒ:z,adv. 在户内,,cet4 cet6,7741,8145
industrial,in'dʌstriәl,"a. 工业的, 供工业用的, 工业高度发展的, 产业的\nn. 工业工人, 工业股票",,cet4 cet6 ky toefl ielts,863,1913
industrialize,in'dʌstriәlaiz,vt. 使工业化\nvi. 实现工业化,,cet4 cet6 ky,36170,23391
industry,'indәstri,"n. 勤劳, 工业, 企业, 产业, 有组织的劳动\n[经] 工业, 实业",,zk gk cet4 cet6 ky ielts,383,551
inefficient,.ini'fiʃәnt,"a. 无效率的, 无能的\n[医] 无效的, 无效力的",,cet4 cet6,7777,9644
inevitable,in'evitәbl,"a. 不可避免的, 必然的\n[法] 不可避免的, 无法规避的, 必然的",,cet4 cet6 ky toefl ielts,2837,3561
inexpensive,.inik'spensiv,"a. 便宜的, 不贵重的",,cet4 cet6,11852,5823
infamous,'infәmәs,"a. 无耻的, 不名誉的, 声名狼藉的",,cet4 toefl,11420,7661
infant,'infәnt,"n. 婴儿, 儿童, 初学者\na. 婴儿的, 幼稚的",,cet4 cet6 ky toefl ielts gre,2948,3037
infect,in'fekt,"vt. 传染, 感染\n[医] 传染, 感染",,cet4 cet6 ky toefl ielts,6144,5200
infer,in'fә:,"vt. 推论出, 推断\nvi. 作推论",,cet4 cet6 ky toefl gre,7194,9219
inferior,in'fiәriә,"a. 次等的, 较差的, 下方的, 下级的\nn. 部下, 次品, 下标(符号)",,cet4 cet6 ky toefl ielts gre,5966,7505
infinite,'infinit,"n. 无限, 神\na. 无穷的, 无限的, 极大的",,cet4 cet6 ky ielts,6045,6860
influence,'influәns,"n. 影响力, 权力, 势力\nvt. 影响, 改变",,zk gk cet4 cet6 ky ielts,1061,1392
influential,.infu'enʃәl,"a. 有影响的, 有势力的",,cet4 cet6 ky toefl,3871,4289
inform,in'fɒ:m,"vt. 通知, 使了解, 使充满\nvi. 提供资料, 告发",,gk cet4 cet6 ky,1726,2177
ingredient,in'gri:diәnt,"n. 成分, 因素\n[化] 配合剂; 拼料; 成分; 组分",,cet4 cet6 ky toefl ielts gre,3844,2590
inhabit,in'hæbit,"vt. 居住于, 占据, 栖息",,cet4 cet6 ky toefl ielts gre,6908,6052
inhabitant,in'hæbitәnt,"n. 居民, 居住者\n[医] 居民",,cet4 cet6 ky toefl ielts gre,4166,5914
inherit,in'herit,"vt. 继承, 遗传\nvi. 接受遗产",,cet4 cet6 ky toefl ielts gre,3786,4471
initial,i'niʃәl,"n. 字首, 首字母\na. 开始的, 最初的, 字首的\nvt. 用姓名的首字母签名",,gk cet4 cet6 ky toefl ielts gre,1525,1943
initiative,i'niʃiәtiv,"n. 主动行动, 首创精神, 主动权\na. 自发的, 起始的",,cet4 cet6 ky ielts gre,1688,2138
injection,in'dʒekʃәn,"n. 注射, 注射剂\n[化] 注入; 注射",,cet4 cet6 ielts gre,4565,5734
injure,'indʒә,"vt. 伤害, 损害, 使受冤屈\n[医] 损伤",,gk cet4 cet6 ky toefl,3032,3721
injury,'indʒәri,"n. 伤害, 侮辱\n[医] 伤, 损伤",,gk cet4 cet6 ky toefl ielts,1334,1553
ink,iŋk,"n. 墨水, 墨汁\nvt. 涂墨水于, 签署, 加墨水",,zk gk cet4 cet6 ky,6004,5193
inn,in,"n. 旅馆, 客栈\nvi. 住旅馆",,gk cet4 cet6 ky,3852,6591
inner,'inә,"a. 内部的, 内心的\nn. 内部",,cet4 cet6 ky toefl,2014,2449
innocent,'inәsәnt,"a. 无罪的, 不懂事的, 无知的\nn. 天真的人, 笨蛋",,gk cet4 cet6 ky toefl ielts,3421,2775
input,'input,"n. 输入, 输入电路\nvt. 输入\n[计] 输入",,cet4 cet6 ky,2275,4120
inquire,in'kwaiә,"v. 询问, 问明, 查究",,cet4 cet6 ielts,8760,6687
inquiry,in'kwaiәri,"n. 质询, 探索, 调查, 询盘\n[计] 询问; 查询",,cet4 cet6 ky toefl gre,2067,3367
insect,'insekt,"n. 昆虫, 卑鄙的人\n[医] 昆虫",,gk cet4 cet6 ky ielts,3450,3405
insert,in'sә:t,"n. 插入物\nvt. 插入, 把(人造卫星)射入(轨道), 添写\nvi. 附着\n[计] 插入",,gk cet4 cet6 ky toefl ielts gre,3796,4301
inside,'in'said,"n. 内部, 内脏, 内幕\na. 内部的, 秘密的, 户内的\nadv. 在里面\nprep. 在...之内",,zk gk cet4 cet6 ky,1301,964
insight,'insait,"n. 察看, 洞察力, 见识\n[医] 自知力, 洞察, 顿悟",,cet4 cet6 ky toefl ielts,3302,2840
insignificant,.insig'nifikәnt,"a. 无关紧要的, 无意义的, 琐碎的",,cet4 cet6 toefl,8473,8884
insist,in'sist,"v. 坚持, 坚决主张, 强调",,zk gk cet4 cet6 ky toefl,1411,1359
inspect,in'spekt,"vt. 检查, 检阅, 检验\nvi. 检查",,gk cet4 cet6 ky toefl,4286,5031
inspection,in'spekʃәn,"n. 检验, 检查, 视察\n[医] 检查, 视察, 监督, 望诊",,cet4 cet6 toefl ielts gre,3194,3588
inspire,in'spaiә,"vt. 使感动, 激发, 启示, 吸入, 鼓舞, 产生, 使生灵感\nvi. 吸入, 赋予灵感",,gk cet4 cet6 ky toefl ielts,3204,2299
install,in'stɒ:l,"vt. 安装, 安置, 使就职\n[计] 安装, 安装程序; DOS内部命令:安装常驻程序",,cet4 cet6 ky toefl ielts gre,2603,2505
installation,.instә'leiʃәn,"n. 安装, 装置, 就职\n[医] 结构, 装置, 设立",,cet4 cet6 ky,3747,4436
instance,'instәns,"n. 建议, 情况, 例子, 场合\nvt. 引以为例, 举例说明",,cet4 cet6 ky,2441,2957
instant,'instәnt,"n. 立即, 瞬间\na. 紧急的, 立即的, 即时的",,gk cet4 cet6 ky toefl,4938,4453
instantly,'instәntli,"adv. 立即地, 即刻地",,cet4 cet6,4123,4170
instinct,'instiŋkt,"n. 本能, 直觉\na. 充满着的",,cet4 cet6 ky toefl ielts,3843,4239
institute,'institju:t,"n. 学会, 学院, 协会\nvt. 创立, 开始, 制定, 任命",,gk cet4 cet6 ky toefl ielts gre,1630,7980
institution,.insti'tju:ʃәn,"n. 机构, 惯例, 制度\n[医] 机关, 机构, 设施",,gk cet4 cet6 ky toefl ielts gre,880,987
instruct,in'strʌkt,"vt. 教, 教育, 命令, 通知\n[法] 托办, 指导, 指示",,gk cet4 cet6 ky toefl,3820,4243
instruction,in'strʌkʃәn,"n. 指令, 教导, 命令\n[计] 指令",,zk gk cet4 cet6 ky toefl ielts,1594,1563
instrument,'instrumәnt,"n. 工具, 手段, 仪器\n[化] 仪器",,gk cet4 cet6 ky toefl ielts,1709,1611
insufficient,.insә'fiʃәnt,"a. 不够的, 不能胜任的, 不充足的\n[法] 不足的, 不充分的, 不能胜任的",,cet4 cet6 toefl gre,4791,7113
insult,'insʌlt,"n. 侮辱, 无礼, 损害\nvt. 损害, 侮辱, 攻击",,cet4 cet6 ky toefl ielts,6862,6568
insurance,in'ʃurәns,"n. 保险, 保险业, 保险费\n[医] 保险",,gk cet4 cet6 ky ielts,1347,1197
insure,in'ʃuә,"vt. 保险, 确保\nvi. 投保",,gk cet4 cet6 ky ielts,5378,6180
integrate,'intigreit,"vt. 综合, 使完整, 使成整体\nvi. 成一体\na. 完整的, 完全的",,cet4 cet6 ky toefl ielts gre,3349,3431
intellectual,.intә'lektʃuәl,"n. 有知识者, 知识分子, 凭理智做事者\na. 智力的, 用脑力的, 聪明的",,cet4 cet6 ky toefl ielts gre,3040,2857
intelligence,in'telidʒәns,"n. 智力, 情报, 信息\n[医] 智力",,gk cet4 cet6 ky toefl ielts,2444,1417
intelligent,in'telidʒәnt,"a. 聪明的, 智能的, 了解的",,cet4 cet6 ky toefl ielts,3621,3709
intend,in'tend,"vt. 计划, 打算, 意思是\n[法] 想要, 打算, 意旨",,gk cet4 cet6 ky,916,1536
intense,in'tens,"a. 非常的, 强烈的, 紧张的, 热情的\n[医] 强的",,cet4 cet6 ky toefl ielts,3202,2295
intensity,in'tensәti,"n. 强烈, 紧张, 强度\n[计] 强度; 亮度",,cet4 cet6 ky,4017,3300
intensive,in'tensiv,"a. 加强的, 内涵的, 集中的\nn. 加强器",,cet4 cet6 ky toefl ielts,3826,4973
intention,in'tenʃәn,"n. 意图, 目的, 含义\n[医] 愈合, 意向",,zk gk cet4 cet6 ky toefl,1523,2517
intentional,in'tenʃәnәl,"a. 故意的, 与目的有关的\n[法] 故意的, 有意的",,cet4 cet6 gre,12428,8744
interaction,.intәr'ækʃәn,"n. 交互作用, 交感\n[计] 交互作用",,cet4 cet6 toefl gre,2517,2075
interest,'intrist,"n. 兴趣, 嗜好, 利息, 利益, 爱好, 趣味, 势力\nvt. 使感兴趣, 与...有关系",,zk gk cet4 cet6 ky toefl ielts,231,416
interfere,.intә'fiә,"vi. 妨碍, 冲突, 干涉, 抵触\n[医] 干扰, 干涉, 阻碍, 碰腿(马)",,cet4 cet6 ky toefl,3769,4424
interference,.intә'fiәrәns,"n. 冲突, 干涉\n[计] 干扰",,cet4 cet6 ky toefl gre,4513,6409
interior,in'tiәriә,"n. 内部, 内政\na. 内部的, 心灵的, 内地的, 内政的",,cet4 cet6 ky toefl ielts,3308,3476
intermediate,.intә'mi:diәt,"n. 中间物, 调停者, 中级\na. 中间的, 中级的\nvi. 起媒介作用\n[计] 中级",,cet4 cet6 ky toefl ielts,4864,6876
intern,in'tә:n,"n. 实习生, 被拘留者\nvi. 作实习医师(教师、实习生)\nvt. 拘留, 扣留",,cet4 gre,21049,8079
internal,in'tә:nәl,"a. 内在的, 国内的\n[医] 内的, 内部的",,cet4 cet6 ky toefl ielts,1418,1728
international,.intә'næʃәnәl,a. 国际的\nn. 国别设定\n[计] 国别设定,,zk gk cet4 cet6 ky ielts,435,500
internet,'intәnet,"[计] 因特网, 国际互连网, 网际网络, 互连网络, 广域网",,zk gk cet4 ky ielts,31055,1467
interpret,in'tә:prit,"vt. 解释, 演出, 翻译, 理解\nvi. 翻译, 解释",,cet4 cet6 ky toefl ielts,2094,2755
interpretation,in.tә:pri'teiʃәn,"n. 解释, 演出, 翻译\n[计] 插值; 插值法; 解释",,cet4 cet6 toefl,1744,2380
interpreter,in'tә:pritә,"n. 直译程序, 解释者, 口译者, 注释器\n[计] 注释器",,gk cet4 cet6,7208,5628
interrupt,.intә'rʌpt,"vt. 中断, 妨碍, 插嘴\nvi. 打断\nn. 中断\n[计] 中断",,gk cet4 cet6 ky toefl gre,3386,3407
interruption,.intә'rʌpʃәn,"n. 打扰, 中断, 障碍物\n[医] 间断, 阻断, 中止",,cet4 cet6,6517,8994
interval,'intәvәl,"n. 间隔, 距离, 间歇, 间隙\n[计] 时间间隔",,gk cet4 cet6 ky toefl ielts,2689,4646
interview,'intәvju:,"n. 面谈, 访问, 接见, 面试\nvt. 接见, 对...进行面谈(试)",,zk gk cet4 cet6 ky ielts,1421,944
intimate,'intimәt,"a. 亲密的, 私人的, 秘密的\nvt. 暗示, 通知, 告诉\nn. 至交",,cet4 cet6 ky toefl ielts gre,5263,4217
intimidate,in'timideit,"vt. 威胁, 恐吓\n[法] 恐吓, 威胁, 使恐惧",,cet4 cet6 ky toefl ielts gre,9564,6635
introduce,.intrә'dju:s,"vt. 介绍, 引入, 采用, 输入\n[法] 引进, 输入, 介绍",,zk gk cet4 cet6 ky,698,1225
introduction,.intrә'dʌkʃәn,"n. 介绍, 传入, 采用, 初步",,zk gk cet4 cet6 ky ielts,1379,2904
invade,in'veid,"vt. 侵入, 拥入, 侵略, 侵袭\n[法] 强入, 侵犯, 侵略",,cet4 cet6 ky toefl ielts gre,5557,4510
invasion,in'veiʒәn,"n. 侵犯, 侵入, 侵害\n[医] 侵袭, 侵入, 发病",,cet4 cet6 ky toefl,3416,3295
invent,in'vent,"vt. 发明, 创作, 虚构\n[机] 发明",,zk gk cet4 cet6 ky,3639,3398
invention,in'venʃәn,"n. 发明, 创作能力, 虚构的故事\n[经] 发明",,zk gk cet4 cet6 ky,4752,4773
inventor,in'ventә,"n. 发明家\n[法] 发明人, 发明家, 创造者",,gk cet4 cet6,10125,8188
inverse,in'vә:s,"a. 倒转的, 相反的\nn. 反向, 反面\n[计] 反白, 反色",,cet4 ky toefl gre,15867,16580
invest,in'vest,"vt. 投资, 花费, 笼罩, 授予\nvi. 投资, 利用",,cet4 cet6 ky ielts,2329,2001
investigate,in'vestigeit,"v. 调查, 审查",,cet4 cet6 ky toefl ielts gre,1708,1802
investigation,in.vesti'geiʃәn,"n. 调查, 审查\n[医] 调查, 调查研究",,cet4 cet6 toefl ielts,1401,1175
investment,in'vestmәnt,"n. 投资\n[医] 包埋料, 围模料, 包埋法, 围模法",,cet4 cet6 ky ielts,816,1040
invisible,in'vizәbl,"a. 看不见的, 无形的\n[经] 无形的, 表面上看不见的, 未列在公开帐目的",,cet4 cet6 ky ielts,4744,3811
invitation,.invi'teiʃәn,"n. 邀请, 请柬, 引诱\n[经] 邀请, 招待, 吸引",,gk cet4 cet6 ky,3177,4072
invite,in'vait,"vt. 邀请, 请求, 引起, 招致\nn. 邀请",,zk gk cet4 cet6 ky,1502,1601
involve,in'vɒlv,"vt. 包括, 使陷于, 潜心于, 包围\n[医] 累及, 牵涉, 包含",,cet4 cet6 ky toefl ielts,419,656
inward,'inwәd,"a. 内心的, 向内的, 本来的\n[医] 向内的",,cet4 cet6 ky,7924,11176
iron,'aiәn,"n. 铁, 熨斗, 铁器, 坚强, 烙铁, 镣铐\nvt. 烫平, 熨, 用铁包\nvi. 烫平",,zk gk cet4 cet6 ky,1877,2280
irregular,i'regjulә,"n. 不规则物, 不合规格之物\na. 不规则的, 不整齐的, 不合法的",,cet4 cet6 toefl ielts,7020,8410
island,'ailәnd,"n. 岛, 岛屿, 孤立地区, 安全岛\nvt. 使成岛状, 孤立",,zk gk cet4 cet6 ky ielts,982,1512
isolate,'aisәleit,"vt. 使隔离, 使孤立, 使绝缘\nn. 隔离种群",,cet4 cet6 ky toefl ielts gre,3830,3963
issue,'isju,"n. 发行, 问题, 后果, 流出, 出口, 争端\nvi. 发行, 流出, 造成...结果, 传下\nvt. 使流出, 放出, 发行, 发布, 发给",,cet4 cet6 ky toefl ielts gre,341,248
Italian,i'tæljәn,"n. 意大利人, 意大利语\na. 意大利的, 意大利语的",,gk cet4 cet6,2201,2637
item,'aitәm,"n. 项目, 条款, 一则, 项\n[计] 项",,cet4 ky ielts,950,1031
jacket,'dʒækit,"n. 夹克, 外套, 护套\nvt. 给...穿夹克, 给...装护套",,zk gk cet4 cet6 ky ielts,2400,2267
jail,dʒeil,"n. 监牢, 监狱, 拘留所\nvt. 监禁, 下狱",,cet4 cet6 ielts,5079,2528
jam,dʒæm,"n. 果酱, 拥塞之物, 堵塞, 困境\nvt. 挤进, 使塞满, 混杂, 压碎, 使堵塞\nvi. 堵塞, 轧住, 拥挤",,gk cet4 cet6 ky ielts,5571,5470
jar,dʒɑ:,"n. 广口瓶, 震动, 刺耳声\nvi. 震惊, 冲突, 发刺耳声, 不一致\nvt. 震动, 刺激",,gk cet4 cet6 ky toefl gre,5688,4262
jaw,dʒɒ:,"n. 颚, 颌\nv. 闲谈, 教训, 唠叨",,gk cet4 cet6 ky toefl,3999,4087
jazz,dʒæz,"n. 爵士乐, 喧闹\na. 爵士乐的, 喧吵的\nvi. 演奏爵士乐, 跳爵士舞, 游荡\nvt. 奏爵士乐, 使活泼",,gk cet4 ky gre,5759,3848
jealous,'dʒelәs,"a. 嫉妒的, 羡慕的, 留心的, 戒备的",,cet4 cet6 ky toefl ielts,5696,6322
jeans,dʒi:nz,"n. 工装裤, 牛仔裤",,zk gk cet4 ky ielts,4826,3421
jet,dʒet,"n. 喷射流, 喷嘴, 煤玉\nv. 射出, 迸出, 喷射\na. 黑而发亮的, 墨黑的",,gk cet4 cet6 ky,3846,3144
jewel,'dʒu:әl,"n. 珠宝, 贵重物, 镶珠宝的饰物\nvt. 饰以珠宝, 镶以宝石",,gk cet4 cet6 ky toefl,6409,6074
Jewish,'dʒu:iʃ,"a. 犹太人的, 犹太族的",,cet4 cet6,3318,1795
joint,dʒɒint,"n. 连接处, 接合, 关节\na. 共同的, 联合的, 连接的, 合办的\nvt. 连接, 接合, 使有接头\nvi. 贴合, 长节",,cet4 cet6 ky,1489,2218
joke,dʒәuk,"n. 笑话, 玩笑, 笑柄\nv. 开玩笑, 取笑, 作弄",,zk gk cet4 ky,2533,2246
jolly,'dʒɒli,"a. 愉快的, 高兴的, 宜人的\nvt. 恭维, 使高兴, 取笑\nvi. 开玩笑\nadv. 非常, 极为",,cet4 cet6 ky gre,8699,13154
journal,'dʒә:nәl,"n. 日记, 杂志, 日报\n[化] 轴颈",,cet4 cet6 ky toefl ielts,2500,2780
journalist,'dʒә:nәlist,"n. 新闻记者, 从事新闻杂志业的人",,gk cet4 cet6 ky toefl ielts,2607,2099
journey,'dʒә:ni,"n. 旅程, 旅行, 行程\nvi. 旅行\nvt. 游历",,gk cet4 cet6 ky,1662,2409
joy,dʒɒi,"n. 欢喜, 乐事, 高兴\nvt. 使快乐, 令人高兴\nvi. 欢喜",,zk gk cet4 ky,2881,2816
joyful,'dʒɒiful,"a. 欢喜的, 高兴的, 令人高兴的",,cet4 cet6,14070,11426
judge,dʒʌdʒ,"n. 法官, 裁判员, 审判官, 鉴定人\nvt. 审理, 鉴定, 判断, 判决, 裁定\nvi. 下判断, 作评价",,gk cet4 cet6 ky,1362,1115
judgement,'dʒʌdʒmәnt,"n. 审判, 判决, 判断\n[经] 判定, 审定, 鉴定",,gk cet4 cet6 ky toefl,2486,14669
jungle,'dʒʌŋgl,"n. 丛林, 杂乱的一堆, 弱肉强食的地方",,gk cet4 cet6 ky toefl ielts,5317,4507
junior,'dʒu:njә,"n. 年少者, 地位较低者, 大学三年级学生\na. 年少的, 下级的, 后进的",,gk cet4 cet6 ky ielts,2820,2451
jury,'dʒuәri,"n. 陪审团, 评判委员会\na. 应急的",,cet4 cet6 ky toefl ielts,3055,1650
justice,'dʒʌstis,"n. 正义, 公平, 公正, 正确, 司法, 审判",,gk cet4 cet6 ky toefl,1287,1481
justify,'dʒʌstifai,"vt. 替...辩护, 证明\nvi. 证明合法\n[计] 段落重排, 两端对齐",,cet4 cet6 ky toefl ielts gre,1959,2834
keen,ki:n,"a. 锋利的, 敏锐的, 强烈的, 敏捷的, 热心的, 渴望的\nn. 挽歌, 痛哭\nv. 唱挽歌, 痛哭",,cet4 cet6 ky toefl ielts,2280,6508
keeper,'ki:pә,"n. 监护人, 管理人, 看守人\n[机] 保管人, 看守人, 保持片",,gk cet4 cet6,4146,7388
kettle,'ketl,"n. 茶壶, 罐\n[化] 釜体釜; 锅",,gk cet4 cet6 ky toefl,5784,10726
keyboard,'ki:bɒ:d,n. 键盘\n[计] 键盘,,zk gk cet4 cet6 ky toefl,5374,5541
kick,kik,"n. 踢, 反冲, 后座力, 凹底\nvi. 踢, 反抗, 反冲\nvt. 踢, 反冲",,zk gk cet4 cet6 ky,2403,1815
kid,kid,"n. 小山羊, 小山羊肉, 小孩, 欺骗\na. 小山羊皮制的\nv. 哄骗, 嘲弄",,zk gk cet4 ky,1572,312
kill,kil,"n. 杀, 杀戮, 小河\nvt. 杀, 破坏, 消灭, 使终止, 抵消, 否决\nvi. 杀死\n[计] 删除",,zk gk cet4 ky,635,425
kilogram,'kilәgræm,"n. 千克, 公斤\n[医] 千克, 公斤",,zk gk cet4,15873,0
kilometer,'kilәmi:tә,"n. 千米, 公里\n[医] 千米, 公里",,cet4,44199,0
kindness,'kaindnis,"n. 仁慈, 亲切, 和蔼",,gk cet4 cet6 ky,7000,7682
king,kiŋ,"n. 国王, 君主\nvt. 使...成为君主\nvi. 君临, 统治",,zk gk cet4 ky ielts,612,2080
kingdom,'kiŋdәm,"n. 王国, 领域\n[医] 界(动物,植物,矿物)",,gk cet4 cet6 ky toefl,2070,4487
kiss,kis,n. 吻\nvt. 吻\nvi. 接吻,,zk gk cet4 ky,2408,2302
kite,kait,"n. 风筝, 筝帆, 空头支票, 骗子\nvi. 象风筝一样飞, 轻快地移动, 使用空头支票\nvt. 使上升, 骗钱",,zk gk cet4 cet6 ky,5870,9509
knee,ni:,"n. 膝, 膝盖\nvt. 膝行, 用膝盖碰",,zk gk cet4 cet6 ky,1979,1488
kneel,ni:l,vi. 跪下,,cet4 cet6 ky,5449,4938
knit,nit,"v. 编织, 结合",,cet4 cet6 ky ielts gre,3347,8436
knob,nɒb,"n. 把手, 瘤, 旋钮, 球形突出物\nvt. 使有球形突出物\nvi. 鼓起",,cet4 cet6 ky ielts,9973,7863
knot,nɒt,"n. 结, 群, 难题\nv. 打结, (使)纠缠",,cet4 cet6 ky ielts,5061,5079
knowledge,'nɒlidʒ,"n. 知识, 学问, 认识, 知道",,zk gk cet4 cet6 ky ielts,689,839
lab,læb,"n. 实验室, 研究室\n[医] 凝乳酶",,zk gk cet4 cet6 ky ielts,4848,2089
label,'leibl,"n. 标签, 称号, 商标, 标志\nvt. 贴标签于, 标注\n[计] 标志; 标注; DOS外部命令:用于建立改变或删除磁盘卷标号",,cet4 cet6 ky toefl,2764,2619
laboratory,'læbrәtәri,"n. 实验室, 研究室, 化工厂\n[医] 实验室, 检验室, 化验室",,zk cet4 cet6 toefl ielts,2316,3132
labour,'leibә,"n. 劳动, 努力, 工作, 劳工, 分娩\nvi. 劳动, 努力, 苦干\nvt. 详细分析, 使厌烦",,zk gk cet4 cet6,724,16348
lace,leis,"n. 饰带, 花边, 缎带, 鞋带\nvt. 结带子, 饰以花边\nvi. 系带子\n[计] 全穿孔",,cet4 cet6 ky toefl ielts gre,4847,6642
lack,læk,"n. 缺乏, 无, 不足\nvt. 缺乏, 短少, 不足, 需要\nvi. 缺乏",,gk cet4 ky ielts,1103,1229
ladder,'lædә,"n. 梯, 梯状物, 发迹的途径\nvi. 袜子抽丝, 成名",,gk cet4 cet6 ky,4136,4505
lady,'leidi,"n. 淑女, 夫人, 女士, 贵妇",,zk gk cet4 ky,774,1517
lag,læg,"n. 落后, 囚犯, 迟延, 桶板, 防护套\na. 最后的\nvi. 落后, 蹒跚, 缓缓而行, 滞后\nvt. 落后于, 押往监狱, 加上外套\n[计] 延迟; 落后",,cet4 cet6 ky toefl ielts gre,9463,8448
lamb,læm,"n. 小羊, 羔羊\nv. 产羊羔",,zk gk cet4 cet6 ky ielts,4170,5590
lame,leim,"a. 跛足的, 僵痛的, 不完全的, 金属薄板, 不知内情的人\nvi. 变跛\nvt. 使成残废, 使无用",,gk cet4 cet6 ky ielts,11787,9982
lamp,læmp,n. 灯\nvt. 照亮\n[计] 逻辑模拟分析系统,,zk gk cet4 cet6 ky toefl ielts,3340,3936
landing,'lændiŋ,"n. 登陆, 码头, 降落\n[经] 上岸, 登陆, 降落",,cet4 cet6 toefl,3538,3688
landlady,'lændleidi,"n. 女房东, 女地主",,cet4 cet6 ky ielts,10202,17554
landlord,'lændlɒ:d,"n. 房东, 地主\n[经] 业主, 地主, 房东",,cet4 cet6 ky,2447,6724
lane,lein,"n. 小路, 巷, 弄, 单行道",,cet4 cet6 ky ielts,1758,4136
lantern,'læntәn,"n. 灯笼, 提灯, 航标灯\nvt. 装上提灯",,gk cet4 cet6 ky,10101,8338
lap,læp,"n. 膝盖, 舔, 一圈, 下摆, 衣兜, 山坳\nvi. 重叠, 围住, 轻拍, 舔\nvt. 包围, 抱...在膝上, 使重叠, 舔, 拍打, 泼溅\n[计] 链接访问程序",,gk cet4 cet6 ky ielts gre,4140,3359
largely,'lɑ:dʒli,"adv. 大量地, 很多地, 大半地",,cet4 cet6 ky toefl,1323,1679
laser,'leizә,n. 激光\n[计] 激光器,,gk cet4 cet6 ky toefl ielts,4841,3896
lately,'leitli,"adv. 近来, 最近",,gk cet4 cet6 ky toefl,6088,4028
later,'leitә,"adv. 以后, 随后",,gk cet4 cet6 ky,279,295
Latin,'lætin,"n. 拉丁人, 拉丁语\na. 拉丁人的, 拉丁语的",,cet4 cet6 ky,3324,2526
latter,'lætә,"a. 后者的, 较后的, 近来的",,gk cet4 cet6 ky toefl,1251,2725
laughter,'lɑ:ftә,"n. 笑, 笑声\n[医] 笑, 大笑",,gk cet4 cet6 ky,3321,3397
launch,lɒ:ntʃ,"n. 下水, 汽艇, 发射\nvt. 使下水, 发射, 发动\nvi. 起飞, 下水, 投入, 开始",,cet4 cet6 ky toefl ielts,1427,1743
laundry,'lɒ:ndri,"n. 洗衣店, 洗好的衣服, 洗涤\n[机] 洗衣作, 洗衣店, 洗衣房",,gk cet4 cet6 ky toefl ielts,7707,4940
lavatory,'lævәtәri,"n. 洗脸盆, 厕所",,gk cet4 cet6 ky,7030,19680
law,lɒ:,"n. 法律, 法则, 定律, 法律的制约, 法学, 司法界, 诉讼\nv. 起诉",,zk gk cet4 cet6 ky ielts,278,287
lawn,lɒ:n,"n. 草地, 草坪, 上等细麻布\n[机] 细筛",,cet4 cet6 ky toefl ielts,4589,2951
lawyer,'lɒ:jә,n. 律师\n[经] 律师,,gk cet4 cet6 ky ielts,1962,816
lay,lei,"vt. 放置, 产, 铺设, 布置, 提出, 平息\nvi. 下蛋, 打赌\nn. 位置, 层, 隐藏处\na. 世俗的, 外行的\nlie的过去式",,zk gk cet4 cet6 ky toefl ielts,958,803
layer,'leiә,"n. 层, 产卵鸡, 放置者\nvt. 分层堆积, 压植\n[计] 层",,cet4 cet6 ky toefl ielts,2248,2168
layout,'leiaut,"n. 布局, 陈列, 规划图, 页面布局, 版面编排\n[计] 页面布局, 版面",,cet4 cet6 ky toefl ielts,4564,7478
lazy,'leizi,"a. 懒惰的, 怠惰的, 缓慢的\nvi. 懒散",,zk gk cet4 ky,6453,6238
lead,li:d. led,"n. 铅, 铅条, 领导, 超前量, 领引, 榜样, 主角, 导线\nvt. 引导, 带领, 领导, 指挥, 致使, 加铅于, 用铅包\nvi. 领导, 带头, 导致, 用测深锤测深, 被铅覆盖\na. 带头的, 最重要的",,zk gk cet4 ky toefl,263,318
leader,'li:dә,"n. 领导者, 社论, 指挥, 领袖, 领唱者, 前导字符\n[计] 前导字符",,zk gk cet4 cet6,604,463
leadership,'li:dәʃip,"n. 领导能力, 领导阶层",,cet4 cet6 ky toefl,1873,1304
leading,'li:diŋ,"n. 领导, 指挥, 神示, 铅板\na. 领导的, 主要的, 在前的",,gk cet4 cet6 ky toefl,1551,2188
leaf,li:f,"n. 叶, 树叶, 花瓣, 页\nvi. 生叶, 翻书页\nvt. 在...上长叶, 翻...的页",,zk gk cet4 cet6 ky,1823,1559
leak,li:k,"n. 漏洞, 漏处, 漏出, 泄漏\nvi. 漏, 泄漏\nvt. 使渗漏",,gk cet4 cet6 ky toefl ielts gre,5948,5165
lean,li:n,"n. 瘦肉, 倾斜, 倾斜度\na. 瘦的, 贫乏的, 歉收的\nvi. 倚靠, 倾斜, 依赖\nvt. 使倾斜",,cet4 cet6 ky toefl gre,1867,1520
leap,li:p,"n. 跳跃, 剧增, 急变, 被越过之物\nvi. 跳跃, 突然经过\nvt. 跃过, 使跃过",,cet4 cet6 ky toefl ielts,3425,3621
learned,'lә:nid,"a. 有学问的, 学术上的\nlearn的过去式和过去分词",,gk cet4 cet6 ky,6667,10842
learning,'lә:niŋ,"n. 学问, 学识, 学习\n[计] 学习",,cet4 cet6 ky,1745,1455
least,li:st,"n. 最少, 最小, 最小限度\na. 最少的, 最小的\nadv. 最小, 最少",,zk gk cet4 cet6 ky ielts,2012,302
leather,'leðә,"n. 皮革, 皮制品, 马镫的皮带\nvt. 覆以皮革, 鞭苔, 抽打\na. 皮革的, 皮制的",,gk cet4 cet6 ky toefl,2976,2943
lecture,'lektʃә,"n. 演讲, 谴责, 讲稿\nvt. 演讲, 训诫, 说教\nvi. 讲演",,gk cet4 cet6 ky ielts,2588,3526
legal,'li:gәl,"a. 法律的, 法定的, 合法的\n[经] 法定权利; 法律(上)的, 合法的",,gk cet4 cet6 ky toefl ielts,764,883
legend,'ledʒәnd,"n. 传说, 传奇文学, 图例\n[计] 图例",,cet4 cet6 ky toefl ielts gre,4020,3383
legislation,.ledʒis'leiʃәn,"n. 立法, 法律\n[医] 立法, 法规",,cet4 cet6 ky toefl ielts gre,1365,2017
leisure,'li:ʒә,"n. 空闲, 闲暇, 悠闲\na. 空闲的, 有闲的",,cet4 cet6 ky toefl ielts,2752,6269
lemon,'lemәn,"n. 柠檬, 柠檬树, 柠檬色\n[医] 柠檬",,gk cet4 ky ielts,4583,3179
length,leŋθ,"n. 长度, 长, 期间, 一段\n[计] 记录长度; 块长; 字长",,gk cet4 cet6 ky ielts,1174,1855
lens,lenz,"n. 透镜, 镜头, 镜片, 晶状体\nvt. 给...摄影",,cet4 cet6 ky toefl ielts,7125,3544
less,les,"n. 较少, 较小\na. 少的, 小的\nadv. 较少, 较小, 较差\n[计] 最低成本估算与调度法",,gk cet4 ky,379,477
lessen,'lesn,"vt. 减少, 缩小, 减轻\nvi. 变小",,cet4 cet6,8420,7650
lest,lest,"conj. 以免, 唯恐, 免得",,cet4 cet6 ky,9641,8827
level,'levl,"n. 水平, 水准, 平地\na. 同高的, 平坦的, 齐平的, 水平的\nvt. 弄平, 夷平, 使同等, 瞄准, 对准\nvi. 变平, 拉平\n[计] 级别",,zk gk cet4 cet6 ky ielts,241,338
lever,'levә,"n. 杠杆, 似杠杆之工具\nvt. 撬开\nvi. 使用杠杆",,cet4 cet6 ky ielts gre,6923,7487
leverage,'levәridʒ,"n. 杠杆作用, 杠杆装置, 杠杆效率\n[医] 杠杆率",,cet4,14331,6493
liable,'laiәbl,"a. 有义务的, 应负责的, 有...倾向的\n[法] 有责任的, 可受处理的, 应受罚的",,cet4 cet6 ky ielts,3300,8305
liar,'laiә,n. 说谎者,,cet4 cet6,8814,6677
liberal,'libәrәl,"n. 自由主义者\na. 慷慨的, 不拘泥的, 宽大的, 自由主义的",,cet4 cet6 ky toefl ielts,1737,1993
liberate,'libәreit,"vt. 解放, 释放, 使自由\n[机] 释出, 放出",,gk cet4 cet6 ky toefl gre,8543,7492
liberation,.libә'reiʃәn,"n. 释放, 解放\n[化] 发出; 释放; 放出",,gk cet4 cet6,3880,6230
liberty,'libәli,"n. 自由, 特权, 许可, 冒失\n[法] 自由, 自由权, 自由区域",,gk cet4 cet6 ky toefl gre,3629,3835
librarian,lai'brєәriәn,"n. 图书馆员, 图书管理员\n[计] 程序库管理程序; 程序库生成程序",,gk cet4 cet6 ky toefl,4647,7502
licence,'laisns,"n. 执照, 许可证, 特许\nvt. 许可, 特许, 认可",,cet4 ielts,2055,29631
license,'laisns,"n. 执照, 许可证, 特许\nvt. 许可, 特许",,zk gk cet4 cet6 ky gre,6660,2872
lick,lik,"n. 舔, 少许, 打\nvt. 舔, 卷过, 鞭打\nvi. 轻轻拍打",,cet4 cet6 ky ielts,6212,5936
lid,lid,"n. 盖子, 限制, 眼睑\nvt. 给...盖盖子",,gk cet4 cet6 ky,4537,4658
lieutenant,lef'tenәnt,"n. 中尉, 助理人员, 副官",,cet4 cet6,5667,6051
lifetime,'laiftaim,"n. 一生, 终生\na. 一生的, 终生的",,gk cet4 cet6 ky,3623,2767
lift,lift,"n. 举起, 帮助, 昂扬, 电梯\nvt. 升高, 提高, 鼓舞, 清偿, 空运, 举起, 剽窃\nvi. 升起, 消散, 耸立",,zk gk cet4 ky toefl ielts,1345,1343
lighten,'laitn,"vt. 照亮, 点亮, 减轻, 使轻松, 闪出\nvi. 发亮, 打闪, 变轻",,cet4 cet6,11353,8581
lightly,'laitli,"adv. 轻轻地, 少许, 不费力地",,cet4 cet6,3528,3396
lightning,'laitniŋ,n. 闪电\nvi. 闪电\na. 闪电的,,gk cet4 cet6 ky,6393,4562
likelihood,'laiklihud,"n. 可能, 可能性",,cet4 cet6 ky ielts,4994,4596
likely,'laikli,"a. 有可能的, 合适的, 前途有望的\nadv. 或许, 可能",,gk cet4 cet6 ky,422,624
likewise,'laikwaiz,"adv. 同样地, 也",,cet4 cet6 ky toefl ielts,5011,4530
limb,lim,"n. 四肢, 枝干, 翼, 边缘\nvt. 切断...之手足",,cet4 cet6 ky toefl ielts gre,3978,3643
lime,laim,"n. 石灰, 粘鸟胶, 酸橙\nvt. 以石灰处理, 粘鸟胶于, 撒石灰",,cet4 cet6,7712,5429
limit,'limit,"n. 界限, 边界, 限度, 极限, 限制\nvt. 限制, 限定",,gk cet4 cet6 ky,1439,1348
limitation,.limi'teiʃәn,"n. 限制, 缺陷, 限额\n[医] 限界, 限制, 限度",,cet4 cet6 ky toefl,2901,3019
limited,'limitid,"a. 有限制的, 有限的, 有限责任的\nn. 特别快车",,cet4 cet6 ky gre,1481,1982
line,lain,"n. 列, 线, 绳, 电线, 线路, 路线, 航线, 作业线, 界线, 战线, 外形, 排, 家系\nvt. 排成一行, 顺...排列, 划线于, 加衬里, 使有线条, 使起皱纹\nvi. 排队\n[计] 线路",,zk gk cet4 cet6 ky ielts,277,276
linen,'linin,"n. 亚麻布, 亚麻线, 亚麻制品\na. 亚麻布制的, 亚麻的",,cet4 cet6 ky toefl ielts gre,5681,6009
liner,'lainә,"n. 班机, 划线者, 定期船, 衬里\n[化] 衬垫; 垫带; 套管",,cet4 cet6 ky ielts,8442,7501
link,liŋk,"n. 环, 连结物, 链接, 火把\nvt. 连结, 联合, 挽住\nvi. 连接起来\n[计] 连接, 链路",,gk cet4 cet6 ky ielts,1277,1730
lion,'laiәn,"n. 狮子, 狮子(星)座, 国际狮子会会员",,zk gk cet4 cet6 ky,3397,4305
lip,lip,"n. 唇, 口缘, 唇状构造\nvt. 以嘴唇碰, 轻轻说出\na. 口头上的\n[计] 大型互连网信息包",,gk cet4 cet6 ky toefl,1452,1582
liquid,'likwid,"n. 液体, 流体, 流音\na. 液体的, 透明的, 明亮的, 流动的, 易变的",,gk cet4 cet6 ky toefl gre,4339,4360
liquor,'likә,"n. 酒, 液体, 汁, 溶液\nvt. 浸水\nvi. 喝酒",,cet4 cet6 ky ielts,8973,5711
list,list,"n. 目录, 名单, 明细表, 布条, 条纹, 列表, 序列, 数据清单\nvt. 列出, 列于表上, 记入名单内, 装布条\nvi. 列于表上\n[计] 列表, 序列, 数据清单",,zk gk cet4 cet6 ky ielts gre,716,761
listener,'lisnә,"n. 收听者, 听众",,cet4,5351,4560
liter,'li:tә,n. 公升\n[化] 升,,cet4 cet6,0,11406
literary,'litәrәri,"a. 文学的, 文艺的, 精通文学的\n[法] 文学的, 从事文学的, 从事写作的",,gk cet4 cet6 ky toefl,2512,2700
literature,'litәrәtʃә,"n. 文学, 文艺, 著作\n[经] 广告, 商品介绍等文学",,gk cet4 cet6 ky ielts,1766,1549
lively,'laivli,"a. 活泼的, 鲜明的, 生动的",,zk gk cet4 cet6 ky toefl,4135,5775
liver,'livә,"n. 肝脏, 生活者, 居民\n[医] 肝",,cet4 cet6 ky toefl,4007,4667
livestock,'laivstɒk,"n. 家畜\n[经] 牲畜, 家畜",,cet4 toefl ielts,6146,6173
living,'liviŋ,"n. 生活, 生计, 生存\na. 活的, 逼真的, 现存的",,gk cet4 cet6 ky,1950,1329
living-room,,n. 起居室,,cet4,0,0
load,lәud,"n. 负荷, 担子, 重担, 装载量, 负载, 工作量, 加载\nvt. 装载, 装填, 使担负\nvi. 装货, 上客, 装料\n[计] 加载, 装入程序",,gk cet4 cet6 ky toefl,2212,2901
loaf,lәuf,"n. 一条面包, 块, 游荡\nv. 游手好闲, 虚度光阴",,gk cet4 cet6 ky ielts gre,7776,6892
loan,lәun,"n. 贷款, 借出\nv. 借, 供应货款, 借给",,cet4 cet6 ky toefl ielts,1468,1699
local,'lәukәl,"a. 地方性的, 当地的, 局部的, 乡土的, 本地的\nn. 当地居民, 本地新闻, 局部\n[计] 本地的; 局部",,gk cet4 cet6 ky ielts,191,423
locate,'lәukeit,"vt. 找出, 设于, 位于\nvi. 定居",,cet4 cet6 ky toefl,2303,1682
location,lәu'keiʃәn,"n. 位置, 场所, 特定区域\n[计] 位置",,cet4 cet6 ky toefl ielts,1705,1433
lock,lɒk,"n. 锁, 刹车, 水闸, 一缕头发\nvt. 锁, 锁上, 拘禁, 隐藏, (用锁等)拴住, 刹住\nvi. 锁住, (齿轮等)啮合, (船)过闸",,zk gk cet4 ky ielts,2332,2221
locomotive,.lәukә'mәutiv,"n. 火车头, 机车\na. 运转的, 火车头的, 移动的",,cet4 cet6 ky toefl ielts gre,5203,11729
lodge,lɒdʒ,"n. 小屋, 门房, 支部, 旅舍, 分会\nvi. 临时住宿, 倒伏, 寄宿, 投宿\nvt. 安顿, 容纳, 提出, 把...射入, 存放",,cet4 cet6 ky toefl ielts,5269,6843
log,lɒg,"n. 记录, 圆木, 日志, 计程仪\nvt. 伐木, 切, 航行\nvi. 伐木\n[计] 日志",,cet4 cet6 ky toefl ielts gre,4322,3423
logic,'lɒdʒik,"n. 逻辑, 逻辑学, 推理的方法, 推理, 逻辑性\n[计] 逻辑",,cet4 cet6 ky toefl ielts,3193,3469
logical,'lɒdʒikәl,"a. 合乎逻辑的, 合理的\n[法] 逻辑的, 符合逻辑的",,cet4 cet6 ky toefl,3188,4569
lonely,'lәunli,"a. 孤单的, 孤寂的, 荒凉的",,zk gk cet4 cet6 ky,3842,4002
loop,lu:p,"n. 环, 圈, 弯曲部分, 循环\nvt. 使成环, 以圈结, 以环连结\nvi. 打环, 翻筋斗\n[计] 循环",,cet4 cet6 ky toefl ielts gre,4755,4250
loose,lu:s,"n. 发射, 放任, 放纵\na. 宽松的, 松的, 宽的, 不牢固的, 散漫的, 自由的, 不精确的\nvt. 释放, 放枪, 开船\nvi. 变松, 开火\nadv. 松散地",,gk cet4 cet6 ky toefl,2925,2851
loosen,lu:sn,"vt. 放松, 松开, 解除\nvi. 变松, 松弛",,cet4 cet6 ky toefl gre,7609,6023
lord,lɒ:d,"n. 统治者, 阁下, 上帝\nvi. 称王, 作威作福\nvt. 使成贵族",,cet4 cet6 ky,622,31607
lorry,'lɒri,"n. 卡车, 货车\n[化] 载重汽车",,gk cet4 cet6 ky,3524,24926
lose,lu:z,"vt. 遗失, 损失, 丢失, 使失去, 错过, 浪费, 迷失, 使迷路, 输去, 使沉溺于\nvi. 受损失, 失败",,zk gk cet4 cet6 ky,329,283
loss,lɒs,"n. 损失, 遗失, 失败, 输, 错过, 伤亡\n[化] 损失; 损耗",,gk cet4 cet6 ky ielts,649,788
loud,laud,"a. 大声的, 不断的, 喧吵的\nadv. 高声地, 大声地",,zk gk cet4 ky,3207,3094
loudspeaker,'laud'spi:kә,"n. 扩音器, 喇叭\n[电] 扬声器",,gk cet4 cet6 ky,14516,12875
lover,'lʌvә,"n. 爱人, 爱好者",,cet4 ky,2765,2781
lower,'lәuә,"a. 低的, 下级的, 下层的\nvi. 降低, 跌落, 减弱\nvt. 放下, 降下, 减弱, 贬低",,cet4 ky,2932,2052
loyal,'lɒiәl,"a. 忠诚的, 忠实的, 忠贞的",,cet4 cet6 ky toefl ielts gre,4461,4770
loyalty,'lɒiәlti,"n. 忠贞, 忠诚, 忠实\n[法] 忠诚, 忠心",,cet4 cet6 ky,3559,4077
lubricate,'lu:brikeit,"vt. 使润滑, 涂油\nvi. 润滑",,cet4 cet6 ky ielts gre,19781,19873
luck,lʌk,"n. 运气, 幸运, 好运, 侥幸\nvi. 靠好运成功",,zk gk cet4 ky ielts,2598,2384
lucky,'lʌki,"a. 幸运的, 吉祥的, 好运的, 侥幸的",,zk gk cet4 ky,2137,2126
luggage,'lʌgidʒ,"n. 行李, 皮箱",,gk cet4 cet6 ky,7156,7333
lumber,'lʌmbә,"n. 木材, 破旧家俱, 废物, 隆隆声\nvt. 砍伐木材, 乱堆\nvi. 笨拙地移动, 喧闹地向前走, 隆隆地移动",,cet4 cet6 ky toefl gre,18664,6984
lump,lʌmp,"n. 块, 瘤, 很多, 肿块, 笨人\nvt. 使成块状, 混在一起\nvi. 结块",,cet4 cet6 ky toefl ielts gre,4302,6139
lunar,'lu:nә,"a. 阴历的, 月的, 微亮的(指光)\n[医] 月的, 银的",,cet4 cet6 ky toefl ielts gre,12849,6871
lung,lʌŋ,"n. 肺, 肺脏, 空地\n[医] 肺",,gk cet4 cet6 ky toefl,3808,3247
luxury,'lʌkʃәri,"n. 奢侈, 豪华\na. 奢侈的, 豪华的",,cet4 cet6 ky toefl ielts gre,5235,5575
mad,mæd,"a. 疯狂的, 发疯的, 生气的, 愚蠢的, 狂欢的\nn. 狂怒",,zk gk cet4 cet6 ky,2592,2572
madam,'mædәm,"n. 女士, 夫人",,zk cet4,6683,16977
magazine,.mægә'zi:n,"n. 杂志, 仓库, 弹盒, 胶卷盒\n[计] 卡片箱, 介质装卸程序",,zk gk cet4 cet6 ky ielts,1479,1001
magic,'mædʒik,"n. 魔术, 魔法\na. 魔术的, 有魔力的, 不可思议的",,zk gk cet4 cet6 ky toefl ielts,3949,3411
magnet,'mægnit,"n. 磁铁, 有吸引力之人, 有吸引力之物\n[化] 磁体",,cet4 cet6 ky,8503,6272
magnetic,mæg'netik,"a. 有磁性的, 有吸引力的, 催眠术的\n[医] 磁[性]的",,cet4 cet6 ky toefl ielts,4418,4830
magnificent,mæg'nifisnt,"a. 华丽的, 高尚的, 宏伟的",,cet4 cet6 ky toefl ielts gre,3533,5493
maid,meid,"n. 少女, 未婚女子, 女仆",,gk cet4 cet6 ky ielts,5166,6044
main,mein,"n. 主要部分, 干线, 体力, 力量, 主群组\na. 主要的, 重要的, 全力的\n[计] 主群组",,zk gk cet4 cet6 ky ielts,376,888
mainland,'meinlәnd,"n. 大陆, 本土\n[法] 大陆",,gk cet4 cet6 ky,5381,6208
mainly,'meinli,"adv. 主要地, 大抵",,cet4 cet6,1343,2805
maintain,mein'tein,"vt. 维持, 维修, 保持, 坚持, 供养, 主张\n[化] 维修",,cet4 cet6 ky toefl ielts,825,922
maintenance,'meintәnәns,"n. 维护, 保持, 维修, 生活费用, 坚持, 扶养\n[计] 维护; 维修",,cet4 cet6 ky toefl ielts gre,2198,3067
major,'meidʒә,"n. 主修课, 成年人, 陆军少校\na. 主要的, 较多的, 大部分的, 成年的, 严重的\nvi. 主修\n[计] 主要, 主要刻度",,gk cet4 cet6 ky toefl ielts,392,444
majority,mә'dʒɒriti,"n. 多数, 大半\n[计] 多数逻辑",,gk cet4 cet6 ky toefl ielts,989,1085
male,meil,"n. 男人, 雄性动物\na. 男性的, 雄性的, 有力的",,gk cet4 ky ielts,1126,1530
manage,'mænidʒ,"vi. 处理\nvt. 管理, 控制, 维持, 达成, 经营, 运用",,zk gk cet4 cet6 ky,752,945
management,'mænidʒmәnt,"n. 经营, 支配, 管理\n[化] 管理处",,cet4 cet6 ky ielts,446,906
mankind,mæn'kaind,"n. 人类, 男性",,gk cet4 cet6 ky,6480,7282
manly,'mænli,"a. 象男人的, 强壮的, 适于男人的",,cet4 cet6,18827,14055
manner,'mænә,"n. 样子, 礼貌, 风格\n[法] 方式, 方法, 样式",,gk cet4 cet6 ky,1366,1818
manual,'mænjuәl,"n. 手册, 指南\na. 手的, 手动的, 手工的, 体力的\n[计] 人工的, 手动的",,cet4 cet6 ky toefl ielts,4380,4937
manufacture,.mænju'fæktʃә,"n. 产品, 制造\nvt. 制造, 假造\nvi. 制造",,cet4 cet6 ky toefl ielts,4506,5134
manufacturer,.mænju'fæktʃәrә,"n. 制造业者, 厂商\n[经] 制造人, 制造商, 制造厂",,cet4 cet6,2016,2251
marble,'mɑ:bl,"n. 大理石, 石弹, 雕刻品\na. 大理石的, 冷酷无情的, 有大理石花纹的",,gk cet4 cet6 ky toefl ielts gre,4199,4819
margin,'mɑ:dʒin,"n. 页边的空白, 边缘, 界限, 余裕, 差数, 差额, 保证金\nvt. 加边于, 加旁注于\n[计] 页边距",,cet4 cet6 ky toefl ielts gre,2962,3308
marine,mә'ri:n,"n. 舰队, 水兵, 海景画\na. 海的, 海产的, 海底的, 船舶的, 海运的",,cet4 cet6 ky toefl ielts gre,3580,4916
mark,mɑ:k,"n. 标志, 分数, 马克, 痕迹, 斑点, 靶子, 刻度, 记号, 符号, 戳记, 标准, 起跑线\nvt. 做标记于, 留意, 打分数, 表明, 标志, 记录\nvi. 作记号, 记得分\n[计] 标志; 标记; 传号",,zk gk cet4 ky,1255,1683
marriage,'mæridʒ,"n. 婚姻, 结婚, 婚礼, 合并\n[医] 婚姻, 结婚",,zk gk cet4 cet6 ky,1154,1011
married,'mærid,"a. 已婚的, 婚姻的\n[法] 结了婚的, 有配偶的, 夫妇的",,gk cet4 cet6 ky,1742,1610
marry,'mæri,"vt. 与...结婚, 娶, 嫁\nvi. 结婚",,zk gk cet4 ky,1217,1333
marvelous,'mɑ:vәlәs,"a. 令人惊异的, 了不起的, 不平常的",,cet4 ky toefl ielts,0,6935
Marxist,'mɑ:ksist,a. 马克思主义的\nn. 马克思主义者,,cet4 cet6 ky,5201,10077
mask,mæsk,"n. 面具, 假面具, 掩饰, 石膏面模\nvt. 戴面具, 掩饰, 使模糊\nvi. 化装, 戴面具, 掩饰, 参加化装舞会\n[计] 屏蔽; 掩码",,gk cet4 cet6 ky toefl ielts gre,4312,2893
mass,mæs,"n. 块, 大多数, 质量, 大量, 群众, 弥撒\na. 群众的, 大规模的, 整个的\nvt. 使集合, 集中\nvi. 聚集",,gk cet4 cet6 ky toefl ielts,1857,1989
massive,'mæsiv,"a. 大而重的, 宽大的, 宏伟的\n[医] 大块的, 整块的, 大量的",,cet4 cet6 ky toefl ielts gre,2037,1996
master,'mɑ:stә. 'mæstә,"n. 主人, 硕士, 大师, 母机\na. 主人的, 主要的\nvt. 征服, 控制, 精通",,zk gk cet4 cet6 ky ielts,1224,1883
masterpiece,'mɑ:stәpi:s,"n. 杰作, 名著",,cet4 cet6 ky toefl ielts,7693,7685
mat,mæt,"n. 垫, 丛, 衬边\na. 粗糙的, 无光泽的\nvi. 纠缠在一起\nvt. 铺席于...上, 使无光泽, 使缠结",,gk cet4 cet6 ky,6419,5639
mate,meit,"n. 配偶, 对手, 助手, (象棋)将死\nvt. 使配对, 使一致, 结伴, (象棋)将死\nvi. 成配偶, 紧密配合",,cet4 cet6 ky toefl gre,3060,4061
material,mә'tiәriәl,"n. 材料, 物资, 素材, 布料, 资料\na. 物质的, 肉体的, 重要的",,gk cet4 cet6 ky ielts,499,641
materialism,mә'tiәriәlizm,n. 唯物主义,,cet4 cet6,12735,12791
mathematical,.mæθә'mætikl,"a. 数学的, 精确的\n[机] 数学上的",,cet4 cet6 ky,4809,6512
mathematics,.mæθә'mætiks,n. 数学\n[机] 数学,,zk cet4 cet6 toefl ielts,3593,4257
maths,mæθs,n. 数学,,cet4 cet6 ky,5774,38684
mature,mә'tjuә,"a. 成熟的, 到期的, 充分考虑的\nvt. 使成熟\nvi. 成熟, 到期",,gk cet4 cet6 ky toefl ielts gre,4122,5133
maximum,'mæksimәn,"n. 极点, 最大量, 极大\na. 最高的, 最大的, 最大极限的\n[计] 最大值",,gk cet4 cet6 ky toefl ielts,2427,3603
mayor,'mєә,n. 市长\n[法] 市长,,cet4 cet6 ky,3215,2486
meadow,'medәu,"n. 草地, 牧场",,cet4 cet6 ky ielts,6474,5581
means,mi:nz,"n. 方法, 手段, 工具, 财产, 收入\n[经] 方法, 手段, 工具; 意谓",,gk cet4 cet6 ky toefl ielts,1033,0
meantime,'mi:ntaim,"n. 间隔时间, 其时\nadv. 其间",,cet4 cet6 ky,4457,4813
meanwhile,'mi:nhwail,"n. 其时, 其间\nadv. 同时, 于此时",,gk cet4 cet6 ky,1886,1847
measurable,'meʒәrәbl,"a. 可测量的, 不久的, 重要的",,cet4 cet6,12100,11403
measure,'meʒә,"n. 尺寸, 量度器, 量度标准, 测量, 量具, 程度, 范围, 限度, 分寸, 措施, 方法\nvt. 测量, 测度, 估量, 权衡, 调节, 拿(自己或自己的力量等)作较量\nvi. 度量",,gk cet4 cet6 ky ielts,889,941
measurement,'meʒәdmәnt,"n. 尺寸, 度量, 度量单位\n[计] 度量, 度量单位",,cet4 cet6 ielts,2667,3227
mechanic,mi'kænik,"n. 机械工, 技工\na. 手工的",,cet4 cet6 ky,4979,4260
mechanical,mi'kænikәl,"a. 机械的, 机械性的, 力学的\n[医] 机械的, 力学的",,cet4 cet6 ky toefl gre,3521,3729
mechanically,mi'kænikәli,"adv. 机械, 用机械, 机械学, 物理, 力学, 呆板, 无意识, 手工操作, 技工",,cet4 cet6,11776,13921
mechanics,mi'kæniks,"n. 机械学, 结构, 力学\n[化] 力学",,cet4 cet6 toefl gre,0,0
medal,'medl,"n. 奖牌, 勋章\nvt. 授勋予",,gk cet4 cet6 ky ielts gre,4212,3451
media,'mi:diә,n. 媒体\n[计] 媒质,,gk cet4 cet6 toefl ielts,0,757
medical,'medikl,"n. 医生, 体格检查\na. 医学的, 内科的, 药的",,zk gk cet4 cet6 ky ielts,1068,646
Mediterranean,.meditә'reiniәn,"n. 地中海, 地中海民族\na. 地中海的, 地中海民族的",,cet4 cet6,11647,7623
medium,'mi:diәm,"n. 媒体, 方法, 媒介\na. 半生熟的, 中间的\n[计] 媒体, 中",,gk cet4 cet6 ky toefl ielts gre,951,3241
melon,'melәn,"n. 瓜, 甜瓜, 红利, 赃物\n[化] 三聚二氰亚胺",,gk cet4 cet6 ky gre,12740,9886
melt,melt,"n. 熔化, 熔化物, 溶解\nv. (使)熔化, (使)溶解, (使)消散, (使)变软",,cet4 cet6 ky,4531,3460
memorial,mi'mɒ:riәl,"n. 纪念物, 请愿书\na. 记念的, 记忆的",,gk cet4 cet6 ky toefl gre,3986,4564
memory,'memәri,"n. 记忆, 记忆力, 回忆, 纪念, 存储\nn. 内存\n[计] 存储器, 内存, 查看内存实用程序",,zk gk cet4 cet6 ky toefl,979,891
mental,'mentl,"a. 心智的, 精神病的, 心理的, 颏的\nn. 精神病患者",,gk cet4 cet6 ky toefl ielts,1620,1584
merchant,'mә:tʃәnt,"n. 商人, 店主\na. 商业的, 商人的",,gk cet4 cet6 ky toefl,2755,4126
mercury,'mә:kjuri,"n. 水银, 汞, 使者\n[化] 汞Hg",,cet4 cet6 ky toefl,7335,6937
mercy,'mә:si,"n. 仁慈, 宽恕, 慈悲, 怜悯, 幸运\n[法] 权宜处置权, 决定权, 宽恕",,gk cet4 cet6 ky ielts,4991,5244
mere,miә,"n. 小湖, 池塘\na. 仅仅的, 只不过的",,cet4 cet6 ky toefl,2440,2925
merely,'miәli,adv. 只,,gk cet4 cet6 ky,1273,1988
merit,'merit,"n. 优点, 功绩, 价值, 功过, 真相\nvt. 值得\nvi. 应受",,cet4 cet6 ky toefl ielts gre,3641,4501
merry,'meri,"a. 快乐的, 愉快的, 嬉戏作乐的",,gk cet4 cet6 ky,7649,7420
mess,mes,"n. 食堂, 伙食, 用膳, 一份食品, 混乱, 乱七八糟, 困境\nvt. 将...弄糟, 妨碍, 使紊乱, 使就餐\nvi. 陷入困境, 搞乱, 用膳",,gk cet4 cet6 ky ielts,3437,3381
message,'mesidʒ,"n. 消息, 通讯, 讯息, 教训, 预言, 广告词\nvt. 通知\nvi. 通报, 报告, 报信\n[计] 报文; 消息; 信息",,zk gk cet4 cet6 ky,1120,807
messenger,'mesindʒә,"n. 报信者, 使者\n[经] 使者, 送信者, 通信员",,cet4 cet6 ky,6998,6537
metal,'metәl,"n. 金属, 金属制品, 合金, 本质, 质料\na. 金属制的\nvt. 以金属覆盖",,zk gk cet4 cet6 ky ielts,1668,1574
method,'meθәd,"n. 方法, 办法, 条理, 秩序\n[医] [方]法",,zk gk cet4 cet6 ky ielts,561,998
metre,'mi:tә,"n. 公尺, 格律, 韵律\n[医] 米, 公尺",,zk gk cet4 cet6 ky,2099,0
metric,'metrik,"a. 公尺的, 公制的, 计量的\n[医] 测量的, 米制的, 公制的",,cet4 cet6 ky ielts,10828,10163
microcomputer,.maikrәu'kɒmpjutә,"n. 微电脑, 微机\n[计] 微型计算机; 微计算机",,gk cet4 cet6,7479,22510
microphone,'maikrәfәun,"n. 扩音器, 麦克风\n[医] 扩音器, 传声器",,cet4 cet6 ky ielts,5672,5577
microscope,'maikrәuskәup,n. 显微镜\n[化] 显微镜,,gk cet4 cet6 ky toefl gre,7274,8309
midday,'middei,"n. 正午, 中午\na. 正午的",,gk cet4 cet6,7619,9129
midnight,'midnait,"n. 午夜, 子夜, 半夜\na. 午夜的, 半夜的",,gk cet4 cet6 ielts,3635,3461
midst,midst,n. 中间\nprep. 在...中间,,cet4 cet6 ky,6929,4342
might,mait,"n. 力量, 权力\naux. 可能, 也许",,zk gk cet4 ky ielts,138,175
mild,maild,"a. 温和的, 温柔的, 淡味的, 适度的, 轻微的, (肥皂等)软性的\n[医] 轻的, 缓和的",,gk cet4 cet6 ky toefl,3774,3819
mile,mail,"n. 英里, 很大距离\n[机] 英里, 哩",,zk gk cet4 cet6 ky,772,0
military,'militәri,"n. 军队\na. 军事的, 军人的, 适于战争的",,cet4 cet6 ky toefl,922,474
mill,mil,"n. 压榨机, 磨坊, 制造厂\nvt. 碾磨, 磨细, 搅拌, 使乱转\nvi. 乱转, 被碾磨",,cet4 cet6 ky toefl gre,2128,4439
millimetre,'milimi:tә,n. 毫米\n[机] 公厘,,cet4 cet6,9848,0
miner,'mainә,"n. 矿工, 开矿机, 坑道工兵\n[经] 矿工",,cet4 cet6,3339,5693
minimum,'minimәm,"a. 最小的, 最低的\nn. 最小值\n[计] 最小值",,gk cet4 cet6 ky toefl ielts,2715,3633
minister,'ministә,"n. 部长, 牧师, 公使\nvi. 服侍, 救助, 主持宗教仪式",,gk cet4 cet6 ky ielts,294,1910
ministry,'ministri,"n. 部, 内阁, 服务\n[经] 部",,gk cet4 cet6 ky toefl,1717,4242
minor,'mainә,"n. 未成年人, 副修科目\na. 较小的, 二流的, 未成年的\nvi. 副修\n[计] 次要",,cet4 cet6 ky,1912,2610
minority,mai'nɒriti,"n. 少数, 未成年, 少数民族\na. 少数的, 属于少数派的",,gk cet4 cet6 ky toefl ielts,2106,1633
minus,'mainәs,"n. 负号, 不足\na. 减的, 负的, 阴性的\nprep. 减, 缺\n[计] 负差",,gk cet4 cet6 ky ielts,4789,8628
miracle,'mirәkl,"n. 奇迹, 奇事",,cet4 cet6 ky toefl ielts gre,4110,3279
mirror,'mirә,"n. 镜子, 写真, 典范\nvt. 反映, 映出",,zk gk cet4 cet6 ky,2086,1853
miserable,'mizәrәbl,a. 悲惨的；痛苦的；卑鄙的,,cet4 cet6 ky toefl ielts,5017,5769
mislead,mis'li:d,vt. 误导,,cet4 cet6 ky toefl,8459,8670
missile,'misail,"n. 发射物, 导弹, 飞弹, 火箭\na. 可发射的",,gk cet4 cet6 ky ielts gre,3749,2367
missing,'misiŋ,"a. 不见的, 缺少的\n[法] 行踪不明的, 失踪的, 遗失的",,cet4 cet6 ky,4261,3499
mission,'miʃәn,"n. 任务, 代表团, 使命, 传教团\nvt. 派遣, 向...传教",,cet4 cet6 ky toefl ielts,2599,1095
mist,mist,"n. 雾, 迷蒙, 朦胧不清\nvt. 使模糊, 使蒙上雾\nvi. 变模糊, 下雾",,gk cet4 cet6 ky ielts,4784,5967
Mister,'mistә,n. 先生,,cet4 cet6,8306,14999
mistress,'mistris,"n. 主妇, 女主人, 情妇",,cet4 cet6 ky,4800,7187
misunderstand,.misʌndә'stænd,"vt. 误解, 误会",,gk cet4 cet6 ky,8418,8287
mix,miks,"n. 混合物, 混乱, 糊涂\nvt. 使混合, 弄混, 使结合, 混淆\nvi. 相混合, 交往, 参与",,gk cet4 ky,2156,1759
mixture,'mikstʃә,"n. 混合, 混淆, 混合物\n[化] 混合物",,gk cet4 cet6 ky ielts,2426,2413
moan,mәun,"n. 呻吟, 悲叹\nvi. 呻吟, 抱怨, 悲叹\nvt. 呻吟着说",,cet4 cet6 ky gre,6537,7649
mobile,'mәubil,"a. 移动的, 易变的, 机动的\nn. 活动物体",,gk cet4 cet6 ky toefl ielts gre,4468,4686
mode,mәud,"n. 模态, 调式, 样式, 文体, 状态, 方式, 风尚\n[计] 方式; DOS外部命令:设定各种设备命令",,cet4 cet6 ky toefl ielts gre,2219,2793
model,'mɒdәl,"n. 模型, 模范, 模特儿\na. 模范的, 作模型用的\nvi. 做模型, 做模特儿\nvt. 使模仿, 塑造\n[计] 模型",,zk gk cet4 ky ielts,551,504
moderate,'mɒdәrәt,"a. 适度的, 稳健的, 中等的, 节制的\nvt. 节制, 减轻, 使缓和\nvi. 变缓和, 主持会议",,cet4 cet6 ky toefl ielts,4567,3264
modest,'mɒdist,"a. 谦逊的, 羞怯的, 端庄的, 适度的\n[经] 适当的",,gk cet4 cet6 ky toefl ielts gre,3176,3101
modify,'mɒdifai,"vt. 修正, 变更, 修饰, 缓和, 减轻\nvi. 被修改\n[计] 修改",,cet4 cet6 ky toefl ielts gre,3239,3685
moist,mɒist,"a. 潮湿的, 多雨的, 感伤的, 含泪的\n[医] 湿的",,cet4 cet6 ky toefl ielts,7866,6541
moisture,'mɒistʃә,"n. 湿气, 水分, 降雨\n[化] 含水量; 含湿量",,cet4 cet6 ky toefl,7063,5447
molecule,'mɒlikju:l,"n. 分子, 些微\n[化] 分子",,cet4 cet6 ky toefl ielts gre,3266,4785
monitor,'mɒnitә,"n. 监督器, 级长, 监听员, 班长, 监视器, 告诫物\nv. 监视, 监听, 监督\n[计] 监视器, 监视程序; 监视",,zk gk cet4 cet6 ky toefl ielts,2431,2349
monkey,'mʌŋki,"n. 猴子, 猿, 打桩锤\nvi. 淘气, 胡闹\nvt. 嘲弄",,zk gk cet4 ky,5405,4558
monthly,'mʌnθli,"n. 月刊\na. 每月的, 每月一次的",,cet4 ky,3652,3520
monument,'mɒnjumәnt,"n. 纪念碑, 纪念物, 石碑",,gk cet4 cet6 ky toefl,4736,4066
mood,mu:d,"n. 心情, 气氛, 生气, 基调\n[医] 心境",,cet4 cet6 ky toefl ielts,2324,2344
moral,'mɒrәl,"n. 道德, 品行, 寓意\na. 道德的, 品性端正的, 精神上的",,gk cet4 cet6 ky toefl,1787,1459
moreover,mɒ:'әuvә,"adv. 而且, 此外",,cet4 cet6 ky ielts,2111,2282
mortal,'mɒ:tәl,"n. 生物, 人类\na. 不免一死的, 人类的, 临终的",,cet4 cet6 ky toefl ielts,9725,9517
mosquito,mә'ski:tәu,n. 蚊子\n[医] 蚊,,gk cet4 cet6 ky ielts gre,12347,5667
mostly,'mәustli,"adv. 大概, 大部分, 主要\n[经] 大部份",,cet4 cet6 ky toefl,2234,1324
motel,mәu'tel,n. 汽车旅馆,,cet4 cet6 ky ielts,16260,5251
motion,'mәuʃәn,"n. 移动, 手势, 动作, 意向, 请求, 提议\nv. 打手势",,cet4 cet6 ky toefl ielts,1767,1822
motivate,'mәutiveit,"vt. 给与动机, 刺激, 提高...的学习欲望, 促动\n[经] 促动, 激发, 激励",,cet4 cet6 ky toefl ielts,5069,3534
motive,'mәutiv,"n. 动机, 目的, 主题, 基调\na. 运动的, 成为动机的",,cet4 cet6 ky toefl,3406,3578
motor,'mәutә,"n. 马达, 发动机, 原动力, 汽车\na. 马达的, 发动机的, 汽车的, 发动的\nvt. 推动, 以汽车载运\nvi. 乘汽车, 驾车",,gk cet4 cet6 ky,1895,3138
mould,mәuld,"n. 模子, 模制品, 松软沃土, 霉\nvt. 形成, 浇铸, 用泥土覆盖\nvi. 发霉",,cet4 cet6 ky ielts,5627,24169
mount,maunt,"n. 乘骑用马, 框, 衬纸, 山\nvi. 乘马, 爬上, 增长\nvt. 爬上, 使上马, 装上, 装裱, 安放, 制作...的标本, 设置, 上演\n[计] 安装",,cet4 cet6 ky ielts,2596,2987
mourn,mɒ:n,"v. 哀悼, 忧伤, 服丧",,gk cet4 cet6 ky ielts gre,9545,6768
mouse,maus,"n. 老鼠, 胆小羞怯的人, 鼠标\nvi. 捕鼠, 窥探\nvt. 探出\n[计] 鼠标",,zk gk cet4 cet6 ky,2845,3305
mouthful,'mauθful,"n. 一口, 满口",,gk cet4 cet6,9085,13176
movement,'mu:vmәnt,"n. 运动, 动作, 运转, 移动, 倾向, 变化, 活动, 乐章\n[医] 运动",,gk cet4 cet6 ky gre,564,707
movie,'mu:vi,n. 电影,,zk gk cet4 ky ielts,2856,576
mud,mʌd,"n. 泥, 诽谤\nvt. 弄脏",,gk cet4 cet6 ky toefl,3520,3610
muddy,'mʌdi,"a. 泥泞的, 浑浊的, 模糊的\nvt. 使污浊, 使沾上泥污",,gk cet4 cet6 gre,7679,6484
mug,mʌg,"n. 有柄大杯, 脸, 苦读者\nvt. 给...拍照, 攻击, 苦读\nvi. 拼命用功",,cet4 cet6 ky,5770,6098
multiple,'mʌltipl,"n. 倍数, 并联\na. 多样的, 许多的, 多功能的",,cet4 cet6 ky toefl gre,3293,1948
multiply,'mʌltiplai,"v. 繁殖, 乘, 增加\n[计] 乘",,gk cet4 cet6 ky toefl ielts gre,5028,6148
murder,'mә:dә,"n. 谋杀\nvt. 谋杀, 损毁, 破坏\nvi. 犯杀人罪",,zk gk cet4 cet6 ky,1560,1381
murderer,'mә:dәrә,"n. 凶手, 杀人者, 谋害者\n[法] 谋杀犯, 凶手",,cet4 cet6,5115,5423
muscle,'mʌsl,"n. 肌肉, 臂力\n[医] 肌",,cet4 cet6 ky gre,2314,1713
museum,mju:'ziәm,n. 博物馆,,zk gk cet4 cet6 ky ielts,1209,1723
mushroom,'mʌʃrum,"n. 蘑菇形物, 蘑菇, 暴发户\nvi. 迅速生长, 迅速增加, 采蘑菇\na. 蘑菇形的, 迅速生长的",,gk cet4 cet6 ky toefl ielts gre,6009,4256
musical,'mju:zikl,"n. 音乐片, 音乐舞台剧\na. 音乐的, 声音美妙的, 喜爱音乐的",,gk cet4 cet6 ky ielts,2771,2097
musician,mju:'ziʃәn,"n. 音乐家, 乐师, 作曲家",,gk cet4 cet6 ky,3697,2936
mute,mju:t,"n. 哑子, 哑音字母, 弱音器\na. 哑的, 无声的, 沉默的\nvt. 减弱...的声音\nvi. 排泄",,cet4 cet6 ky gre,14663,10937
mutter,'mʌtә,"n. 喃喃低语\nvi. 喃喃自语, 作低沉声\nvt. 出怨言, 抱怨地说",,cet4 cet6 ky ielts gre,3481,4837
mutton,'mʌtn,n. 羊肉,,gk cet4 cet6 ky gre,15305,22179
mutual,'mju:tʃuәl,"a. 相互的, 共有的\n[经] 相互的",,cet4 cet6 ky toefl ielts,3301,2799
mysterious,mis'tiәriәs,"a. 神秘的, 难解的, 不可思议的",,cet4 cet6 ky toefl,4760,4093
mystery,'mistәri,"n. 秘密, 神秘, 奥秘",,cet4 cet6 ky toefl,2813,2332
nail,neil,"n. 钉子, 指甲\nvt. 用钉钉牢, 使固定, 截住, 揭露",,gk cet4 cet6 ky toefl,3556,3556
naked,'neikid,"a. 裸体的, 无装饰的, 无保护的, 赤贫的\n[医] 裸露的",,cet4 cet6 ky toefl ielts,3507,3185
namely,'neimli,"adv. 即, 就是, 换句话说",,cet4 cet6 ky ielts,3346,5524
nap,næp,"n. 小睡, 稍睡, 细毛, 孤注一掷\nvi. 小睡, 疏忽\nvt. 使拉毛, 打盹度过, 预测...为获胜马",,cet4 cet6 ky ielts,15002,7438
narrow,'nærәu,"n. 狭窄部分, 隘路\na. 狭窄的, 仔细的, 有限的, 勉强的, 狭隘的, 手紧的\nvi. 变窄\nvt. 使变狭窄",,gk cet4 cet6 ky toefl,1725,2007
nasty,'nɑ:sti,"a. 污秽的, 下流的, 险恶的",,cet4 cet6 ky ielts,3646,4476
nation,'neiʃәn,"n. 国家, 民族\n[法] 民族, 国家",,gk cet4 cet6 ky,1177,412
national,'næʃәnәl,"a. 国家的, 国立的, 全国性的, 民族的\n[经] 全国性的, 国家的, 国民的",,zk gk cet4 cet6 ky ielts,232,231
nationality,.næʃә'nælәti,"n. 国籍, 国家, 民族性\n[法] 国家, 民族, 国民",,gk cet4 cet6 ky toefl ielts,5673,7751
native,'neitiv,"n. 本地人, 土产, 当地人\na. 本国的, 与生俱来的, 自然的",,gk cet4 cet6 ky ielts,3140,1403
natural,'nætʃәrәl,"n. 白痴\na. 自然的, 自然界的, 本能的, 天然的, 物质的, 正常的, 原始的, 自然数的",,zk gk cet4 cet6 ky toefl ielts,709,715
naturally,'nætʃәrәli,"adv. 自然地, 以自然力, 天生地",,cet4 cet6,2088,2795
nature,'neitʃә,"n. 自然, 大自然, 本性, 性格, 性质\n[医] 自然, 大自然; 本性, 性能",,zk gk cet4 cet6 ky ielts,553,696
naughty,'nɒ:ti,"a. 顽皮的, 没规矩的, 不适当的, 下流的",,cet4 cet6 ky toefl,7181,12639
naval,'neivl,"a. 海军的, 军舰的, 有舰队的\n[法] 海军的, 军舰的, 船的",,cet4 cet6 ky toefl ielts,4376,4941
navigation,.nævi'geiʃәn,"n. 航行, 航海, 导航\n[经] 航空, 航海, 航船",,cet4 cet6 ky toefl ielts,7152,8237
navy,'neivi,"n. 海军, 海军人员, 海军军力, 烟蒂",,gk cet4 cet6 ky,3375,5950
nearby,'niәbai,"a. 附近的, 近旁的\nadv. 在附近, 近旁地\nprep. 在...附近",,gk cet4 cet6 ky,3327,2423
neat,ni:t,"a. 整洁的, 巧妙的, 匀称的, 简洁的\nn. 牛",,gk cet4 cet6 ky toefl ielts,3823,4683
necessarily,'nesisәrili,"adv. 必然地, 必须地, 必要地",,cet4 cet6,1642,1957
necessity,ni'sesәti,"n. 需要, 必需品, 必然\n[法] 必要性, 必然性, 必要",,cet4 cet6 ky toefl,3374,3951
neck,nek,"n. 脖子, 衣领, 颈\nvi. 拥抱, 拥吻, 收缩\nvt. 割颈",,zk gk cet4 cet6 ky toefl ielts,1569,1521
necklace,'neklis,n. 项链,,gk cet4 cet6 ky,10178,6583
needle,'ni:dl,"n. 针, 尖\nvt. 用针缝\nvi. 缝纫\n[计] 探针",,gk cet4 cet6 ky gre,3238,3804
needless,'ni:dlis,"a. 不需要的, 不必要的",,cet4 cet6,7525,9297
negative,'negәtiv,"n. 否定, 否定语, 负数, 底片\na. 否定的, 消极的, 负的, 阴性的\nn. 负数, 负值\n[计] 负数, 负值",,cet4 cet6 ky toefl ielts,2015,1470
neglect,ni'glekt,"n. 疏忽, 忽略, 漏做\nvt. 疏忽, 忽视, 不顾",,cet4 cet6 ky toefl ielts,4477,5063
negro,'ni:grәu,n. 黑人\na. 黑人的,,cet4 cet6 ky,15831,16070
neighborhood,'neibәhud,"n. 附近, 邻近",,cet4 ky,49659,1134
neighbour,'neibә,"n. 邻居, 邻接的东西, 邻国, 邻座, 邻人, 世人\na. 邻接的, 邻近的\nvi.vt. 邻近, 与...结邻, 邻接",,zk gk cet4 cet6,1847,0
neighbourhood,'neibәhud,"n. 邻接, 周围, 附近一带, 邻近, 邻居关系, 地区, 街道, 街坊, 四邻\n[计] 邻域",,gk cet4 cet6,3942,25261
nephew,'nefju:,"n. 侄子, 外甥",,gk cet4 cet6 ky,6440,6362
nerve,nә:v,"n. 精神, 勇气, 叶脉, 神经\nvt. 鼓起勇气",,cet4 cet6 ky gre,3005,3083
nervous,'nә:vәs,"a. 神经紧张的, 不安的, 神经的\n[医] 神经的; 神经质的, 神经过敏的",,zk gk cet4 cet6 ky toefl ielts,2632,2393
nest,nest,"n. 巢, 窝, 休息所, 隐匿处\nvi. 筑巢, 找鸟巢\nvt. 为...设窝, 使套叠\n[计] 嵌套",,gk cet4 cet6 ky,3867,4131
net,net,"n. 网, 网状物, 罗网, 净利, 净价\na. 净的, 最终的\nvt. 用网捕, 撒网, 净赚, 得到\nvi. 编网\n[计] 网络, 网络分析程序",,gk cet4 cet6 ky toefl,2189,2884
network,'netwә:k,"n. 网络, 广播网, 网状物\n[计] 网络",,gk cet4 cet6 ky ielts,1102,882
neutral,'nju:trәl,"n. 中立者, 中立国, 非彩色, 空档\na. 中立的, 中性的, 无色的",,cet4 cet6 ky toefl,4121,4223
nevertheless,.nevәðә'les,"adv. 然而, 虽然如此\nconj. 然而",,cet4 cet6 ky ielts,1337,2582
newly,'nju:li,"adv. 重新, 最近",,cet4 cet6,2869,2791
niece,ni:s,"n. 侄女, 甥女",,gk cet4 cet6 ky,7967,7475
nineteen,.nain'ti:n,"num. 十九, 十九个",,zk gk cet4 ky,1907,7818
nitrogen,'naitrәdʒәn,n. 氮\n[化] 氮N-2,,cet4 cet6 ky toefl ielts,6287,5881
noble,'nәubl,"n. 贵族\na. 高贵的, 高尚的, 贵族的, 辉煌的",,gk cet4 cet6 ky ielts,4808,5553
nod,nɒd,"n. 点头, 打盹, 晃动\nvi. 点头, 打盹\nvt. 点头表示, 点(头)",,zk gk cet4 cet6 ky toefl,1573,1557
noisy,'nɒizi,"a. 嘈杂的, 喧闹的\n[机] 噪声的, 嘈杂的",,gk cet4 cet6 ky toefl ielts,5244,6565
nonsense,'nɒnsәns,"n. 无意义的事, 荒谬言行, 荒唐",,cet4 cet6 ky toefl,4088,5969
normal,'nɒ:ml,"n. 常态, 标准, 正常, 普通\na. 正常的, 正规的, 标准的, 师范的, 正态的\n[计] 标准, 普通",,zk gk cet4 cet6 ky toefl ielts,811,1217
normally,'nɒ:mәli,"adv. 正规地, 合规则, 正常地",,cet4 cet6 toefl,1195,2588
northeast,.nɒ:θ'i:st,"n. 东北\na. 东北的, 向东北的, 来自东北的\nadv. 向东北, 来自东北",,gk cet4 cet6 ky,16006,4122
northern,'nɒ:ðәn,"n. 北方人\na. 北方的, 向北的, 自北方来的",,zk gk cet4 cet6 ky,1445,1556
northwest,.nɒ:θ'west,"n. 西北, 西北方\na. 西北的, 在西北的, 来自西北的\nadv. 向西北",,gk cet4 cet6 ky,14975,3403
notebook,'nәutbuk,"n. 笔记本, 手册, 期票簿",,zk gk cet4 cet6 ky ielts,5410,4427
notice,'nәutis,"n. 注意, 布告, 通知, 预告, 短评\nvt. 注意, 通知, 评论, 提及, 关注\nvi. 注意",,zk gk cet4 cet6 ky toefl ielts,1034,1044
noticeable,'nәutisәbl,"a. 显而易见的, 显著的, 值得注意的",,cet4 cet6 ky,6347,8488
notify,'nәutifai,"vt. 通知, 通告, 报告\n[计] 通知",,cet4 cet6 ky ielts,5665,6111
notion,'nәuʃәn,"n. 概念, 观念, 想法, 打算, 别致的小东西\n[经] 概念, 打算, 想法",,cet4 cet6 ky toefl ielts,1969,1714
noun,naun,n. 名词,,cet4 cet6 ky,6274,13780
novel,'nɒvl,"n. 小说, 长篇故事\na. 新奇的, 异常的",,gk cet4 cet6 ky toefl ielts,2109,1647
nowadays,'nauәdeiz,"n. 现在, 现时, 当今\nadv. 时下, 现今",,gk cet4 cet6 ky toefl,4094,6788
nowhere,'nәuhwєә,"adv. 无处, 到处都无",,gk cet4 cet6 ky ielts,3107,2924
nuclear,'nju:kliә,"a. 核子的, 原子能的, 核的, 中心的\n[医] 核的",,gk cet4 cet6 ky toefl,1221,1176
nucleus,'nju:kliәs,"n. 核心, 核子, 原子核, 起点\n[计] 核心程序",,cet4 cet6 ky toefl ielts gre,5854,6944
nuisance,'nju:sns,"n. 讨厌的东西, 讨厌的人, 损害\n[医] 损害, 讨厌",,cet4 cet6 ky ielts,5300,8738
numerous,'nju:mәrәs,"a. 很多的, 数目众多的, 多数的\n[机] 多数的, 甚多的",,cet4 cet6 ky toefl ielts gre,2597,2275
nursery,'nә:sәri,"n. 托儿所, 苗圃, 温床\n[医] 婴儿室, 托儿所",,gk cet4 cet6 ky ielts,3383,5632
nut,nʌt,"n. 坚果, 核心, 螺帽\n[计] Novell NetWare服务器实用程序",,gk cet4 cet6 ky,4276,3188
nylon,'nailɒn,n. 尼龙\n[化] 尼龙; 聚酰胺纤维,,gk cet4 cet6 ky ielts,7129,8449
obey,ә'bei,"vt. 服从, 遵从, 顺从\nvi. 服从",,gk cet4 cet6 ky,4952,5672
object,'ɒbdʒekt,"n. 物体, 目标, 目的, 对象, 宾语, 客体\nvi. 反对, 抱反感\nvt. 提出...来反对\n[计] 对象",,zk gk cet4 cet6 ky ielts,1028,1153
objection,әb'dʒekʃәn,"n. 异议, 反对, 不喜欢, 缺点, 缺陷, 妨碍, 拒绝之理由\n[法] 异议, 反对, 抗议",,cet4 cet6 ky toefl ielts gre,2931,4737
objective,әb'dʒektiv,"n. 目的, 目标, 宗旨, 宾格, 实物\na. 客观的, 如实的, 无偏见的, 宾格的",,cet4 cet6 ky toefl ielts gre,1322,2406
obligation,.ɒbli'geiʃәn,"n. 义务, 责任, 约束, 契约, 恩惠, 债务\n[经] 待付款, 债务, 义务",,cet4 cet6 ky toefl ielts gre,2182,2988
oblige,ә'blaidʒ,"vt. 强制, 施恩惠于, 使感激\nvi. 施恩惠, 帮忙",,cet4 cet6 ky toefl ielts gre,6344,6685
obscure,әb'skjuә,"a. 模糊的, 昏暗的, 难解的, 晦涩的, 偏僻的, 微贱的, 无名的\nvt. 使变暗, 隐藏, 使变模糊, 使难解",,cet4 cet6 ky toefl ielts gre,5564,5853
observation,.ɒbzә:'veiʃәn,"n. 观察, 注意, 观测, 观察力\n[化] 观察",,cet4 cet6 ky toefl ielts,1842,2105
observe,әb'zә:v,"vt. 觉察到, 遵守, 注意到, 庆祝\nvi. 注意, 评论",,gk cet4 cet6 ky toefl ielts,1288,1294
observer,әb'zә:vә,"n. 观察者, 遵守者, 观察员\n[法] 观察者, 观察员, 监场员",,cet4 cet6,2645,2456
obstacle,'ɒbstәkl,"n. 障碍, 妨害物, 阻碍",,cet4 cet6 ky toefl ielts gre,4525,3569
obtain,әb'tein,"vt. 获得, 达到\nvi. 流行, 得到公认",,gk cet4 cet6 ky toefl,793,1595
obvious,'ɒbviәs,"a. 明显的, 明白的, 显然的, 平淡无奇的",,gk cet4 cet6 ky toefl ielts gre,1173,1689
obviously,'ɔbviәsli,"adv. 显而易见地, 明显地",,cet4 cet6,908,1278
occasion,ә'keiʒәn,"n. 场合, 时机, 机会, 诱因, 理由\nvt. 惹起, 引起",,cet4 cet6 ky toefl ielts,1090,2262
occasional,ә'keiʒәnl,"a. 偶然的, 临时的\n[法] 偶然的, 特殊场合的",,cet4 cet6 ky toefl,2924,3511
occasionally,ә'keiʒәnli,"adv. 有时候, 偶而",,cet4 cet6 toefl,2205,2485
occupation,.ɒkju'peiʃәn,"n. 职业, 占有, 占有期, 占领, 占领军\n[经] 占有, 占用, 职业",,gk cet4 cet6 ky toefl ielts gre,2591,3334
occupy,'ɒkjupai,"vt. 占领, 占(时间、空间等), 住进, 担任, 使从事, 使全神贯注\n[法] 占领, 占据, 占有",,cet4 cet6 ky toefl ielts,1991,2710
occur,ә'kә:,"vi. 发生, 被想到, 存在",,gk cet4 cet6 ky toefl ielts,634,756
occurrence,ә'kʌrәns,"n. 发生, 事件, 出现\n[医] 发生",,cet4 cet6 ky toefl ielts gre,4563,6221
ocean,'әuʃәn,"n. 海洋, 广阔, 许多, 一大片\n[法] 海洋, 海",,zk gk cet4 ky ielts,3015,1842
Oceania,.әuʃi'æniә,n. 大洋洲,,gk cet4 cet6,42429,0
odd,ɒd,"a. 奇数的, 古怪的, 剩余的, 零散的, 各种各样的, 少量的\nn. 奇特的事物, 怪人\n[计] 奇数, 奇校验, 光数据数字转换器",,cet4 cet6 ky toefl ielts,2002,2738
odour,'әudә,"n. 气味, 臭气, 香气, 味道, 迹象, 名誉, 声誉\n[医] 气味",,cet4 cet6 ielts,6254,0
offend,ә'fend,"v. 犯罪, 冒犯, 违反, 进攻",,cet4 cet6 ky ielts gre,5542,5207
offer,'ɒfә,"n. 给予(物), 出价, 提议, 意图, 报价\nvt. 提供, 出价, 奉献, 试图, 使出现, 演出\nvi. 出现, 献祭, 提议, 求婚",,zk gk cet4 cet6 ky toefl ielts,307,373
officer,'ɒfisә,"n. 军官, 主管, 官员, 公务员\nvt. 指挥",,zk gk cet4 cet6 ky ielts,556,671
official,ә'fiʃәl,"n. 官员, 公务员, 职员\na. 公务的, 官方的, 正式的",,gk cet4 cet6 ky toefl,1199,526
oil,ɒil,"n. 油, 石油, 油画颜料\nvt. 涂油于, 使融化成油状, 加油于\nvi. 加燃油, 融化",,zk gk cet4 ky ielts,906,546
okay,әj'kei,"a. 好, 可以, 行, 对, 好吗, 很好\nadv. 好, 可以, 行, 对, 好吗, 很好\nn. 同意, 签认, 批准, 认可\nvt. 同意, 签认, 批准, 认可",,cet4 ky,957,1642
omit,әu'mit,"vt. 省略, 删除, 疏忽, 遗漏\n[化] 省略",,cet4 cet6 ky toefl ielts gre,4351,5550
oneself,wʌn'self,"pron. 自己, 亲自",,zk gk cet4 ky,7141,7598
onion,'ʌnjәn,n. 洋葱\nvt. 因洋葱使掉泪,,gk cet4 cet6 ky,5108,2567
onto,'ɒntu:,prep. 在...之上,,gk cet4 ky,1535,926
opening,'әupәniŋ,"n. 开始, 口子, 穴, 揭幕\na. 开始的",,gk cet4 cet6 ky ielts,1730,1940
opera,'ɒpәrә,n. 歌剧,,gk cet4 cet6 ky toefl,2984,3851
operate,'ɒpәreit,"v. 操作, 运转, 动手术, 活动",,gk cet4 cet6 ky toefl,970,1309
operation,.ɒpә'reiʃәn,"n. 操作, 动作, 手术, 运算, 作用, 业务\n[计] 运算",,zk gk cet4 cet6 ky,619,826
operational,.ɒpә'reiʃәnl,"a. 操作的, 运作的\n[法] 操作上的, 业务上的, 可起作用的",,cet4 cet6 ky,4032,6134
operator,'ɒpәreitә,"n. 操作员, 行家, 经纪人, 算子, 运算符\n[计] 运算符",,gk cet4 cet6 ky toefl,2700,3210
opinion,ә'pinjәn,"n. 意见, 评价, 主张\n[经] 意见",,gk cet4 cet6 ky toefl ielts,1067,1124
opponent,ә'pәunәnt,"n. 对手, 敌手, 反对者\na. 敌对的, 反对的, 对面的",,cet4 cet6 ky toefl ielts gre,2663,2181
opportunity,.ɒpә'tju:niti,"n. 机会, 时机",,cet4 cet6 ky toefl ielts,618,625
oppose,ә'pәuz,"vt. 反对, 以...对抗, 抗争\nvi. 反对",,gk cet4 cet6 ky toefl ielts gre,2559,1945
opposite,'ɒpәzit,"a. 相对的, 相反的, 对面的\nprep. 对面\nn. 对立面",,gk cet4 cet6 ky toefl ielts,2574,2222
oppress,ә'pres,"vt. 压迫, 压抑, 使烦恼",,cet4 cet6 ky ielts gre,14569,13013
optical,'ɒptikl,"a. 眼睛的, 视觉的, 光学的\n[机] 光学上的, 光学的",,cet4 cet6 ky toefl ielts,6151,5497
optics,'ɒptiks,n. 光学\n[化] 光学,,cet4,20417,9313
optimistic,.ɒpti'mistik,"a. 乐观的, 乐观主义的, 乐天的",,gk cet4 cet6 ky toefl,4963,4141
option,'ɒpʃәn,"n. 选择权, 挑选, 选项\n[计] 选项",,cet4 cet6 ky toefl ielts,1086,1102
optional,'ɒpʃәnl,"a. 可选择的, 随意的\n[化] 选购的",,gk cet4 cet6 ky toefl ielts gre,5815,5692
oral,'ɒ:rәl,"n. 口试\na. 口头的, 口述的, 口部的",,gk cet4 cet6 ky toefl ielts,3468,3875
orbit,'ɒ:bit,"n. 轨道, 常轨, 眼眶\nvt. 绕...轨道而行\nvi. 进入轨道, 盘旋",,gk cet4 cet6 ky toefl ielts,6177,4178
orchestra,'ɒ:kistrә,"n. 管弦乐队, 乐队演奏处",,cet4 cet6 ky toefl ielts gre,4027,5347
orderly,'ɒ:dәli,"a. 有秩序的, 整齐的, 值班的\nn. 护理员, 清道夫, 传令兵, 勤务兵\nadv. 依次地, 顺序地",,cet4 cet6 ky toefl ielts,8435,7744
ordinary,'ɒ:dinәri,"a. 平常的, 普通的, 平凡的\nn. 平常的人(或事)",,gk cet4 cet6 ky ielts,1387,2268
ore,ɒ:,n. 矿石\n[经] 矿,,cet4 cet6 ky toefl ielts gre,8191,10340
organ,'ɒ:gәn,"n. 风琴, 器官, 元件, 机构, 机关\n[电] 风琴",,gk cet4 cet6 ky ielts,3101,3394
organic,ɒ:'gænik,"a. 器官的, 有机的, 组织的, 根本的\n[医] 器官的, 有生命的, 有机的, 器质的",,cet4 cet6 ky toefl ielts,3457,3070
organism,'ɒ:gәnizm,"n. 生物, 有机体, 社会组织\n[医] 生物[体],[有]机体",,cet4 cet6 ky toefl ielts gre,3911,4375
organization,.ɒ:gәnai'zeiʃәn,"n. 组织, 结构, 团体, 体制\n[医] 组织, 机构, 机化(血栓或坏死组织)",,gk cet4 cet6 ky ielts,1079,595
organize,'ɒ:gәnaiz,"vt. 组织, 有机化, 给予生机\nvi. 组织起来",,cet4 cet6 ky,2507,1643
orient,'ɒ:riәnt,"n. 东方, 东方诸国\na. 东方的\nvi. 向东\nvt. 使朝东, 使适应, 确定方向",,cet4 cet6 ky toefl gre,10266,6514
oriental,.ɒ:ri'entl,"n. 东方人, 亚洲人\na. 东方诸国的, 亚洲的, 东方的",,cet4 cet6 ky toefl ielts,7045,8982
origin,'ɒridʒin,"n. 起源, 起因, 出身, 开端\n[计] 原点; 起始地址; 信件来源的相关数据",,gk cet4 cet6 ky toefl ielts,1898,2547
original,ә'ridʒәnl,"a. 最初的, 原始的, 有创意的\nn. 原物, 原作",,cet4 cet6 ky toefl ielts gre,918,1135
originate,ә'ridʒineit,"vt. 创始, 发明, 发起\nvi. 发源, 发生, 起航\n[计] 发自",,cet4 cet6 ky toefl ielts,4384,5287
ornament,'ɒ:nәmәnt,"n. 装饰, 点缀品, 教堂用品\nvt. 装饰, 修饰",,cet4 cet6 ky toefl ielts,7644,7737
orphan,'ɒ:fәn,"n. 孤儿\na. 无双亲的, 孤儿的\nvt. 使成孤儿\n[计] 弧体",,cet4 cet6 ky,9767,7521
otherwise,'ʌðәwaiz,"adv. 否则, 不同地, 别的方式",,gk cet4 cet6 ky ielts,1133,1527
ought,ɒ:t,"aux. 应该, 大概\nn. 责任",,gk cet4 cet6 ky,1546,1755
ounce,auns,"n. 盎司, 少量, 雪豹\n[医] 英两, Г",,cet4 cet6 ky toefl,8670,0
outcome,'autkʌm,"n. 结果, 出口",,gk cet4 cet6 ky toefl ielts,1957,1747
outdoor,'autdɒ:,"a. 户外的, 屋外的, 露天的",,cet4 cet6 ky,5384,3614
outdoors,'aut'dɒ:z,"n. 户外, 野外活动\nadv. 在户外, 在野外",,gk cet4 cet6 toefl,15004,7559
outer,'autә,"a. 外部的, 外面的, 在外的, 远离中心的\n[机] 外部的, 外面的, 外侧的",,gk cet4 cet6 ky,3097,3698
outlet,'autlet,"n. 出口, 发泄方法, 市场\n[医] 出口",,cet4 cet6 ky toefl ielts gre,4508,4624
outline,'autlain,"n. 大纲, 轮廓, 概要\nvt. 描画轮廓, 描述要点\nn. 大纲, 分级, 轮廓\n[计] 大纲, 分级, 轮廓",,gk cet4 cet6 ky toefl ielts gre,2838,4429
outlook,'autluk,"n. 观点, 景色, 前途, 了望\n[经] 展望",,cet4 cet6 ky toefl,5039,5863
output,'autput,"n. 输出, 产品, 产量\n[计] 输出",,gk cet4 cet6 ky toefl ielts,1540,4085
outset,'autset,"n. 着手, 开头, 最初",,cet4 cet6 ky toefl ielts gre,5658,7964
outskirt,'autskә:t,"n. 边缘, 郊外, 外围",,cet4 cet6,0,0
outstanding,.aut'stændiŋ,"a. 杰出的, 突出的, 未偿付的, 未决定的\n[经] 未解决的, 未偿付",,gk cet4 cet6 ky toefl,2714,4000
outward,'autwәd,"a. 向外的, 表面的, 外服的\nadv. 向外, 在外, 表面",,gk cet4 cet6 ky toefl,8743,8599
outwards,'autwәdz,adv. 向外地,,cet4 cet6,8555,29133
oval,'әuvәl,"n. 椭圆形\na. 卵形的, 椭圆形的",,gk cet4 cet6 ky toefl ielts,9791,6604
oven,'ʌvәn,"n. 烤箱, 灶, 子宫\n[化] 烘箱",,cet4 cet6 ky toefl,4188,2920
overall,'әuvәrɒ:l,"a. 全部的, 全体的, 从头至尾的, 一切在内的\nadv. 从头到尾, 总的说来\nn. 罩衫, 工作服",,cet4 cet6 ky toefl ielts,1565,1941
overcoat,'әuvәkәut,n. 外套大衣,,zk gk cet4 cet6 ky,10596,12679
overcome,.әuvә'kʌm,"vt. 战胜, 克服, 胜过\nvi. 得胜",,gk cet4 cet6 ky toefl ielts,2462,2707
overdue,'әuvә'dju:,"a. 过期的, 未兑的, 迟到的, 早就成熟的\n[经] 过期未付的",,cet4 toefl ielts gre,11116,10973
overhead,'әuvәhed,"n. 经常开支, 普通用费, 天花板\na. 在头上的, 高架的\nadv. 在头顶上, 在空中, 在高处, 从头到脚全部没入地\n[计] 总开销; 额外开销",,gk cet4 cet6 ky ielts,7523,5527
overlook,.әuvә'luk,"vt. 俯瞰, 远眺, 没注意到\nn. 眺望, 俯瞰到的景色",,gk cet4 cet6 ky toefl ielts gre,3391,3139
overnight,'әuvәnait,"n. 前一天晚上, 一夜的逗留\na. 通宵的, 晚上的, 前夜的\nadv. 在前一夜, 整夜, 昨晚一晚上",,cet4 cet6 ky,4937,4742
overseas,'әuvә'si:z,"a. 海外的, 国外的\nadv. 在海外, 在国外",,cet4 cet6 ky ielts,2990,4955
overtake,.әuvә'teik,"vt. 赶上, 突然降临于, 压倒, 代替",,cet4 cet6 ky ielts,5931,8889
overtime,'әuvәtaim,"n. 超时, 加班, 延长时间\na. 超时的, 加班的\nadv. 加班地\nvt. 使超过时间",,cet4 cet6 ky toefl,9766,8317
owe,әu,"vt. 亏欠, 负...债, 归功于, 怀有, 应给予, 感恩\nvi. 欠钱",,gk cet4 cet6 ky ielts,2323,2979
owing,'әuiŋ,"a. 未付的, 亏欠的, 受惠的, 归因于...的\n[经] 应付的, 欠着的, 未付的",,cet4 ky,33250,12267
owl,aul,n. 猫头鹰\n[法] 走私,,cet4 cet6 ky gre,4246,5953
owner,'әunә,"n. 拥有者, 物主, 所有人\n[经] 所有者, 物主, 业主",,zk gk cet4 cet6 ky,1153,1021
ownership,'әunәʃip,"n. 所有权, 物主身份\n[经] 所有权, 所有制",,gk cet4 cet6 ky ielts,2672,3585
ox,ɒks,n. 牛,,gk cet4 cet6 ky,11804,0
oxygen,'ɒksәdʒәn,n. 氧\n[化] 氧O-2,,gk cet4 ky toefl,3719,3839
P.M.,,"下午, 午后",,cet4,0,0
pace,peis,"n. 速度, 步调, 步法\nvi. 踱步, 缓慢走\nvt. 用步测, 踱步于",,gk cet4 cet6 ky toefl ielts,2461,2533
pacific,pә'sifik,"n. 太平洋\na. 太平洋的, 太平洋沿岸的, 爱好和平的, 安静的, 平息的",,zk gk cet4 cet6 ielts,2913,26607
pack,pæk,"n. 包裹, 一伙, 一副, 背包, 包装\nvt. 包装, 捆扎, 塞满, 压紧, 挑选\nvi. 包装货物, 挤, 群集, 被包装\n[计] 压缩",,gk cet4 ky toefl gre,2523,2273
package,'pækidʒ,"n. 包裹, 套装软件, 包, 包装用物, 程序包\nvt. 包装, 打包\na. 一揽子的\n[计] 包, 软件包, 包装",,zk gk cet4 cet6 ky toefl ielts,1336,1685
packet,'pækit,"n. 小包, 一批信件, 大量, 信息包\nvt. 打包, 装进小包\n[计] 分组, 分组报文, 数据分组",,gk cet4 cet6 ky,3805,6240
pad,pæd,"n. 填补, 衬垫, 印色盒, 路\nvt. 填补, 走, 夸大\nvi. 步行\n[计] 焊接点; 包装配/拆卸",,cet4 cet6 ky ielts,5284,3664
pail,peil,"n. 桶, 提桶",,cet4 cet6 ky,20588,14177
pain,pein,"n. 痛苦, 疼痛, 辛苦\nvt. 使痛苦, 痛苦\nvi. 作痛, 疼",,gk cet4 cet6 ky,1184,937
painful,'peinful,"a. 痛苦的, 困难的, 令人烦恼的\n[医] 疼痛的",,gk cet4 cet6 ky,3638,3034
paint,peint,"n. 油漆, 颜料, 绘画作品, 涂漆\nvt. 油漆, 绘, 画, 描绘, 装饰, 点缀\nvi. 绘画, 涂漆",,zk gk cet4 ky,2040,1555
painter,'peintә,"n. 画家, 油漆匠\n[机] 油漆匠, 喷漆匠",,gk cet4 ky,3579,3322
painting,'peintiŋ,"n. 画, 绘画, 油漆\n[化] 涂漆",,gk cet4 cet6 ky toefl ielts,1348,1056
pale,peil,"n. 栅栏, 界线, 范围\na. 苍白的, 暗淡的, 无力的\nvi. 变苍白, 变暗, 失色\nvt. 使变苍白, 使失色, 用栅栏围",,zk gk cet4 cet6 ky toefl,2315,2935
palm,pɑ:m,"n. 手掌, 棕榈, 胜利\nvt. 与...握手, 藏...于掌中",,cet4 cet6 ky ielts,3703,2991
pan,pæn,"n. 平锅, 浅盘, 盆地, 硬土层, 拍摄全景\nv. 上下左右移动, 摇镜头, 淘洗, 淘金",,gk cet4 cet6 ky gre,4319,2479
panda,'pændә,"n. 大熊猫, 小熊猫",,zk gk cet4 ky,15519,14691
pane,pein,"n. 窗玻璃, 方框, 方格, 窗格\nvt. 嵌窗玻璃于\n[计] 窗格",,cet4 cet6 toefl gre,11995,10912
panel,'pænl,"n. 嵌板, 仪表板, 专题讨论小组, 全体陪审员\nvt. 嵌镶板",,cet4 cet6 ky toefl ielts gre,1859,1607
pant,pænt,"n. 喘息, 悸动\nvi. 喘息, 渴望\nvt. 气喘吁吁地说",,cet4 cet6 ky ielts,10453,2690
pants,pænts,"n. 裤子, 长裤, 短衬裤, 女式运动短裤",,cet4 cet6 ky toefl ielts,7747,0
parade,pә'reid,"n. 游行, 炫耀, 阅兵\nv. 游行, 炫耀, (使)列队行进",,cet4 cet6 ky toefl ielts,4972,3907
paradise,'pærәdais,"n. 天堂, 乐园, 伊甸园",,cet4 cet6 ielts,5567,6816
paragraph,'pærәgrɑ:f,"n. 段落, 短评\nvt. 将...分段, 分段落\nvi. 写短讯\n[计] 段落",,gk cet4 cet6 ky,2495,5897
parallel,'pærәlel,"n. 平行, 对比, 相匹敌之物\na. 平行的, 相似的\nvt. 与...平行, 与...相似, 相比, 使平行\n[计] 并联; 并行",,gk cet4 cet6 ky toefl ielts gre,3869,5840
parcel,'pɑ:sl,"n. 包裹, 部分, 片\nvt. 分配, 打包\na. 部分的\nadv. 局部地",,gk cet4 cet6 ky ielts,4933,7729
parliament,'pɑ:lәmәnt,"n. 国会, 议会\n[法] 会议, 国会, 议院",,cet4 cet6 ky ielts,994,5169
parlor,'pɑ:lә,"n. 客厅, 会客室, 小店\na. 客厅的",,cet4,0,6423
part,pɑ:t,"n. 部分, 局部, 零件, 要素, 等分, 职责, 角色, 部位\nvt. 分开, 分离, 断绝, 区别, 分配\nvi. 分开, 断裂, 分手\na. 部分的, 局部的\nadv. 部分地, 有些",,zk gk cet4 ky ielts,140,178
partial,'pɑ:ʃәl,"a. 部分的, 偏袒的, 偏爱的\nn. 分音",,cet4 cet6 ky toefl ielts gre,3804,4546
partially,'pɑ:ʃәli,"adv. 部分地, 一部分地, 不公平地",,cet4 cet6 toefl,4723,4379
participate,pɑ:'tisipeit,"vi. 参加, 分享, 参与, 带有\nvt. 分享, 分担",,gk cet4 cet6 ky toefl ielts,2783,1482
particle,'pɑ:tikl,"n. 颗粒, 粒子, 质点, 极小量\n[化] 粒子; 质点",,cet4 cet6 ky toefl ielts,3155,3683
particular,pә'tikjulә,"n. 一项(或条、点), 个别项目, 详细说明\na. 特别的, 独有的, 挑剔的, 详尽的",,gk cet4 cet6 ky gre,431,948
particularly,pә'tikjjlәli,"adv. 特别, 格外, 尤其, 详细地, 细致地",,cet4 cet6,441,781
partly,'pɑ:tli,"adv. 部分地, 在一定程度上",,gk cet4 cet6 ky,1638,2824
partner,'pɑ:tnә,"n. 合伙人, 股东, 伙伴, 伴侣\nvt. 与...合伙, 组成一对\nvi. 做伙伴, 当助手",,gk cet4 cet6 ky,1144,1048
passenger,'pæsindʒә,"n. 乘客, 旅客\n[经] 乘客, 旅客",,zk gk cet4 cet6 ky,2001,2080
passion,'pæʃәn,"n. 激情, 酷爱, 热爱, 强烈感情, 耶稣受难(故事)",,cet4 cet6 ky toefl ielts,2957,2283
passive,'pæsiv,"a. 消极的, 被动的, 冷漠的, 顺从的, 无源的\n[医] 被动的",,gk cet4 cet6 ky toefl ielts gre,4512,5680
paste,peist,"n. 面团, 面食, 浆糊, 糊状物, 粘贴, 用拳重击\nvt. 用浆糊粘, 张贴, 狠狠地打\n[计] 粘贴",,cet4 cet6 ky,8942,7619
pastime,'pæstaim,"n. 消遣, 娱乐, 游戏",,cet4 cet6 ky ielts,11164,11138
pat,pæt,"n. 轻拍\nv. 轻拍\nadv. 适时, 正好, 恰好, 毫不迟疑, 熟记地\na. 恰好的, 合适的, 熟练的, 坚定的, 人为的",,cet4 cet6 ky,3881,4539
patch,pætʃ,"n. 片, 补缀, 碎片, 斑, 傻瓜\nvt. 补缀, 掩饰, 拼凑, 平息\n[计] 修补; 拼凑",,cet4 cet6 ky toefl ielts gre,3039,3316
path,pɑ:θ,"n. 路径, 小路, 道路, 途径, 路线, 轨道\n[计] 路径; DOS内部命令:设定DOS读取程序的路径",,zk gk cet4 cet6 ky toefl,1266,1336
patience,'peiʃәns,"n. 耐性, 忍耐",,gk cet4 cet6 ky toefl,4928,4177
patient,'peiʃәnt,"n. 病人, 承受者\na. 忍耐的, 容忍的, 有耐性的, 坚忍的",,zk gk cet4 cet6 ky,384,572
pattern,'pætәn,"n. 模范, 典型, 式样, 样品, 图案, 格调, 模式\nvt. 模仿, 仿造, 以图案装饰\nvi. 形成图案\n[计] 模式, 图案",,gk cet4 cet6 ky ielts,676,1017
pause,pɒ:z,"n. 暂停, 中止, 停顿, 间歇, 踌躇, 休止符\nvi. 暂停, 中止, 停顿, 踌躇\n[计] DOS内部命令:暂时停止批处理文件的执行",,gk cet4 cet6 ky,2566,2777
pave,peiv,"vt. 铺设, 安排, 铺满, 为...铺路\n[化] 铺设",,cet4 cet6 ky toefl ielts,8451,7086
pavement,'peivmәnt,"n. 路面, 人行道, 铺面路, 铺路材料",,cet4 cet6 ky ielts,3861,6540
paw,pɒ:,"n. 爪\nv. 以蹄扒地, 用爪子抓, 拼命抓, 向...乱抓, 笨拙地使用, 费力地前进",,cet4 cet6 ky,10382,8033
payment,'peimәnt,"n. 付款, 支付的款项(或实物), 偿还, 报应, 惩罚\n[经] 支付, 缴纳, 支付款额",,cet4 cet6 ky toefl ielts,1009,2106
pea,pi:,"n. 豌豆, 似豌豆的东西",,gk cet4 cet6 ky,6504,5226
peace,pi:s,"n. 和平, 和约, 治安, 和睦, 安宁, 静寂\nvi. 安静下来, 不作声",,zk gk cet4 ky,1123,933
peaceful,'pi:sful,"a. 平静的, 和平的, 和平时期的, 爱好和平的, 喜爱安静的\n[法] 和平的, 爱好和平的, 和平时期的",,gk cet4 cet6 ky,3937,3655
peach,pi:tʃ,"n. 桃子, 桃树, 桃色, 美人儿, 极好的事物\nvt. 告发\nvi. 告密, 检举",,gk cet4 cet6 ky,6592,5531
peak,pi:k,"n. 山峰, 巅, 山顶, 顶点, 尖峰, 帽舌\na. 最高的, 最大值的\nvi. 到达最高点, 消瘦, 变憔悴, 逐渐缩小\nvt. 使竖起, 使达到最高点",,cet4 cet6 ky toefl gre,2312,2364
pear,pєә,"n. 梨子, 梨树, 梨木\n[机] 梨木",,zk gk cet4 cet6 ky,8976,6857
pearl,pә:l,"n. 珍珠, 珠灰色, 杰出者, 珍贵之物\nvt. 用珍珠镶, 使成珠状\nvi. 成珠子状, 采珍珠, 用珍珠做",,cet4 cet6 ky toefl,6574,45772
peasant,'peznt,"n. 农夫, 乡下人",,gk cet4 cet6 ky,2564,4680
pebble,'pebl,"n. 小圆石, 小鹅卵石, 水晶透镜, 碎石花纹\n[医] 小石",,cet4 cet6 ky toefl,7993,11162
peculiar,pi'kju:ljә,"a. 奇特的, 罕见的, 特殊的, 特别的\nn. 特有财产, 特权",,cet4 cet6 ky toefl ielts,4476,5505
peel,pi:l,"n. 皮, 外壳\nvt. 削...皮, 剥去...的壳\nvi. 蜕皮, 剥落, 脱皮, 脱去衣服",,cet4 cet6 ky ielts gre,6496,3920
peep,pi:p,"n. 一瞥, 偷看, 不完全的景象, 初现, 吱吱声, 嘀咕抱怨声, 汽车喇叭声\nvi. 窥视, 出现, 吱吱叫\nvt. 使隐约显现",,cet4 cet6 ky gre,12052,16608
penetrate,'penitreit,"vt. 穿透, 刺穿, 渗透, 看穿, 洞察, 了解, 使充溢\nvi. 刺入, 看穿, 渗透, 打进",,cet4 cet6 ky toefl ielts gre,5036,5392
peninsula,pi'ninsjulә,"n. 半岛, 突出的地方, 伊比利亚半岛",,cet4 cet6 ky toefl gre,7750,9009
penny,'peni,"n. 便士, 一分, 小钱, 点滴\n[经] 便士",,zk gk cet4 cet6 ky ielts,4306,0
pension,'penʃәn,"n. 养老金, 退休金, 津贴, 年金, 抚恤金, 膳宿学校, 膳宿费\nvt. 发给退休金, 用津贴拉拢",,gk cet4 cet6 ky ielts gre,1490,3785
pepper,'pepә,"n. 胡椒粉, 胡椒, 辣椒\n[化] 胡椒; 辣椒; 花椒",,gk cet4 cet6 ky,5443,1923
perceive,pә'si:v,"vt. 感觉, 认知, 理解, 意识到",,cet4 cet6 ky toefl ielts,2776,2165
percent,pә'sent,"n. 百分比, 百分数, 部分\n[机] 百分率",,zk gk cet4 cet6 ky ielts,2802,0
percentage,pә'sentidʒ,"n. 百分比, 比率, 部分, 可能性\n[计] 百分比",,gk cet4 cet6 ky toefl ielts,2610,1787
perfectly,'pә:fiktli,"adv. 完全地, 无瑕疵地, 完整地",,cet4 cet6,2036,2435
perform,pә'fɒ:m,"vt. 进行, 履行, 完成, 执行, 表演\nvi. 行动, 工作, 执行, 演出",,gk cet4 cet6 ky toefl,1138,953
performance,pә'fɒ:mәns,"n. 施行, 工作情况, 成绩, 行为, 表现, 演出\n[电] 绩效, 性能",,gk cet4 cet6 ky toefl ielts,688,675
perfume,'pә:fju:m,"n. 香水, 香气, (悦人的)气氛, 美名\nvt. 洒香水于, 薰香, 使充满香气",,gk cet4 cet6 ky toefl ielts,7033,6592
perhaps,pә'hæps,"adv. 也许, 大概",,zk gk cet4 cet6 ky,249,435
period,'piәriәd,"n. 时期, 节段, 节, 句点, 学时, 周期\na. 当时特有的, 过去某段时期的\ninterj. 就是这话, 就是这么回事",,zk gk cet4 cet6 ky toefl ielts,324,617
permanent,'pә:mәnәnt,"a. 永久的, 不变的, 固定的, 持久的\nn. 烫发\n[计] 永久的",,gk cet4 cet6 ky toefl ielts gre,1993,2464
permanently,'p\\\\:mәntli,"adv. 永久, 不变, 持久\n[计] 永久性的",,cet4 cet6,4922,5676
permission,pә'miʃәn,"n. 许可, 允许\n[计] 许可, 认可",,gk cet4 cet6 ky toefl,2468,3233
permit,pә'mit,"n. 许可证, 许可, 执照, 通行证\nvt. 允许, 容许, 可能, 使放手做\nvi. 容许, 给以机会, 提供可能",,gk cet4 cet6 ky toefl ielts,2022,2109
persist,pә'sist,"vi. 坚持, 固执, 持续, 坚称\n[经] 持续",,cet4 cet6 ky toefl ielts,3785,4351
personal,'pә:snl,"a. 私人的, 涉及隐私的, 有人性的, 人称的, 亲自的, 身体的\n[医] 人的; 个人的, 自身的",,zk gk cet4 cet6 ky ielts,574,580
personality,.pә:sә'næliti,"n. 个性, 人格, (团体、地方、国家)特有特性, 名人\n[医] 人格; 个性",,cet4 cet6 ky toefl ielts,2326,2076
personnel,.pә:sә'nel,"n. 人员, 人事部门, 人事科(处)\n[经] 人事, 全体人员, 职工",,gk cet4 cet6 ky toefl ielts gre,2556,2425
perspective,pә'spektiv,"n. 远景, 透视感, (观察问题的)视角, 透视法, 看法, 透视图\na. 透视的, 透视法的\n[计] 透视",,cet4 cet6 ky toefl ielts gre,2305,1412
persuade,pә'sweid,"vt. 劝, 使相信, 恳求, 敦促, 说服\nvi. 劝服, 被说服",,gk cet4 cet6 ky toefl,1776,3265
pessimistic,.pesi'mistik,"a. 悲观的, 厌世的, 悲观主义的",,cet4 cet6 ky,9581,9792
pet,pet,"n. 宠物, 受宠爱的人, 宠坏的孩子, 不悦, 生气\na. 宠爱的, 表示亲昵的, 养着观赏的, 特别珍爱的, 格外的\nvt. 宠爱, 溺爱, 抚摸\nvi. 拥抱, 爱抚, 生气, 发脾气",,zk gk cet4 cet6 ky toefl ielts,3686,3278
petrol,'petrәl,"n. 汽油\n[经] 汽油, 挥发油, 石油",,gk cet4 cet6 ky ielts,3100,22027
petroleum,pә'trәuliәm,n. 石油\n[化] 石油,,cet4 cet6 ky toefl ielts gre,8161,8098
phase,feiz,"n. 时期, 局面, 方面, 位相, 相, 阶段\nvt. 使调整相位, 使定相, 使一致, 逐步执行, 实行\n[计] 阶段",,cet4 cet6 ky toefl ielts,1682,2244
phenomenon,fi'nɒminәn,"n. 现象, 迹象, 表现, 奇迹, 奇才\n[化] 现象",,gk cet4 cet6 ky toefl ielts,2392,2466
philosopher,fi'lɒsәfә,"n. 哲学家, 哲人, 思想开创人, 达观的人\n[法] 哲学家, 哲学研究者",,cet4 cet6 ky toefl,4797,5141
philosophy,fi'lɒsәfi,"n. 哲学, 人生观, 哲学思想, 哲理, 基本原理, 见解, 达观, 沉着",,cet4 cet6 ky toefl,2351,2252
phone,fәun,"n. 电话, 受话器, 耳机\nvt. 打电话给\nvi. 打电话",,zk cet4 ky ielts,1346,557
photograph,'fәutәgrɑ:f,"n. 相片, 照片, 逼真的描绘\nv. 照相, 摄影",,zk gk cet4 cet6 toefl ielts,1611,1481
photographic,.fәutә'græfik,"a. 照相的, 摄影用的, 详细记录的, 逼真的, 酷似的",,cet4 cet6,6070,6248
phrase,freiz,"n. 惯用语, 词组, 成语, 措词, 乐句\nvt. 用短语表达, 把(乐曲)分成短句\n[计] 短语",,gk cet4 cet6 ky toefl,2081,2589
physical,'fizikl,"a. 身体的, 物质的, 自然的, 物理学的, 好色的\nn. 体格检查",,gk cet4 cet6 ky ielts,1047,802
physician,fi'ziʃәn,"n. 医师, 内科医师, 解除痛苦者\n[医] 主治医师",,gk cet4 cet6 ky toefl ielts,6142,2041
physicist,'fizisist,"n. 物理学家, 机械唯物论者, 自然科学家\n[医] 菲西克氏手术(虹膜圆片切除)",,gk cet4 cet6 ky toefl,8224,5568
physics,'fiziks,"n. 物理学, 物理过程, 物理现象\n[化] 物理; 物理学",,zk gk cet4 cet6 ky,3720,3417
picnic,'piknik,"n. 野餐, 远足, 愉快的经历\nvi. 去野餐, 远足",,zk gk cet4 ky ielts,6512,5619
pie,pai,"n. 馅饼, 财富, 总额, 贪污受贿, 杂乱, 喜鹊\n[计] 饼图",,zk gk cet4 ky ielts,4186,3323
pierce,piәs,"vt. 刺穿, 穿透, 打眼于, 洞悉, (声音)响彻, (亮光)照进, 深深地打动\nvi. 刺入, 穿入, 透入, 进入",,cet4 cet6 ky toefl ielts gre,8742,6839
pig,pig,"n. 猪, 猪肉, 贪婪的人, 猪一样的人\nv. 生小猪, 象猪般地生活",,zk gk cet4 ky,3014,3488
pigeon,'pidʒin,"n. 鸽子, 易上当受骗的人, 年轻女子",,cet4 cet6 ky toefl,6052,7986
pile,pail,"n. 堆, 大堆, 大厦, 建筑群, 电池, 大量, 桥桩, 软毛, 痔疮\nvi. 堆起, 堆积, 积累, 挤, 猛烈攻击\nvt. 堆于, 累积, 堆叠, 打桩于, 用桩支撑",,gk cet4 cet6 ky toefl,3229,3003
pill,pil,"n. 药丸, 弹丸, 屈辱, 胡说\nv. 做成药丸, 形成丸状, 服药丸, 挫败, 抢劫",,gk cet4 cet6 ky toefl,4969,3425
pillar,'pilә,"n. 柱子, 栋梁, 台柱, 重要的支持者\n[医] 柱, 脚",,cet4 cet6 ky toefl ielts gre,5563,6521
pillow,'pilәu,"n. 枕头, 靠垫, 枕状岩\nvt. 作...的枕头, 垫, 枕于\nvi. 靠在枕上",,gk cet4 cet6 ky toefl ielts,5447,4017
pilot,'pailәt,"n. 飞行员, 领航员, 航船者, 导向器, 驾驶仪, 向导, 领导人\nvt. 领航, 驾驶, 引导, 试用\na. 引导的, 控制的, 试点的\n[计] 引导",,zk gk cet4 cet6 ky toefl ielts gre,2085,1772
pin,pin,"n. 大头针, 针, 别针, 栓, 销子, 图钉, 插头, 管脚, 品(液量单位)\nvt. 将...用针别住, 钉住, 压住, 牵制, 使不能动, 归罪于\na. 针的, 销子的, 闩的",,gk cet4 cet6 ky ielts,4542,4347
pinch,pintʃ,"n. 捏, 拧, 撮, 少量, 收缩, 挤压, 夹痛, 苦恼, 逮捕, 指控, 匮乏, 紧急关头\nvt. 捏, 拧, 掐, 挤压, 修剪, 使困苦, 使萎缩, 节制, 少量加入, 逮捕, 勒索\nvi. 收缩, 节省, 挤压, 引起苦恼",,cet4 cet6 ky toefl ielts gre,7728,7741
pine,pain,"n. 松树, 松木\nvi. 消瘦, 憔悴, 痛苦, 怀念, 渴望\n[计] 邮件程序",,gk cet4 cet6 ky toefl ielts gre,5081,3158
pink,piŋk,"n. 粉红色, 石竹花, 化身, 典范, 头面人物, 极度\na. 粉红的, 石竹科的, 比较激进的, 脸色发红的, 精致的, 有点下流的\nvt. 刺, 扎, 刺痛, 射伤, 使面红耳赤, 使变粉红色\nvi. 变粉红色",,zk cet4 cet6 ky ielts,2698,2488
pint,paint,"n. 品脱(干量或液量的单位)\n[医] 量磅, 品脱",,gk cet4 cet6 ky,3977,0
pipe,paip,"n. 管, 导管, 输送管, 管状器官, 声带, 尖细的声音, 烟斗, 笛, 管乐器\nvt. 以管输送, 吹哨子, 吹奏, 尖声唱\nvi. 吹笛, 尖叫, 吹长哨发令\n[计] 管道",,gk cet4 cet6 ky,2438,2980
pipeline,'paiplain,"n. 管道, 传递途径\n[化] 管路; 管线",,cet4 cet6,7236,5181
pistol,'pistl,"n. 手枪, 信号枪\nvt. 以手枪杀死(或伤害)",,cet4 cet6 ky gre,5746,4943
pit,pit,"n. 深坑, 矿井, 果核, 地窖, 深渊, 绝境, 陷阱\nvt. 窖藏, 使凹下, 使有麻点, 去...之核, 使留疤痕, 使相斗, 使竞争\nvi. 起凹点, 凹陷",,cet4 cet6 ky toefl ielts,2882,3857
pitch,pitʃ,"n. 程度, 坡度, 顶点, 前倾, 倾斜, 投掷, 音高, 螺距, 节距, 摊位, 树脂, 沥青\nvt. 投, 掷, 向前倾跌, 扎营, 竭力推销, 为...定调, 定位于, 用沥青涂\nvi. 搭帐篷, 投掷, 向前跌, 猛然摔倒, 坠落, 倾斜\n[计] 孔距",,cet4 cet6 ky toefl ielts gre,2652,3157
plain,plein,"n. 平原, 草原, 朴实无华的东西, 无格式\na. 简单的, 明白的, 平常的, 不好看的, 朴素的, 清晰的, 普通的, 平坦的, 十足的\nadv. 清楚地, 显然地\n[计] 无格式",,zk gk cet4 cet6 ky toefl gre,2762,3549
planet,'plænit,"n. 行星, 命运星辰, 杰出的人, 重大影响的事",,zk gk cet4 cet6 ky toefl gre,3115,1592
plantation,plæn'teiʃәn,"n. 种植园, 大农场, 植树造林, 新开垦地\n[医] 栽植(如牙或其他组织的植入、再植和移植)",,cet4 cet6 ky toefl ielts,7200,5736
plaster,'plæstә,"n. 石膏, 灰泥, 安慰(缓解)用品, 膏药\nvt. 涂以灰泥, 敷以膏药, 掩饰, 使平服, 彻底击败, 减轻, 粘贴",,cet4 cet6 ky toefl ielts gre,6048,8240
plastic,'plæstik,"n. 塑料, 可塑体, 可塑性物质\na. 塑料的, 塑造的, 有可塑性的, 造型的, 易受影响的, 有创造力的",,zk gk cet4 cet6 ky toefl ielts,1999,1523
platform,'plætfɒ:m,"n. 站台, 月台, 讲台, 论坛, 平台\n[计] 平台",,gk cet4 cet6 ky toefl ielts,2491,2806
player,'pleiә,"n. 竞赛者, 上场队员, 游戏者, 演员\n[经] 交易者",,gk cet4 cet6 ielts,732,513
playground,'pleigraund,"n. 运动场, 操场, 度假胜地, 活动场所",,zk gk cet4 cet6 ky ielts,6458,5793
pleasant,'pleznt,"a. 愉快的, 可爱的, 活泼的, 亲切的",,zk gk cet4 cet6 ky ielts,2880,3772
plentiful,'plentiful,"a. 许多的, 丰富的, 丰饶的",,cet4 cet6 ky toefl,9657,9587
plenty,'plenti,"n. 充分, 很多, 丰富\na. 很多的, 足够的, 丰富的",,zk gk cet4 cet6 ky,1977,2044
plot,plɒt,"n. 小块土地, 地区图, 图, 阴谋, 情节\nvt. 划分, 绘图, 密谋\nvi. 密谋, 策划\n[计] 绘制",,gk cet4 cet6 ky toefl ielts gre,3096,2967
plough,plau,"n. 犁, 犁过的地\nvi. 用犁耕田, 开路\nvt. 耕, 犁, 开路",,cet4 cet6 ky ielts gre,6912,28832
pluck,plʌk,"n. 勇气, 猛拉, 动物内脏\nvt. 摘, 猛拉, 拔, 拉, 扯, 采\nvi. 拉, 拽",,cet4 cet6 toefl gre,7624,6870
plug,plʌg,"n. 塞子, 栓, 插头\nvt. 插入, 塞住, 接插头\nvi. 被塞住",,gk cet4 cet6 ky ielts,5970,5586
plunge,plʌndʒ,"n. 钻进, 跳进, 跳水, 跳水池, 猛跌, 落下, 投入, 开始从事, 盲目投资\nvi. 投入, 投身于, 跳进, 陷入, 下降\nvt. 使投入, 使插入, 使陷入, 使遭受",,cet4 cet6 ky toefl ielts gre,4534,4610
plural,'pluәrәl,"n. 复数\na. 复数的, 两个以上的",,cet4 cet6 ky,15661,18732
plus,plʌs,"prep. 加上, 加, 外加\na. 正的, 附加的\nn. 正号, 加号, 附加额, 正数, 增益\n[计] 正差",,gk cet4 ky ielts,1357,2066
pocket,'pɒkit,"n. 口袋, 钱袋, 钱, 容器\nvt. 装...在口袋里, 隐藏, 抑制, 私吞, 搁置, 击...入袋\na. 袖珍的, 小型的, 压缩的, 金钱上的",,zk gk cet4 cet6 ky ielts,1786,1620
poem,'pәuim,"n. 诗, 诗般美的事物",,zk gk cet4 cet6 ky,2181,2494
poet,'pәuit,n. 诗人,,gk cet4 cet6 ky toefl,2613,2923
poetry,'pәuitri,"n. 诗, 韵文, 诗歌艺术",,cet4 cet6 ky,2772,2959
point,pɒint,"n. 点, 小数点, 标点, 地点, 要点, 特点, 尖端, 分数, 得分, 穴位\nvt. 弄尖, 强调, 指出, 加标点于, 瞄准\nvi. 指, 指向, 表明",,zk gk cet4 cet6 ky ielts,176,211
poison,'pɒizn,"n. 毒药, 毒, 毒物, 有毒害的事物\nvt. 毒害, 毒杀, 使中毒\nvi. 放毒, 下毒",,gk cet4 cet6 ky toefl,5601,5542
poisonous,'pɒizәnәs,"a. 有毒的, 恶毒的, 讨厌的\n[医] 有毒的",,gk cet4 cet6 ky gre,9555,10074
poke,pәuk,"n. 刺, 戳, 袋子\nvt. 戳, 捅, 拨弄, 刺\nvi. 戳, 刺, 捅, 搜索, 伸出, 行动散慢\n[计] 存数",,cet4 cet6 ky ielts gre,6486,4702
Pole,pәul,"n. 波兰人, 极点, 磁极, 电极, 杆, 竿, 相反的极端\nvt. 用竿支撑\nvi. 撑篙",,gk cet4 cet6 ky toefl ielts,2946,2789
police,pә'li:s,"n. 警察, 警察当局, 治安\nvt. 维持治安, 管辖",,zk gk cet4 ky ielts,328,468
policy,'pɒlisi,"n. 政策, 方针, 策略, 保险单\n[医] 凭单, 保险单",,zk gk cet4 cet6 ky ielts,250,388
Polish,'pɒliʃ,"a. 波兰的\nn. 波兰人, 上光剂, 光泽, 优雅\nvt. 擦亮, 擦去, 使完美\nvi. 擦亮, 变得光亮",,gk cet4 cet6 ky toefl ielts gre,4344,5749
political,pә'litikl,"a. 政治的, 政治上的, 政党的, 从事政治的\n[法] 政治的, 政治上的, 党派政治的",,gk cet4 cet6 ky ielts,292,277
politician,.pɒli'tiʃәn,"n. 政客, 政治家, 从事党派政治的人\n[法] 政客, 政治家",,gk cet4 cet6 ky,2049,1783
politics,'pɒlitiks,"n. 政治, 政治学, 政见, 政治活动\n[法] 政治, 政治学, 政纲",,gk cet4 cet6 ky toefl,1285,951
poll,pәul,"n. 投票, 民意测验, 选举投票, 投票数, 一组人中的一个, 头颈和后脑部, 鹦鹉\nvt. 对...进行民意测验, 获得...票, 剪树枝, 轮询\nvi. 投票\na. 剪过毛的, 修过枝的\n[计] 轮询",,cet4 cet6 ky toefl gre,2272,1623
pollute,pә'lu:t,"vt. 污染, 弄脏, 玷污\n[化] 污染",,gk cet4 cet6 ky toefl,8769,9208
pollution,pә'lu:ʃәn,"n. 污染, 玷污\n[化] 污染",,gk cet4 cet6 ky toefl ielts,2147,2913
pond,pɒnd,n. 池塘\nv. 筑成池塘,,zk gk cet4 cet6 ky,3344,3626
pool,pu:l,"n. 池, 水塘, 石油层, 联营\nvt. 合伙经营, 共享, 采掘, 汇聚成\nvi. 汇合成塘, 淤积, 联营",,zk gk cet4 cet6 ky,1678,1565
pop,pɒp,"n. 砰然声, 枪击, 含气饮料, 流行音乐, 通俗艺术\na. 流行的, 热门的, 通俗的\nvt. 使发出爆裂声, 开枪打, 突然伸出\nvi. 发出爆裂声, 射击, 突然出现, 瞪大\nadv. 突然, 砰地\n[计] 出现点, 邮局协议",,zk cet4 cet6 ky ielts,3228,2545
popular,'pɒpjulә,"a. 通俗的, 流行的, 受欢迎的, 大众的, 人民的, 普及的\n[经] 大众的, 通俗的, 普及的",,zk gk cet4 cet6 ky toefl ielts,938,924
population,.pɒpju'leiʃәn,"n. 人口, 人口数\n[化] 群体; 总体",,zk gk cet4 cet6 ky ielts,683,642
porch,pɒ:tʃ,"n. 门廊, 走廊",,cet4 cet6 ky ielts,7959,3042
porridge,'pɒ:ridʒ,"n. 粥, 糊",,gk cet4 cet6 gre,11936,18724
port,pɒ:t,"n. 港口, 埠, 舱门, 避风港, 左舷, 炮眼, 姿势, 意义\nvt. 左转舵, 持(枪)\nvi. 左转舵\n[计] 端口, 移植",,gk cet4 cet6 ky ielts,2165,2717
portable,'pɒ:tәbl,"a. 可携带的, 可搬运的, 可移动的\n[计] 可移植的",,gk cet4 cet6 ky toefl ielts gre,6014,5441
porter,'pɒ:tә,"n. 大楼管理员, 门房, 搬运工人, 侍者, 服务员\n[化] 搬运车; 搬运工人",,gk cet4 cet6 ky,6464,11418
portion,'pɒ:ʃәn,"n. 部分, 一份, 命运, 嫁妆\nvt. 分配, 给...嫁妆",,cet4 cet6 ky toefl ielts,4270,2178
portrait,'pɒ:treit,"n. 肖像, 人像, 半身像, 描写, 竖排格式\n[计] 纵向",,cet4 cet6 ky toefl,3054,2655
Portuguese,.pɒ:tju'gi:z,"n. 葡萄牙人, 葡萄牙语\na. 葡萄牙的, 葡萄牙人的, 葡萄牙语的",,cet4 cet6,7757,10285
pose,pәuz,"n. 姿势, 姿态, 装模作样, 伪装\nvi. 摆姿势, 装模作样, 假装\nvt. 使摆好姿势, 提出, 造成",,cet4 cet6 ky toefl ielts gre,2739,2230
position,pә'ziʃәn,"n. 位置, 地位, 身分, 形势, 姿势, 立场, 职位, 状态, 阵地\nvt. 安置, 决定...的位置\n[计] 位置",,zk gk cet4 cet6 ky ielts,345,512
positive,'pɒzitiv,"a. 肯定的, 积极的, 有把握的\n[医] 正的, 阳性的",,cet4 cet6 ky toefl ielts,1198,1049
possess,pә'zes,"vt. 持有, 占有, 拥有, 克制, 支配, 迷住\n[法] 持有, 占有, 具有",,gk cet4 cet6 ky toefl,2129,2842
possession,pә'zeʃәn,"n. 拥有, 占有, 所有, 财产, 领土, 领地, 自制, 着迷\n[经] 占有, 持有",,gk cet4 cet6 ky toefl ielts,2337,3593
possibility,.pɒsә'biliti,"n. 可能性, 可能的事\n[法] 可能性, 可能发生的事, 不确定权",,gk cet4 cet6 ky,1030,1195
possibly,'pɒsәbli,"adv. 可能, 也许",,cet4 cet6 ky,1312,1696
postage,'pәustidʒ,"n. 邮资\n[经] 邮费, 邮资",,gk cet4 cet6 ky toefl ielts,9763,13293
postman,'pәustmәn,"n. 邮递员\n[法] 邮递员, 理财法庭的高级律师",,zk gk cet4 cet6 ky,11573,20141
postpone,pәust'pәun,"vt. 延迟, 使延期, 缓办, 搁延\nvi. 延缓, 延缓发作",,gk cet4 cet6 ky toefl ielts gre,5320,6545
pot,pɒt,"n. 盆, 罐, 壶, 坩埚, 奖杯\nvt. 装入盆中, 在锅中煮, 随手射击\nvi. 随手射击",,gk cet4 cet6 ky toefl,2782,2235
potential,pә'tenʃәl,"n. 潜在性, 可能性, 潜力, 潜能, 势, 位\na. 有潜力的, 可能的, 潜在的",,gk cet4 cet6 ky toefl ielts gre,1438,1260
pound,paund,"n. 磅, 英镑, 重击, 鱼塘, 拘留所, 兽栏\nvt. 强烈打击, 捣烂, 监禁, 关入栏内\nvi. 连续重击, 苦干",,zk gk cet4 cet6 ky toefl,546,1306
pour,pɒ:,"n. 流出, 倾泻, 骤雨\nvt. 倒, 灌, 注, 倾泻, 诉说, 倾吐\nvi. 倾泻, 蜂涌而来, 下大雨",,gk cet4 cet6 ky ielts,2331,1898
poverty,'pɒvәti,"n. 贫穷, 贫困, 缺乏\n[医] 贫乏, 缺乏",,cet4 cet6 ky toefl ielts,2666,2333
powder,'paudә,"n. 粉, 粉末, 火药\nvt. 搽粉于, 搽粉, 撒粉, 使成粉末\nvi. 搽粉, 变成粉末",,gk cet4 cet6 ky toefl,4272,3260
power,'pauә,"n. 力, 体力, 力量, 势力, 动力, 权力, 强国, 乘方, 强度, 幂, 功率\nvt. 使...有力量, 供以动力, 激励\n[计] 乘幂; DOS外部命令:能控制许多电池电源计算机上的电源管理特性",,gk cet4 ky ielts,225,271
powerful,'pauәful,"a. 有力的, 有权力的, 强大的\n[机] 强力的",,gk cet4 cet6 ky,1326,1159
practicable,'præktikәbl,"a. 可实行的, 可做的, 可用的",,cet4 cet6 toefl ielts,8013,23062
practical,'præktikl,"a. 实际的, 现实的, 实用性的\n[法] 事实上的, 实际上的, 接近...的",,gk cet4 cet6 ky toefl ielts,1259,2281
practically,'præktikli,"adv. 几乎, 差不多, 事实上",,cet4 cet6 ky toefl ielts,4456,3901
practise,'præktis,"v. 实践, 实行, 练习, 实习, 从事(职业)",,zk cet4 cet6 ky,2744,23578
praise,preiz,"n. 赞美, 称赞, 崇拜\nvt. 称赞, 赞美\nvi. 赞扬, 表扬",,zk gk cet4 cet6 ky toefl,4285,3719
pray,prei,"v. 祈祷, 恳求, 请",,gk cet4 cet6 ky,3042,2399
prayer,prєә. 'preiә,"n. 祈祷, 恳求, 祷辞, 祈祷者",,gk cet4 cet6 ky,2644,2098
precaution,pri'kɒ:ʃәn,"n. 预防, 留心, 警戒\nvt. 预先警告",,cet4 cet6 ky toefl ielts,5945,7088
preceding,.pri:'si:diŋ,"a. 在前的, 前面的\n[法] 在前的, 在先的, 前面的",,cet4 cet6 ky toefl ielts,6220,7079
precious,'preʃәs,"a. 宝贵的, 珍贵的, 过于精致的, 珍爱的",,gk cet4 cet6 ky toefl ielts,4109,3989
precise,pri'sais,"a. 精确的, 严谨的, 明确的\n[机] 精密的, 正确的",,gk cet4 cet6 ky toefl ielts gre,2761,3826
precision,pri'siʒәn,"n. 精密, 精确, 精确度, 精度\na. 精密的, 精确的\n[计] 精度",,cet4 cet6 ky toefl ielts,5050,5466
predict,pri'dikt,"v. 预知, 预言, 预报",,gk cet4 cet6 ky toefl,2288,1613
preface,'prefis,"n. 序, 绪言, 前言\nvi. 作序, 写前言\nvt. 给...作序, 以...开始",,cet4 cet6 ky ielts gre,9103,13278
prefer,pri'fә:,"vt. 宁可, 较喜欢, 提出\n[法] 给予优先权, 优先偿还, 提出",,gk cet4 cet6 ky,1386,1716
preferable,'prefәrәbl,"a. 更可取的, 更好的, 更合意的",,cet4 cet6 ky toefl,6905,10561
preference,'prefәrәns,"n. 偏爱, 优先, 喜爱物\n[计] 首选项",,gk cet4 cet6 ky toefl ielts,2642,3022
prejudice,'predʒudis,"n. 偏见, 成见, 侵害\nvt. 使存偏见, 使有成见, 侵害",,gk cet4 cet6 ky toefl ielts gre,4112,5235
preliminary,pri'liminәri,"n. 初步做法, 初步措施, 预试, 预选赛\na. 初步的, 开始的, 预备的",,cet4 cet6 ky toefl ielts gre,3851,4404
premier,'pri:mjә,"n. 总理, 首相\na. 首位的, 最初的",,gk cet4 cet6 ky,4066,7616
preparation,.prepә'reiʃәn,"n. 准备, 预备, 预习\n[化] 制剂",,gk cet4 cet6 ky,2091,2513
prepare,pri'pєә,"vt. 准备, 筹备, 使在思想上有准备, 制造, 调制\nvi. 预备",,zk gk cet4 cet6 ky ielts,893,774
preposition,.prepә'ziʃәn,"n. 前置词, 介词",,cet4 cet6 ky ielts gre,26713,27652
prescribe,pris'kraib,"v. 规定, 指定, 嘱咐, 开处方",,cet4 cet6 ky toefl ielts gre,4738,5375
presence,'prezns,"n. 出席, 面前, 存在, 仪态, 风度\n[电] 出现",,cet4 cet6 ky toefl ielts,1219,1264
presently,'prezntli,"adv. 目前, 不久",,cet4 cet6 ky,5610,7442
preserve,pri'zә:v,"vt. 保护, 保持, 保存, 维持, 腌, 禁猎\nvi. 加工食品, 禁猎\nn. 加工成的食品, 禁猎地, 保护区, 防护物",,gk cet4 cet6 ky toefl ielts,2287,2209
president,'prezidәnt,"n. 总统, 总裁, 董事长, (学院)院长, (大学)校长, 主管人, 主持人\n[经] 总经理, 董事长, 总裁",,zk gk cet4 cet6 ky,589,303
press,pres,"n. 压, 揿, 按, 人群, 印刷机, 压力, 出版社, 记者, 报刊, 新闻舆论, 紧迫\nvt. 压, 压榨, 紧抱, 逼迫, 推进, 强迫征募, 催逼\nvi. 压, 重压, 催促, 拥挤, 奋力前进, 受压",,gk cet4 cet6 ky gre,961,1178
pressure,'preʃә,"n. 压, 榨, 按, 强制, 压力, 压迫, 压强\nvt. 迫使, 使增压, 密封",,gk cet4 cet6 ky toefl ielts,687,765
presumably,pri'zu:mәbli,"adv. 推测上, 大概",,cet4 cet6 ky toefl ielts,2522,4288
pretend,pri'tend,"v. 假装, 伪称, 自命, 自称",,gk cet4 cet6 ky toefl gre,2885,2905
pretty,'priti,"a. 漂亮的, 优美的, 机灵的, 狡猾的, 恰当的\nadv. 相当, 颇",,zk gk cet4 cet6 ky,1782,797
prevail,pri'veil,"vi. 获胜, 流行, 盛行\n[医] 流行, 盛行",,cet4 cet6 ky toefl ielts gre,5010,4741
prevent,pri'vent,"v. 预防, 防止, 阻止, 妨碍",,zk gk cet4 cet6 ky toefl,937,1083
previous,'pri:viәs,"a. 早先的, 前面的, 过急的\n[法] 以前的, 生前的, 前述的",,cet4 cet6 ky toefl ielts gre,824,1276
previously,'pri:vju:sli,"adv. 先, 先前, 以前, 前, (非正式)过早, 过急, 在前, 在...以前, 在先\n[计] 先前地",,cet4 cet6,1380,2313
pride,praid,"n. 骄傲, 自尊心, 自豪, 精华, 勇气\nvt. 以...自豪",,zk gk cet4 cet6 ky toefl,2878,2801
priest,pri:st,"n. 祭司, 牧师, 神父, 神质人员, 僧侣, 泰斗",,cet4 cet6 ky,2532,2293
primarily,'praimәrili,"adv. 主要地, 首先地",,cet4 cet6,2673,2134
primary,'praimәri,"n. 最主要者, 原色\na. 主要的, 初期的, 根本的, 原始的, 首要的, 基本的\n[计] 初等量; 主要的; 一次的",,zk gk cet4 cet6 ky toefl ielts,1172,1504
prime,praim,"n. 最佳部分, 初期, 全盛期\na. 主要的, 最初的, 根本的\nv. 加油启动, 灌注, 填装",,cet4 cet6 ky toefl ielts gre,838,1667
primitive,'primitiv,"n. 原始人, 早期艺术家\na. 原始的, 上古的\n[计] 图元; 原语; 基元",,gk cet4 cet6 ky toefl ielts,4019,5798
prince,prins,"n. 王子, 亲王, 国君, 贵族, 诸侯, 有权势的大人物",,cet4 cet6 ky,1466,4782
princess,'prinsis,"n. 公主, 王妃, 女巨头",,cet4 cet6 ky,2691,6039
principal,'prinsipәl,"n. 校长, 首长, 本金, 主犯, 资本, 委托人\na. 主要的, 最重要的, 首要的",,cet4 cet6 ky toefl ielts gre,2225,3124
principle,'prinsipl,"n. 原则, 原理, 主义\n[化] 原理",,gk cet4 cet6 ky gre,722,1341
print,print,"n. 打印, 版, 印刷物, 痕迹, 印刷业, 印刷字体, 图片, 印花布, 印章\nv. 打印, 印刷, 铭记, 留印记于, 用印刷体写\n[计] DOS外部命令:在打印机上打印文件, 可一边打印文件一边执行其他工作",,zk gk cet4 ky,2432,2207
prior,'praiә,"a. 更重要的, 较早的, 在先的\nn. 小隐修院院长, 大隐修院副院长",,cet4 cet6 ky toefl ielts,5045,2856
priority,prai'ɒriti,"n. 优先权, 优先\n[计] 优先级",,cet4 cet6 ky toefl ielts gre,1729,2112
prison,'prizn,"n. 监狱, 监禁, 拘留所\nvt. 监禁",,zk gk cet4 cet6 ky toefl,1307,1282
prisoner,'priznә,"n. 囚犯, 犯人, 战俘\n[法] 犯人, 囚犯, 扣押犯",,zk gk cet4 cet6 ky,1932,2419
private,'praivit,"a. 私人的, 秘密的, 私立的, 隐蔽的\nn. 士兵, 隐士, 阴部\n[计] 私人的",,zk gk cet4 cet6 ky toefl ielts,581,672
privilege,'privilidʒ,"n. 特权, 特别恩典, 基本权利, 特免\nvt. 给与...特权, 特免",,gk cet4 cet6 ky toefl ielts gre,3017,3612
prize,praiz,"n. 奖赏, 奖金, 奖品, 战利品, 捕获\na. 得奖的\nvt. 珍视, 估价, 捕获, 撬, 撬动",,zk gk cet4 cet6 ky,2125,3686
probability,.prɒbә'biliti,"n. 可能性, 或然率, 几率, 概率\n[化] 概率; 几率",,cet4 cet6 ky,3717,5104
probable,'prɒbәbl,"a. 很可能的, 大概的, 可信的\nn. 很有希望的候选人, 很可能的事情",,gk cet4 cet6 ky,5016,6767
probably,'prɒbәbli,"adv. 大概, 或许",,zk gk cet4 cet6,333,398
procedure,prә'si:dʒә,"n. 程序, 过程, 手续\n[计] 规程; 过程",,gk cet4 cet6 ky toefl ielts,897,1369
proceed,prәu'si:d,"vi. 继续进行, 进行, 开始, 发出, 起诉\n[法] 所得, 收入, 收益",,cet4 cet6 ky toefl ielts,2089,2697
process,'prɒses,"n. 程序, 进行, 过程\nvt. 加工, 使...接受处理, 对...处置, 对...起诉\na. 经加工的, 有特殊光效的\n[计] 进程",,gk cet4 cet6 ky toefl ielts,343,391
procession,prә'seʃәn,"n. 队伍, 连续, 列队行进, 涌出",,cet4 cet6 ky gre,6035,7639
proclaim,prә'kleim,"vt. 宣布, 公告, 宣言, 表明, 赞扬\n[法] 宣布, 宣告, 公布",,cet4 cet6 ky toefl ielts gre,4729,4454
produce,prә'dju:s,"n. 生产品, 物产, 后代\nvt. 产生, 生产, 提出, 出示\nvi. 生产, 制造",,zk gk cet4 cet6 ky toefl gre,296,542
product,'prɒdʌkt,"n. 产品, 结果, 乘积\n[化] 生产物",,gk cet4 cet6 ky ielts,451,569
production,prә'dʌkʃәn,"n. 制造, 生产, 产物\n[医] 产生, 生成",,gk cet4 cet6 ky ielts,610,959
productive,prә'dʌktiv,"a. 能生产的, 有生产价值的, 多产的\n[医] 产出性的, 产生性的",,cet4 cet6 ky toefl ielts,4557,3966
profession,prә'feʃәn,"n. 职业, 表白, 声明\n[化] 工种; 职业",,gk cet4 cet6 ky toefl ielts,2211,2886
professional,prә'feʃәnl,"n. 专业人才\na. 专业的, 职业的",,cet4 cet6 ky toefl ielts,947,1094
professor,prә'fesә,n. 教授,,gk cet4 cet6 ky ielts,1711,825
profit,'prɒfit,"n. 利润, 赢利, 利益\nvi. 有益, 获利, 赚钱\nvt. 有益于",,gk cet4 cet6 ky toefl ielts,884,1704
profitable,'prɒfitәbl,"a. 有利润的, 有利益的, 赚钱的\n[经] 有利(可图)的, 合算的",,cet4 cet6 ky,4487,5352
program,'prәugræm,"n. 节目, 节目单, 程序, 纲要, 大纲, 计划\nvt. 规划, 拟...计划\nvi. 安排节目, 编程序\n[计] 程序",,cet4 cet6 ielts,1660,194
progress,'prәugres,"n. 进步, 发展, 前进\nvi. 进步, 进行",,zk gk cet4 cet6 ky toefl,1265,1508
progressive,prә'gresiv,"n. 改革论者, 进步论者\na. 前进的, 累进的, 进步的",,cet4 cet6 ky toefl,4009,4228
prohibit,prә'hibit,"vt. 禁止, 阻止\n[经] 禁止",,gk cet4 cet6 ky toefl ielts,5809,3990
project,'prɒdʒekt,"n. 计划, 设计, 事业\nvt. 计划, 设计, 投掷, 发射, 使凸出, 放映\nvi. 凸出",,gk cet4 cet6 ky toefl ielts,509,534
prominent,'prɒminәnt,"a. 卓越的, 显著的, 突出的, 凸出的",,cet4 cet6 ky toefl ielts gre,3221,2897
promise,'prɒmis,"n. 诺言, 约定的事情, 有指望\nvt. 允诺, 约定, 预示\nvi. 允诺, 有前途, 有指望",,zk gk cet4 cet6 ky toefl ielts,1478,1438
promising,'prɒmisiŋ,"a. 有希望的, 前途有望的\n[经] 有希望的",,cet4 cet6 ky toefl ielts,4669,3844
promote,prәu'mәut,"vt. 促进, 晋升, 创办, 推销\n[经] 促进, 推广, 推销",,gk cet4 cet6 ky toefl ielts gre,1433,1328
prompt,prɒmpt,"n. 激励, 提示, 提醒物, 提词, 付款期限\na. 迅速的, 敏捷的, 立刻的, 提词员的\nvt. 激励, 鼓动, 提示\nadv. 准时地\n[计] 提示符; DOS内部命令:设定DOS命令行的提示符",,cet4 cet6 ky toefl ielts gre,3217,3114
pronoun,'prәunaun,n. 代词,,cet4 cet6 ky,9344,16856
pronounce,prә'nauns,"v. 发音, 宣告, 断言",,zk gk cet4 cet6 ky,4948,5332
pronunciation,prәu.nʌnsi'eiʃәn,"n. 发音, 读法",,zk gk cet4 cet6 ky,8187,15375
proof,pru:f,"n. 证据, 证明, 试验, 检验, 考验\na. 不能透入的, 证明用的, 防...的, 耐...的\nvt. 检验, 试验, 校对, 使不被穿透\n[计] 审稿",,cet4 cet6 ky toefl,2743,2865
proper,'prɒpә,"a. 适当的, 固有的, 高尚的, 专属的\nadv. 完全地, 彻底地",,zk gk cet4 cet6 ky toefl,1458,2058
properly,'prɒpәli,"adv. 适当地, 相当地",,gk cet4 cet6,1634,2880
property,'prɒpәti,"n. 财产, 所有权, 性质, 属性\n[计] 属性",,cet4 cet6 ky toefl ielts,597,993
proportion,prә'pɒ:ʃәn,"n. 比例, 比率, 均衡, 部分, 面积\nvt. 使成比例, 使均衡",,cet4 cet6 ky toefl ielts,1247,3063
proportional,prә'pɒ:ʃәnl,"a. 比例的, 相称的\nn. 比例项",,cet4 cet6,6244,10513
proposal,prә'pәuzl,"n. 提议, 计划, 求婚\n[经] 提案, 申请, 投标",,cet4 cet6 ky toefl gre,899,1625
propose,prә'pәuz,"vt. 计划, 打算, 建议, 提议, 求(婚)\nvi. 打算, 求婚",,cet4 cet6 ky toefl ielts,1309,1694
prospect,'prɒspekt,"n. 景色, 展望\nvt. 勘探, 勘察\nvi. 勘探, 有前途",,cet4 cet6 ky toefl ielts gre,1724,2323
prosperity,prɒs'periti,"n. 繁荣, 茂盛, 成功\n[经] 繁荣",,cet4 cet6 ky toefl gre,5349,5082
prosperous,'prɒspәrәs,"a. 成功的, 繁盛的, 幸运的\n[经] 繁荣的, 昌盛的",,cet4 cet6 ky toefl gre,6904,7343
protect,prә'tekt,"vt. 防卫, 保护, 警戒\n[法] 庇护, 保护, 警戒",,zk gk cet4 cet6 ky,1151,749
protection,prә'tekʃәn,"n. 保护, 防卫, 贸易保护制度\n[计] 保护",,gk cet4 cet6 toefl,1220,1315
protective,prә'tektiv,"a. 给予保护的, 保护的\n[医] 保护的, 防护的, 保护剂, 保护物, 油绸",,cet4 cet6,4668,4114
protein,'prәuti:in,n. 蛋白质\na. 蛋白质的,,cet4 cet6 ky toefl ielts,2193,2523
protest,prә'test,"n. 抗议, 反对, 抗议书, 断言\nv. 反对, 抗议, 断言",,cet4 cet6 ky toefl ielts gre,2229,2835
proud,praud,"a. 骄傲的, 自大的, 自豪的, 辉煌的, 壮丽的",,zk gk cet4 cet6 ky,2579,1983
prove,pru:v,"vt. 证明, 查验, 检验, 勘探, 显示\nvi. 证明是",,zk gk cet4 cet6 ky,671,866
provide,prә'vaid,"vt. 提供, 供应, 规定, 预备\nvi. 作准备, 抚养, 规定",,zk gk cet4 cet6 ky toefl,172,262
provided,prә'vaidid,"conj. 倘若, 以...为条件",,cet4 cet6 ky ielts,2695,3842
province,'prɒvins,"n. 省, 地方, 职权, 领域\n[法] 省, 地方, 领域",,gk cet4 cet6 ky toefl,2565,3228
provision,prә'viʒәn,"n. (政府提供的)钱和设备, 准备, 供应品, 规定, 条款\nvt. 供给...食物及必需品",,cet4 cet6 ky toefl ielts gre,783,2612
psychological,.saikә'lɒdʒikәl,"a. 心理学的, 精神上的, 心灵的\n[法] 心理上的, 心理学的",,cet4 cet6 ielts,2836,2361
public,'pʌblik,"n. 公众, 民众\na. 公众的, 公共的, 公立的, 公用的",,zk gk cet4 cet6 ky ielts,319,333
publication,.pʌbli'keiʃәn,"n. 出版物, 出版, 公布\n[经] 发布",,cet4 cet6 ky toefl ielts,1656,2459
publish,'pʌbliʃ,"vt. 出版, 发行, 公开, 发表, 宣传, 公布\nvi. 出版, 发行",,gk cet4 cet6 ky,828,1116
pudding,'pudiŋ,n. 布丁,,cet4 cet6,5387,8518
puff,pʌf,"n. 一阵喷烟, 肿块, 喘息\nv. 喷出, 张开, 吹捧, (使)充气, 喘气, (使)骄傲, (使)膨胀",,cet4 cet6 ky,9777,8283
pulse,pʌls,"n. 脉冲, 脉搏, 情绪, 意向, 拍子, 豆类\nvi. 跳动, 脉跳\nvt. 使跳动, 用脉冲调制\n[计] 脉冲",,gk cet4 cet6 ky toefl gre,4379,4331
pump,pʌmp,"n. 抽水机, 打气筒, 泵, 抽吸\nvt. 用唧筒抽水, 打气, 盘问, 倾注, 使疲惫\nvi. 抽水, 上下(或往复)运动",,gk cet4 cet6 ky toefl ielts,4317,3444
punch,pʌntʃ,"n. 打洞器, 钻孔机, 冲压机, 冲床, 潘趣酒\nvt. 以拳重击, 开洞, 冲压\nvi. 用拳猛击",,cet4 cet6 ky toefl gre,5322,4348
punctual,'pәŋktʃuәl,"a. 准时的, 守时的, 点状的, 中肯的\n[经] 准时的, 不误期的, 准时",,gk cet4 cet6 ky toefl ielts,20448,25334
punish,'pʌniʃ,"vt. 处罚, 惩罚, 严厉对待\nvi. 惩罚",,zk gk cet4 cet6 ky,4686,3862
punishment,'pʌniʃmәnt,"n. 处罚, 刑罚, 惩罚\n[法] 罚, 处罚, 刑罚",,gk cet4 cet6,3031,3110
puppet,'pʌpit,"n. 傀儡, 木偶\n[法] 木偶, 傀儡, 受他人操纵的人",,cet4 cet6 ky,7795,7250
purchase,'pә:tʃәs,"n. 购买, 购买品, 紧握, 绞辘\nvt. 购买, 赢得, 努力取得, 用滑轮起(锚等)",,gk cet4 cet6 ky toefl gre,2257,2149
pure,pjuә,"a. 纯的, 纯净的, 纯洁的, 清白的, 完美的, 无瑕的, 抽象的\n[医] 的, 纯净的",,gk cet4 cet6 ky toefl ielts,2387,2416
purely,'pjuәli,"adv. 纯粹地, 清白地, 贞洁地",,cet4 cet6,2929,5120
purify,'pjuәrifai,"vi. 变纯净\nvt. 使纯净, 净化, 提纯, 精炼",,cet4 cet6 ky toefl gre,11900,13440
purity,'pjuәrәti,"n. 纯净, 纯正, 纯粹\n[化] 纯度",,cet4 cet6 ielts gre,7137,8748
purple,'pә:pl,"n. 紫色, 帝位\na. 紫色的, 帝王的, 华而不实的\nv. (使)成紫色",,zk gk cet4 cet6 ky toefl,5326,3894
purpose,'pә:pәs,"n. 目的, 意向, 决心, 用途, 效果, 论题\nvt. 意欲, 企图, 计划",,zk gk cet4 cet6 ky ielts,655,1014
purse,pә:s,"n. 钱包, 小钱袋, 金钱, 募捐款, 囊状物\nv. 缩拢, 皱起",,zk gk cet4 cet6 ky ielts gre,6387,4358
pursue,pә'sju:,"vt. 追赶, 追踪, 追随, 追求, 实行, 继续, 从事\nvi. 追赶, 继续",,cet4 cet6 ky toefl gre,1976,1785
pursuit,pә'sju:t,"n. 追踪, 追求, 追赶, 娱乐, 职业\n[法] 追捕, 追求",,cet4 cet6 ky ielts,4084,3873
puzzle,'pʌzl,"n. 难题, 迷惑\nvt. 使困惑, 使为难\nvi. 迷惑, 苦思",,gk cet4 cet6 ky toefl ielts,6964,4255
qualify,'kwɒlifai,"vi. 取得资格, 有资格\nvt. 使有资格, 使合格, 限定, 限制, 准予",,cet4 cet6 ky toefl ielts,2685,3049
quality,'kwɒlәti,"n. 品质, 特性, 才能, 质量\na. 优质的\n[计] 品质",,gk cet4 cet6 ky toefl ielts,536,764
quantity,'kwɒntәti,"n. 量, 数量, 总量\n[计] 数量; 量",,gk cet4 cet6 ky toefl,2082,4057
quarrel,'kwɒrәl,"n. 吵架, 反目, 怨言, 方头凿\nvi. 吵架, 争论, 挑剔",,gk cet4 cet6 ky,7746,11177
quart,kwɒ:t,n. 夸脱\n[医] 夸脱(四分之一加仑),,cet4 cet6 ky,23170,0
quarterly,'kwɔ:tәli,"a. 季度的, 按季度的, 每季的\nadv. 按季, 每三个月, 每季一次\nn. 季刊",,cet4 cet6 ky toefl ielts,9787,11417
queen,'kwi:n,"n. 王后, 女王\nvt. 立为女王\nvi. 做女王",,zk gk cet4 cet6 ky,1223,43081
queer,kwiә,"n. 怪人, 同性恋者\na. 奇怪的, 不舒服的, 可疑的\nvt. 搞糟",,cet4 cet6 ky toefl ielts gre,12553,11708
queue,kju:,"n. 辫子, 一队人, 队列\nvt. 使排队, 将...梳成辫子\nvi. 排队\n[计] 队列",,gk cet4 cet6 ky gre,4960,15489
quicken,'kwikәn,"vt. 加快, 激发, 使有生气, 鼓舞, 使复活\nvi. 加快, 变活跃, 进入胎动期",,cet4 cet6,11390,11424
quilt,kwilt,"n. 棉被\nvt. 加软衬料后缝制, 东拼西凑地编\nvi. 缝被子",,gk cet4 cet6 ky toefl,12326,6124
quit,kwit,"vi. 离开, 辞职, 停止\nvt. 离开, 放弃, 使解除, 停止\nn. 离开\n[计] 结束, 退出",,gk cet4 cet6 ky ielts,5298,2522
quiz,kwiz,"n. 考查, 课堂测验, 恶作剧, 智力测验\nvt. 戏弄, 考查, 恶作剧",,gk cet4 cet6 ky,9113,8784
quotation,kwәu'teiʃәn,"n. 引用语, 语录, 牌价, 报价\n[化] 报价",,cet4 cet6 toefl,5331,8858
quote,kwәut,"n. 引用\nvt. 引述, 举证, 报(价)\nvi. 引用",,cet4 cet6 ky gre,2039,2255
rabbit,'ræbit,n. 兔子\nvi. 猎兔\nvt. 让...见鬼去,,zk gk cet4 cet6 ky,3037,4373
race,reis,"n. 种族, 人种, 赛跑, 比赛, 急流, 人类, 同道, 姜根\nvi. 赛跑, 竞赛, 疾走\nvt. 与...赛跑, 使疾走, 使猛转\n[计] 竞争; 追赶; 欧州高级通信研究开发计划",,zk gk cet4 cet6 ky toefl,1107,716
racial,'reiʃәl,"a. 人种的, 种族的\n[医] 种族的",,gk cet4 cet6 ky,4592,2243
rack,ræk,"n. 架, 行李架, 饲草架, 搁物架, 痛苦, 折磨, 齿条, 行云团\nvt. 把...放在架上, 在架上制作, 折磨, 使痛苦, 压榨, 榨取, 猛烈撕拉, 拷问\nvi. 变形, 倾斜, (云)随风飘, (马)小步跑\n[计] 机架",,cet4 cet6 ky toefl ielts,6006,4151
racket,'rækit,"n. 球拍, 喧闹, 杂乱无章\nvi. 喧闹\nvt. 用球拍打",,cet4 cet6 ky ielts,8857,9912
radar,'reidә,"n. 雷达, 无线电探测器\n[计] 雷达图",,cet4 cet6 ky toefl ielts,7112,4780
radiate,'reidieit,"vt. 放射, 散发, 辐射, 传播, 广播\nvi. 发光, 辐射, 流露\na. 有射线的, 辐射状的",,cet4 cet6 ky toefl ielts,10092,8496
radiation,.reidi'eiʃәn,n. 辐射\n[化] 放射,,gk cet4 cet6 ky toefl,3892,3652
radical,'rædikl,"n. 激进分子, 词根, 基础, 根式, 根\na. 激进的, 根本的, 基本的, 根的",,cet4 cet6 ky toefl ielts,2361,2929
radioactive,.reidiәu'æktiv,"a. 放射性的, 有放射能的\n[医] 放射性的, 放射的",,gk cet4 cet6 ky,6732,7890
radioactivity,.reidiәuæk'tiviti,n. 放射性\n[化] 放射性,,cet4 cet6,16448,20084
radish,'rædiʃ,n. 小萝卜,,cet4 cet6,17452,14920
radium,'reidiәm,n. 镭\n[化] 镭Ra,,gk cet4 cet6,45531,30174
radius,'reidiәs,"n. 半径, 范围, 辐射光线\n[电] 半径",,cet4 cet6 ky toefl ielts gre,7090,9413
rag,ræg,"n. 碎布, 抹布, 碎片, 碎屑, 少量, 破旧衣服\nvt. 责骂, 揶揄, 戏弄\nvi. 喧闹",,gk cet4 cet6 ky gre,5984,6662
rage,reidʒ,"n. 愤怒, 情绪激动, 狂暴\nvi. 大怒, 狂吹, 流行",,cet4 cet6 ky toefl ielts gre,4836,3984
raid,reid,"n. 袭击, 突袭, 搜捕\nv. 奇袭, 搜捕\n[计] 廉价磁盘冗余阵列",,cet4 cet6 ky toefl ielts gre,3428,5096
rail,reil,"n. 横杆, 围栏, 栏杆, 铁轨, 扶手, 秧鸡\nvt. 以横木围栏, 给...铺铁轨\nvi. 责骂, 抱怨",,gk cet4 cet6 ky toefl ielts gre,1961,3373
railroad,'reilrәud,"n. 铁路, 铁路公司\nvt. 铺设铁路, 用铁路运输\nvi. 在铁路工作",,cet4 cet6 ky,20425,3649
rainbow,'reinbәu,n. 彩虹\na. 五彩缤纷的,,gk cet4 cet6 ky toefl,5699,7427
rainy,'reini,"a. 下雨的, 多雨的",,zk gk cet4 cet6,13732,7477
rake,reik,"n. 耙子, 钱耙, 斜度, 浪子\nv. 搜索, 掠过, (用耙子)耙, (使)倾斜",,cet4 cet6 ky,10098,8861
range,'reindʒ,"n. 排, 行, 山脉, 范围, 行列, 射程\nvt. 排列, 归类于, 使并列, 放牧\nvi. 平行, 延伸, 漫游\n[计] 量程; 范围; 域; 距离",,gk cet4 cet6 ky toefl ielts,484,972
rank,ræŋk,"n. 等级, 排, 横列, 队伍, 阶级\na. 茂密丛生的, 恶臭的, 十足的, 粗俗的\nvt. 排列, 归类于, 把...分等\nvi. 列为, 列队\nn. 秩\n[计] 秩",,gk cet4 cet6 ky toefl ielts,2464,2647
rapid,'ræpid,"a. 迅速的, 飞快的, 急促的, 陡的\nn. 急流",,zk gk cet4 cet6 ky ielts,2402,3029
rapidly,'ræpidli,"adv. 飞快地, 迅速地, 赶紧地",,cet4 cet6,1967,2527
rare,rєә,"a. 稀罕的, 罕有的, 珍奇的, 稀薄的, 半熟的, 非常好的\nadv. 非常",,gk cet4 cet6 ky toefl ielts,1831,1872
rarely,'rєәli,"adv. 很少地, 罕有地",,cet4 cet6 ky toefl ielts,2122,2271
rat,ræt,"n. 鼠, 卑鄙的人, 破坏者, 变节者\nvi. 捕鼠, 变节\nvt. 弄蓬松",,zk gk cet4 cet6 ky toefl ielts,3139,3558
rate,reit,"n. 比率, 率, 速度, 价格, 费用, 等级\nvt. 估价, 认为, 鉴定等级, 责骂\nvi. 被评价, 责骂",,gk cet4 cet6 ky ielts,297,457
rather,'ræðә,"adv. 宁可, 稍微, 相当",,zk gk cet4 cet6 ky,460,860
ratio,'reiʃәu,"n. 比, 比率\n[医] 比, 比率, 比例",,cet4 cet6 ky toefl ielts,2365,3088
rational,'ræʃәnl,"a. 理性的, 合理的\nn. 有理数",,cet4 cet6 ky toefl ielts gre,3243,4481
raw,rɒ:,"n. 擦伤处, 半成品\na. 生的, 未加工的, 生疏的, 不成熟的, 阴冷的, 刺痛的, 擦掉皮的\nvt. 擦伤\n[计] 写后读",,gk cet4 cet6 ky toefl ielts,2999,2783
ray,rei,"n. 光线, 射线, 闪烁, 光辉\nvi. 射出光线, 浮现, 放射光线\nvt. 放射, 显出",,gk cet4 cet6 ky toefl,3865,4432
razor,'reizә,n. 剃刀\nvt. 剃,,gk cet4 cet6 ky gre,8610,7444
reach,ri:tʃ,"n. 伸出, 延伸, 区域, 范围, 流域, 岬\nvt. 到达, 达到, 伸出, 延伸, 影响\nvi. 达到, 延伸, 伸出手, 传到",,zk gk cet4 cet6 ky,404,422
react,ri'ækt,"vi. 起反应, 起作用, 反攻\n[医] 应答, 发生反应",,gk cet4 cet6 ky toefl,2923,2666
reaction,ri'ækʃәn,"n. 反应, 反作用, 反动\n[医] 反应",,cet4 cet6,1269,1409
reader,'ri:dә,"n. 读者, 读物, 文选, 校对人, 讲师\n[计] 阅读程序; 阅读器",,cet4 cet6 ky,1148,1268
readily,'redili,"adv. 迅速地, 轻易地, 乐意地",,cet4 cet6 ky toefl ielts gre,2847,4013
reading,'ri:diŋ,"n. 阅读, 知识, 读物\na. 阅读的",,gk cet4 cet6 ky ielts,1701,1581
real,'riәl,"a. 真的, 真实的, 实际的, 实在的, 不动(产)的, 实数的\nn. 实数, 现实\nadv. 真正地",,zk gk cet4 cet6 ky,425,305
reality,ri'æliti,"n. 实在, 事实, 实体, 逼真\n[法] 现实, 实在存在的事物, 实在性",,gk cet4 cet6 ky,1299,1032
realize,'riәlaiz,"vt. 了解, 实现, 使显得逼真, 变卖\nvi. 变卖",,cet4 cet6 toefl,1603,616
realm,relm,"n. 王国, 领土, 领域\n[计] 领域",,cet4 cet6 ky toefl ielts gre,4782,3911
reap,ri:p,"vt. 收割, 收获, 获得\nvi. 收割, 得到报应",,cet4 cet6 ky toefl ielts gre,8430,7589
rear,riә,"n. 后面, 背后, 后方\na. 后面的, 背面的, 后方的\nvt. 养育, 培养, 饲养, 举起, 树立, 栽种\nvi. 高耸, 暴跳",,cet4 cet6 ky toefl ielts,4511,4033
reasonable,'ri:znәbl,"a. 合理的, 明理的, 适当的\n[法] 合理的, 公道的, 正当的",,gk cet4 cet6 ky ielts,1549,2510
rebel,'rebl,"n. 叛徒, 反叛者\nvi. 造反, 反抗, 抵抗, 反感\na. 造反的, 反抗的",,cet4 cet6 ky toefl,3456,3776
rebellion,ri'beljәn,"n. 谋反, 叛乱, 反抗\n[法] 造反, 反叛, 叛乱",,cet4 cet6 ky toefl,5367,6331
recall,ri'kɒ:l,"n. 回忆, 召回, 撤消\nvt. 回想, 回忆, 召回, 撤消, 使恢复\n[计] 检索",,cet4 cet6 ky toefl ielts gre,1637,1129
receiver,ri'si:vә,"n. 接收器；接受者；收信机；收款员, 接待者",,gk cet4 cet6 toefl,3543,3401
recent,'ri:snt,"a. 最近的, 近代的, 最新的\n[经] 最近的, 新进的",,zk gk cet4 cet6 ky toefl,630,567
recently,'ri:sntli,adv. 最近,,cet4 cet6 toefl,822,699
reception,ri'sepʃәn,"n. 接待, 接受, 招待会\n[医] 接受, 感受",,gk cet4 cet6 ky toefl ielts,2928,3944
recite,ri'sait,"v. 背诵, 朗读, 叙述",,zk gk cet4 cet6 ky ielts,8563,6397
recognition,.rekәg'niʃәn,"n. 赞誉, 认得, 识别, 承认, 认可, 认识\n[电] 认识",,cet4 cet6 ky toefl,1628,2441
recognize,'rekәgnaiz,"vt. 认出, 认可, 承认, 公认, 识别, 赏识\nvi. 承认, 具结",,cet4 cet6 ky toefl,1571,779
recollect,.rekә'lekt,"vt. 回忆, 回想, 忆起\nvi. 回忆",,cet4 cet6 ky,14189,17984
recommend,.rekә'mend,"vt. 推荐, 介绍, 劝告, 使受欢迎, 托付\n[经] 建议, 推荐",,gk cet4 cet6 ky toefl,1578,1688
recommendation,.rekәmen'deiʃәn,"n. 推荐, 介绍, 推荐信, 劝告\n[经] 建议书",,cet4 cet6 toefl ielts,2208,2765
record,ri'kɒ:d,"n. 记录, 履历, 档案, 审判记录, 最高纪录, 唱片\nvt. 记录, 记载, 标明, 将...录音\nvi. 记录, 录音, 可被录音\na. 创纪录的\n[计] 录制, 记录",,zk gk cet4 cet6 ky ielts,507,516
recorder,ri'kɒ:dә,"n. 记录员, 录音机\nn. 记录器\n[计] 宏录制器, 记录器",,zk gk cet4 cet6 ky ielts,4975,6015
recover,ri'kʌvә,"vt. 重新获得, 恢复, 复原, 拯救\nvi. 痊愈, 复原, 胜诉\n[计] 恢复",,gk cet4 cet6 ky toefl ielts,1804,2131
recovery,ri'kʌvәri,"n. 恢复, 复原, 痊愈, 重获\n[计] 恢复",,cet4 cet6 ky,2256,2443
recreation,.rekri'eiʃәn,"n. 娱乐, 消遣, 休息, 再创造\n[医] 娱乐, 休养",,gk cet4 cet6 ky toefl ielts,5707,5867
recruit,ri'kru:t,"n. 新兵, 新手, 新会员, 补给品\nvt. 恢复, 补充, 充实, 征募\nvi. 征募新兵, 复原, 得到补充",,cet4 cet6 ky toefl ielts gre,3496,3314
reduce,ri'dju:s,"vt. 减少, 分解, 降低, 使衰退, 把...分解, 把...归纳\nvi. 减少, 减肥, 缩小\n[计] 缩小",,gk cet4 cet6 ky toefl,567,701
reduction,ri'dʌkʃәn,"n. 减少, 缩影, 变化\n[化] 还原",,cet4 cet6 ky toefl,1554,2270
reed,ri:d,"n. 芦苇, 芦笛, 簧舌, 纤弱的人\nvt. 用芦苇盖, 用小凸嵌线装饰",,cet4 cet6 ky toefl gre,7220,8359
reel,ri:l,"n. 卷轴, 一卷, 纺车, 旋转, 蹒跚\nvt. 卷...于轴上, 绕, 使旋转\nvi. 蹒跚地走, 旋转, 眩晕, 摇晃, 退缩\n[计] 卷; 盘",,cet4 cet6 ky toefl ielts gre,9829,7527
refer,ri'fә:,"vt. 提交, 归诸于, 把...提交, 使求助于\nvi. 提到, 涉及, 查阅, 查询, 咨询",,gk cet4 cet6 ky toefl,728,1156
reference,'refәrәns,"n. 参考, 索引, 参照\nvt. 给...加上参考资料\nvt. 引用\nvi. 引用\n[计] 引用",,gk cet4 cet6 ky ielts,1016,1904
refine,ri'fain,"vt. 精炼, 净化, 使优雅, 使精炼\nvi. 被精炼, 被净化",,cet4 cet6 ky toefl ielts,7830,6600
reflect,ri'flekt,"vt. 反射, 反映, 招致, 深思\nvi. 被反射, 映出, 深思, 考虑, 指责",,gk cet4 cet6 ky gre,885,1004
reflection,ri'flekʃәn,"n. 反映, 沉思, 映像, 想法, 责难\n[计] 反射",,cet4 cet6 ky toefl,3018,2757
reflexion,ri'flekʃәn,"[医] 反射[作用], 反折",,cet4 cet6,0,0
reform,ri'fɒ:m,"n. 改革, 改正, 改造\nvt. 改革, 改过, 革新, 重整\nvi. 革新, 改过",,gk cet4 cet6 ky toefl ielts,1211,1112
refresh,ri'freʃ,"vt. 使清新, 使恢复, 使生气蓬勃\nvi. 提起精神, 恢复精神, 吃点心, 喝饮料\nvt. 刷新, 重新整理\nvi. 刷新, 重新整理\n[计] 刷新, 重新整理",,gk cet4 cet6 ky toefl gre,11300,12356
refreshment,ri'freʃmәnt,"n. 点心, 起提神作用的事物, 精神爽快",,cet4 cet6 ky toefl ielts,7812,14418
refrigerator,ri'fridʒәreitә,"n. 电冰箱, 冷藏库\n[计] 冷冻机; 致冷器",,gk cet4 cet6 toefl,9857,4133
refuge,'refju:dʒ,"n. 避难所, 安全地带, 避难, 庇护\nvi. 躲避\nvt. 给予...庇护",,cet4 cet6 ky toefl,5308,4616
refusal,ri'fju:zl,"n. 拒绝, 推却, 优先决定权\n[法] 拒绝, 谢绝, 取舍权",,gk cet4 cet6 ky ielts,3562,5933
refuse,ri'fju:z,"vt. 拒绝, 谢绝\nvi. 拒绝\nn. 废物\na. 扔掉的, 无用的",,zk gk cet4 cet6 ky toefl,936,1247
refute,ri'fju:t. ri:-,"vt. 反驳, 驳斥；驳倒",,cet4 cet6 ky toefl gre,11177,11103
regard,ri'gɑ:d,"n. 关心, 注意, 尊敬, 关系, 问候\nvt. 视为, 注意, 考虑, 和...有关, 看待\nvi. 注视, 注意",,zk gk cet4 cet6 ky toefl,945,2084
regarding,ri'gɑ:diŋ,prep. 关于,,cet4 cet6 ky ielts,3515,2153
regardless,ri'gɑ:dlis,"a. 不管, 不注意, 不顾",,gk cet4 cet6 ky toefl ielts,4283,2899
region,'ri:dʒәn,"n. 区域, 地带, 地区, 领域, 范围, 区\n[计] 区, 区域",,cet4 cet6 ky ielts,713,793
register,'redʒistә,"n. 寄存器, 记录, 登记簿, 注册\nvt. 记录, 注册, 提示, 表达, 把...挂号\nvi. 登记, 注册, 挂号\n[计] 寄存器",,gk cet4 cet6 ky toefl ielts,2430,3173
regret,ri'gret,"n. 遗憾, 后悔, 悔恨, 抱歉, 歉意\nvt. 为...感到遗憾, 后悔, 惋惜, 懊悔, 抱歉\nvi. 感到抱歉",,zk gk cet4 cet6 ky,3773,4595
regular,'regjulә,"a. 规则的, 常例的, 有秩序的, 整齐的, 等边的, 定期的, 经常的, 合格的, 常备军的\nn. 正规军, 正式队员\nadv. 经常地\nn. 正常体\n[计] 正常体",,gk cet4 cet6 ky toefl ielts,1276,1370
regularly,'regjulәli,"adv. 有规则地, 一丝不苟地, 正式地",,cet4 cet6 ielts,2238,2818
regulate,'regjuleit,"vt. 管理, 控制, 调节, 调整, 校准\n[经] 控制, 管理",,cet4 cet6 ky toefl ielts gre,3890,3384
regulation,.regju'leiʃәn,"n. 规则, 管理, 调整\n[计] 调整; 规章; 规则; 调节",,gk cet4 cet6 ky toefl ielts,1400,1675
rehearsal,ri'hә:sl,"n. 预演, 排演, 练习, 叙述, 复述\n[法] 详述, 列举事实, 复述",,cet4 cet6 ky ielts gre,5643,5413
reign,rein,v. 为王，为君；当政；统治\nn. 为王，为君；当政；统治,,cet4 cet6 ky toefl ielts gre,3868,7626
rein,rein,"n. 缰绳, 统治, 支配\nvt. 驾驭, 以缰绳控制, 控制\nvi. 勒住马",,cet4 cet6 ky gre,6977,8629
reinforce,.ri:in'fɒ:s,"vt. 加强, 增援, 补充\nvi. 求援, 得到增援\nn. 加固材料",,cet4 cet6 ky toefl ielts gre,2839,3329
reject,ri'dʒekt,"n. 被拒之人, 被弃之物, 不合格品, 次品\nvt. 拒绝, 抵制, 否决, 驳回, 丢弃, 呕出",,gk cet4 cet6 ky toefl,1485,2029
rejoice,ri'dʒɒis,"vt. 使欢喜\nvi. 欣喜, 高兴, 庆祝",,cet4 cet6 ky ielts gre,8553,10736
relate,ri'leit,"vt. 讲, 叙述, 使互相关联\nvi. 有关, 符合, 相处得好",,gk cet4 cet6 ky gre,747,1080
relation,ri'leiʃәn,"n. 关系, 联系, 叙述, 故事, 家属, 亲戚\n[计] 关系",,zk gk cet4 cet6 ky,719,1118
relationship,ri'leiʃәnʃip,"n. 关系, 关联\n[医] 关系",,gk cet4 cet6 ky ielts,532,486
relative,'relәtiv,"n. 亲戚, 关系词\na. 有关系的, 相对的, 比较的",,gk cet4 cet6 ky,2255,2428
relatively,'relәtivli,"adv. 相对地, 比较地, 相当地, 相关地\n[计] 相对地",,cet4 cet6,1237,1462
relativity,.relә'tiviti,"n. 有关系, 相关性, 相对性\n[化] 相对性",,cet4 cet6 ky,12846,11500
relax,ri'læks,"vi. 放松, 松懈, 松弛, 变从容, 休息, 休养\nvt. 使松弛, 缓和, 使松懈, 使休息",,zk gk cet4 cet6 ky toefl,2535,2861
release,ri'li:s,"n. 释放, 发泄, 豁免, 发行, 释放证书\nvt. 释放, 解除, 放松, 豁免, 免除, 发布, 放弃, 让与\nn. 发布\n[计] 版本, 发布",,cet4 cet6 ky toefl ielts gre,1232,1120
relevant,'relivәnt,"a. 有关联的, 有关系的, 适当的, 相应的\n[法] 有关的, 相关的",,gk cet4 cet6 ky toefl ielts,1241,2814
reliability,ri.laiә'biliti,"n. 信度, 可靠性\n[计] 可靠性",,cet4 cet6 toefl,6672,4202
reliable,ri'laiәbl,"a. 可靠的, 可信赖的\n[法] 可靠的, 可信赖的, 确实的",,gk cet4 cet6 ky toefl ielts,3271,3504
reliance,ri'laiәns,"n. 信任, 信赖, 受信赖的人(或事)\n[法] 信任, 信赖, 信心",,cet4 cet6 ky toefl gre,6173,6942
relief,ri'li:f,"n. 减轻, 解除, 救济, 安慰, 调剂, 浮雕, 换班, (地势的)起伏\n[医] 缓减, 减轻, 浮雕(绘画中)",,gk cet4 cet6 ky toefl ielts,1391,1812
relieve,ri'li:v,"vt. 减轻, 救济, 解除, 使免除, 换...的班, 使得到调剂, 使不单调, 衬托, 使显著\nvi. 救济, 当替补投手, 呈鲜明突出",,cet4 cet6 ky toefl,4260,3764
religion,ri'lidʒәn,"n. 宗教, 信仰\n[法] 宗教, 宗教信仰, 信仰",,gk cet4 cet6 ky toefl ielts gre,1819,1383
religious,ri'lidʒәs,"a. 宗教性的, 虔诚的, 宗教上的, 严谨的\nn. 修道士, 出家人",,gk cet4 cet6 ky toefl,1444,884
reluctant,ri'lʌktәnt,"a. 不情愿的, 勉强的\n[法] 不愿的, 勉强的, 难以处理的",,cet4 cet6 ky toefl ielts,3511,3900
rely,ri'lai,"vi. 信赖, 依赖, 信任",,gk cet4 cet6 ky toefl ielts,1734,1857
remain,ri'mein,"vi. 保持, 逗留, 剩余\n[法] 停留, 居住, 继续",,zk gk cet4 cet6 ky,344,426
remains,ri'meins,"n. 剩余物, 废墟, 残余\n[法] 遗体, 尸体, 遗骸",,cet4 cet6 ky gre,4358,5315
remark,ri'mɑ:k,"n. 评论, 注意\nvt. 评论, 注意\nvi. 评论, 谈论\n[计] 注释",,gk cet4 cet6 ky toefl ielts,2581,3389
remarkable,ri'mɑ:kәbl,"a. 不平常的, 值得注意的, 显著的",,cet4 cet6 ky toefl ielts,2423,2708
remedy,'remidi,"n. 药物, 治疗法, 治疗, 补救, 赔偿\nvt. 治疗, 补救, 矫正, 改善, 修补, 修缮",,cet4 cet6 ky toefl ielts,3157,5111
remind,ri'maind,"vt. 提醒, 使想起",,gk cet4 cet6 ky toefl ielts,1700,1458
remote,ri'mәut,"a. 遥远的, 偏僻的, 疏远的, 微少的\n[计] 远程, 远程访问实用程序",,gk cet4 cet6 ky toefl,2684,2778
removal,ri'mu:vl,"n. 移动, 移居, 迁移, 排除, 切除\n[医] 切除, 除去",,cet4 cet6 ky ielts,3305,4711
remove,ri'mu:v,"vt. 移动, 调动, 除去, 迁移, 开除, 移交\nvi. 迁移, 移动, 搬家\nn. 班级, 升级, 移动, 搬家, 间距\n[计] 删除",,gk cet4 cet6 ky toefl gre,866,876
render,'rendә,"vt. 回报, 给于, 付给, 汇报, 提出, 舍弃, 反映, 表示, 表演, 致使, 执行, 实施\nvi. 给予补偿\nn. 交纳, 打底",,cet4 cet6 ky toefl ielts gre,3315,3537
renew,ri'nju:,"vt. 使更新, 使恢复, 复兴, 修补, 补充, 继续, 重订, 重申, 续借\nvi. 更新, 重新开始",,cet4 cet6 ky toefl,4932,5526
rent,rent,"n. 租金, 房租, 出租物, 裂缝, 破裂处, 分裂\nvt. 租用, 租出\nvi. 出租\na. 分裂的, 破裂的\nrend的过去式和过去分词",,gk cet4 cet6 ky toefl ielts gre,2386,3433
repair,ri'pєә,"n. 修理, 补救, 修复\nvt. 修理, 修补, 补救, 恢复, 补偿\nvi. 修理, 修补, 补救, 恢复, 去, 常去, 集合",,zk gk cet4 cet6 ky toefl ielts,2940,3874
repeat,ri'pi:t,"n. 重复, 反复\nvt. 重做, 重复, 复述, 使再现, 复制\nvi. 重复\n[计] 重复",,zk gk cet4 cet6 ky toefl,1398,1602
repeatedly,ri'pi:tidli,"adv. 重复地, 再三地",,cet4 cet6 ky,4718,3245
repent,ri'pent,"vi. 后悔, 懊悔, 忏悔\nvt. 后悔\na. 匍匐生根的",,cet4 cet6 ky ielts gre,15104,16583
repetition,.repi'tiʃәn,"n. 重复, 背诵, 循环, 复制品, 副本\n[机] 重复, 反复",,cet4 cet6 ky toefl ielts,5293,5821
replace,ri'pleis,"vt. 代替, 替换, 放回, 归还\n[计] 替换; DOS外部命令:取代或更新文件",,gk cet4 cet6 ky toefl,894,1182
reply,ri'plai,"n. 答复, 回答, 答辩\nvi. 答复, 回答, 回击, 反响, 答辩\nvt. 回答\n[计] 答复",,zk gk cet4 cet6 ky,1286,2219
reporter,ri'pɒ:tә,"n. 记者, 报告者\n[化] 指示器",,gk cet4 cet6 ky,3671,1286
represent,.repri'zent,"vt. 表现, 表示, 描绘, 讲述, 代表, 象征, 回忆, 再赠送, 再上演\nvi. 提出异议",,gk cet4 cet6 ky toefl ielts,645,687
representative,.repri'zentәtiv,"n. 代表, 众议员, 典型\na. 描写的, 表现的, 代理的, 代表的, 代议制的, 典型的",,gk cet4 cet6 ky toefl ielts,1470,1976
reproach,ri'prәutʃ,"n. 责备, 耻辱\nvt. 责备, 申斥, 使丢脸",,cet4 cet6 ky toefl ielts gre,14678,18288
reproduce,.ri:prә'dju:s,"v. 繁殖, 再生, 复制, 生殖\n[计] 复制",,cet4 cet6 ky toefl,4151,4987
republic,ri'pʌblik,"n. 共和国, 共和政体, 团体, 界",,gk cet4 cet6 ky toefl,1632,3709
republican,ri'pʌblikәn,"n. 共和主义者, 共和党员\na. 共和政体的, 共和国的, 共和主义的",,cet4 cet6 ky,4062,594
reputation,.repju'teiʃәn,"n. 名誉, 名声, 声望\n[法] 名声, 名誉, 公认证据",,gk cet4 cet6 ky toefl ielts gre,2235,2411
request,ri'kwest,"n. 请求, 需要, 申请书\nvt. 请求, 要求, 邀请\n[计] 请求",,gk cet4 cet6 ky toefl ielts gre,1821,2116
require,ri'kwaiә,"vt. 需要, 命令, 要求\n[法] 需要, 要求, 命令",,zk gk cet4 cet6 ky,321,446
requirement,ri'kwaiәmәnt,"n. 需求, 必要条件, 要求\n[化] 要求; 合同要求",,gk cet4 cet6 ky toefl ielts,1078,1885
rescue,'reskju:,"n. 援救, 解救, 营救\nvt. 援救, 救出, 营救",,gk cet4 cet6 ky toefl ielts gre,3918,3815
research,ri'sә:tʃ,"n. 研究, 调查, 考察\nvi. 研究, 调查",,zk gk cet4 cet6 ky ielts,357,362
researcher,ri:'sә:tʃә,n. 研究人员,,cet4 cet6,2411,1177
resemble,ri'zembl,"vt. 相似, 类似",,gk cet4 cet6 ky toefl ielts,3822,3058
reservation,.rezә'veiʃәn,"n. 保留, 预定, 保留品, 保留地\n[经] 预定, 预约, 权益保留",,gk cet4 cet6 ky ielts,4139,3046
reserve,ri'zә:v,"n. 储备品, 贮量, 后备军, 自然保护区, 保留, 拘谨, 节制, 储备金\nvt. 保留, 保存, 预订, 延期, 推迟",,gk cet4 cet6 ky toefl ielts gre,2475,3740
reservior,,"n. 贮水池,贮藏处,贮备",,cet4,0,0
residence,'rezidәns,"n. 住宅, 居留, 驻扎, 居住期间\n[医] 住房",,cet4 cet6 ky toefl ielts,3658,3766
resident,'rezidәnt,"n. 居民, 常驻程序, 居住者, 留鸟\na. 居留的, 定居的",,cet4 cet6 ky toefl gre,2053,1254
resign,ri'zain,"vt. 辞职, 放弃, 使顺从\nvi. 辞职, 屈从",,gk cet4 cet6 ky ielts,2549,3390
resignation,.rezig'neiʃәn,"n. 辞职, 辞呈, 听从\n[经] 辞职",,cet4 cet6 ielts gre,3144,5762
resist,ri'zist,"v. 抵抗, 耐得住, 抵制, 反抗\nn. 防染材料",,gk cet4 cet6 ky toefl,2415,2470
resistance,ri'zistәns,"n. 抵抗力, 反抗, 耐力, 阻力, 电阻\n[化] 抵抗; 抗性; 阻力; 抗药性; 电阻",,cet4 cet6 ky toefl ielts,2311,2226
resistant,ri'zistәnt,"n. 抵抗者, 反抗者\na. 抵抗的, 反抗的, 耐...的",,cet4 cet6 ky toefl ielts,7235,6664
resolution,.rezә'lu:ʃәn,"n. 解析, 决心, 坚定, 决定, 决议, 消除, 解答, 分解\nn. 图形分辨率\n[计] 图形分辨率",,cet4 cet6 ky toefl ielts,2064,1968
resolve,ri'zɒlv,"vi. 决定, 分解, 决心\nvt. 使分解, 解析, 解决, 消除, 决心\nn. 决定之事, 决心, 坚决",,cet4 cet6 ky toefl ielts,2174,2242
resort,ri'zɒ:t,"n. 度假胜地, 手段, 凭借, 常去之地\nvi. 诉诸, 常去",,cet4 cet6 ky toefl ielts gre,3200,2684
resource,ri'sɒ:s,"n. 资源, 财力, 办法, 策略, 急智, 消遣\n[计] 资源",,cet4 cet6 ky toefl ielts,786,769
respect,ri'spekt,"n. 尊敬, 尊重, 问候\nvt. 尊敬, 注意, 遵守",,gk cet4 cet6 ky toefl,1476,1554
respectful,ri'spektful,"a. 表示尊敬的, 有礼貌的, 谦恭的",,cet4 cet6,13810,8374
respective,ri'spektiv,"a. 分别的, 各自的",,cet4 cet6 ky toefl,5015,5883
respectively,ri'spektivli,"adv. 各自地, 独自地, 个别地, 分别地",,cet4 cet6 toefl,2622,3726
respond,ri'spɒnd,"vt. 以...回答\nvi. 回答, 响应, 回报, 有反应, 承担责任",,gk cet4 cet6 ky toefl,1313,920
response,ri'spɒns,"n. 反应, 回答, 响应\n[计] 应答",,cet4 cet6 ky ielts gre,798,725
responsibility,ri.spɒnsә'biliti,"n. 责任, 职责, 负担, 可靠性\n[化] 职责",,gk cet4 cet6 ky toefl ielts,830,1067
responsible,ri'spɒnsәbl,"a. 有责任的, 负责的, 责任重大的\n[法] 应负责任的, 有责任的, 能履行责任的",,cet4 cet6 ky toefl,1054,1365
restless,'restlis,"a. 不安静的, 慌张的, 休息不充分的\n[医] 不安静的, 不宁的",,cet4 cet6 ky ielts gre,7077,7303
restore,ri'stɒ:,"vt. 回复, 恢复, 归还, 修补, 修复\nvt. 还原\nvi. 还原\n[计] 还原; DOS外部命令:从备份盘中取回文件",,cet4 cet6 ky toefl ielts gre,2217,2543
restrain,ri'strein,"vt. 抑制, 阻止, 束缚\n[法] 抑制, 遏制, 制止",,cet4 cet6 ky toefl ielts gre,5566,6825
restraint,ri'streint,"n. 抑制, 克制, 束缚\n[医] 约束, 拘束",,cet4 cet6 ky toefl gre,4343,5419
restrict,ri'strikt,"vt. 限制, 限定, 约束\n[医] 限制",,gk cet4 cet6 ky toefl,2207,3539
restriction,ri'strikʃәn,"n. 限制, 限定, 约束\n[计] 限定",,gk cet4 cet6 toefl,2226,3127
result,ri'zʌlt,"n. 结果, 成绩, 答案\nvi. 产生, 结果, 致使\n[计] 结果",,zk gk cet4 cet6 ky ielts,264,354
resume,ri'zju:m,"vt. 重新开始, 取回, 恢复\nvi. 再开始\nn. 摘要, 个人简历\n[计] 继续执行",,cet4 cet6 ky toefl ielts gre,3836,3780
retail,'ri:teil,"n. 零售\na. 零售的\nvt. 零售, 详述, 传播\nvi. 零售",,cet4 cet6 ky toefl ielts gre,3601,3479
retain,ri'tein,"vt. 保持, 保有, 留住, 记得, 付定金聘请\n[经] 保留, 留存",,cet4 cet6 ky toefl ielts gre,1460,2724
retell,ri:'tel,"vt. 再讲, 重复, 重说",,zk gk cet4 cet6,34354,19549
retire,ri'taiә,"n. 隐居\nvi. 引退, 退役, 退休, 退去, 撤退, 退却\nvt. 使...撤退, 辞退",,gk cet4 cet6 ky toefl,2374,2301
retreat,ri'tri:t,"n. 休息寓所, 撤退, 隐居, 退避\nvi. 撤退, 隐退, 向后倾\nvt. 退(棋)",,cet4 cet6 ky toefl ielts gre,5347,4787
retrieve,ri'tri:v,"vt. 取回, 挽回, 弥补, 恢复, 补偿, 回忆, 检索\nvi. 找回猎物\nn. 取回, 恢复, 救险球\n[计] 检索",,cet4 cet6 ky toefl ielts gre,5614,4952
reveal,ri'vi:l,"vt. 露出, 显示, 透露, 揭露, 泄露, (神)启示\nn. 窗侧, 门侧",,cet4 cet6 ky toefl,968,927
revenge,ri'vendʒ,"n. 报仇, 复仇, 报复\nvt. 报仇, 报复",,cet4 cet6 ky ielts gre,5307,5280
revenue,'revinju:,"n. 收入, 岁入, 税收, 税务局\n[经] 岁入, 税收, 税务局",,cet4 cet6 ky toefl ielts gre,1772,1681
reverse,ri'vә:s,"n. 相反, 背面, 倒退, 挫折, 失败\na. 反面的, 相反的, 反向的, 颠倒的\nvt. 使颠倒, 使逆转, 使倒退, 使反向\nvi. 倒退, 反向, 倒转, 反转\n[计] 反转",,cet4 cet6 ky toefl ielts gre,3175,3497
review,ri'vju:,"n. 检讨, 复习, 回顾, 检阅, 评论\nvt. 温习, 检讨, 评论, 再检察, 复审\nvi. 复习功课, 写评论",,zk gk cet4 cet6 ky toefl ielts,1128,1384
revise,ri'vaiz,"n. 校订, 修正, 改样\nvt. 校订, 修正, 校正",,cet4 cet6 ky toefl ielts gre,4941,5829
revolt,ri'vәult,"n. 叛乱, 反抗, 反感\nvi. 叛乱, 反抗, 起义, 厌恶, 反感\nvt. 使反感, 使恶心",,cet4 cet6 ky toefl ielts gre,6556,8955
revolution,.revә'lu:ʃәn,"n. 革命, 大变革, 旋转, 转数, 循环\n[化] 回转",,gk cet4 cet6 ky toefl,1858,2753
revolutionary,.revә'lu:ʃәnәri,"n. 革命者, 革命党人\na. 革命的, 革命性的",,cet4 cet6 ky toefl,3153,4014
reward,ri'wɒ:d,"n. 报酬, 酬谢, 赏金\nvt. 奖赏, 酬谢, 给...应有报应",,gk cet4 cet6 ky toefl ielts gre,2819,3392
rhythm,'riðәm,"n. 旋律, 节奏, 韵律, 匀称, 张弛节律\n[医] 节律",,cet4 cet6 ky toefl ielts,3420,3280
rib,rib,"n. 肋骨, 肋状物, 笑话\nvt. 装肋状物于, 戏弄",,cet4 cet6 ky gre,5074,4568
ribbon,'ribәn,"n. 缎带, 色带, 带状物\nvt. 用丝带装饰, 把...撕成条状\nvi. 形成带状\n[计] 带状条, 格式栏",,cet4 cet6 ky toefl ielts,5617,4838
rid,rid,"vt. 免除, 以...清除, 使获自由, 使摆脱\n[法] 免除, 清除, 摆脱",,gk cet4 cet6 ky toefl,2872,3041
riddle,'ridl,"n. 谜, 谜语, 粗筛\nvt. 解谜, 给...出谜, 筛, 寻根究底地检验, 充满于\nvi. 出谜",,zk gk cet4 cet6 ky toefl gre,13883,11712
rider,'raidә,"n. 骑手, (文件后的)附件, 扶手\n[化] 游码",,cet4 cet6 gre,3987,3824
ridge,ridʒ,"n. 脊, 山脊, 山脉\n[医] 嵴, 脊, 棱线",,cet4 cet6 ky toefl ielts gre,4003,4853
ridiculous,ri'dikjulәs,"a. 荒谬的, 可笑的",,gk cet4 cet6 ky toefl ielts,3632,4043
rifle,'raifl,"n. 来复枪, 步枪\nvt. 用步枪射击, 抢夺\nvi. (抱有不良意图)迅速翻查",,cet4 cet6 ky toefl gre,5446,3065
rigid,'ridʒid,"a. 坚硬的, 刚性的, 严格的, 精密的, 刻板的",,gk cet4 cet6 ky toefl ielts gre,4475,5469
ripe,raip,"a. 成熟的, 熟练的, 成年的\n[医] 成熟的",,gk cet4 cet6 ky toefl,7544,6068
ripen,'raipәn,vt. 使成熟\nvi. 成熟,,gk cet4 cet6 toefl gre,14908,14750
rise,raiz,"n. 上升, 增加, 上涨, 高地, 升高, 出现\nvi. 升起, 起身, 起立, 上升, 上涨, 增长, 高耸, 起义, 浮现\nvt. 使飞起",,zk gk cet4 cet6 ky,644,727
risk,risk,"n. 冒险, 危险, 保险额\nvt. 冒...的危险, 冒险干",,zk gk cet4 cet6 ky toefl,781,650
rival,'raivl,"n. 对手, 竞争者\na. 竞争的",,cet4 cet6 ky toefl ielts gre,3058,4346
roar,rɒ:,"n. 吼, 咆哮, 轰鸣\nvi. 吼, 大声说出, 叫喊, 喧闹\nvt. 呼喊, 使轰鸣",,cet4 cet6 ky toefl ielts,5769,5275
roast,rәust,"n. 烤肉, 烘烤, 嘲笑\na. 烘烤的, 烤过的\nvt. 烤, 炙, 烘焙, 嘲笑\nvi. 烤, 炙, 烘焙",,gk cet4 cet6 ky toefl ielts,12050,7679
rob,rɒb,"v. 抢夺, 抢掠, 剥夺",,gk cet4 cet6 ky,5202,5071
robber,'rɒbә,"n. 强盗, 盗贼",,cet4 cet6 ielts,9868,9557
robbery,'rɒbәri,"n. 抢掠, 抢夺\n[法] 强盗, 抢劫, 劫掠",,cet4 cet6,6078,6012
robe,rәub,"n. 宽松长袍, 礼服, 披肩, 覆盖物\nv. (给)穿长袍",,cet4 cet6 ky gre,6678,5241
robot,'rәubәt,"n. 机械人, 自动机械, 机械般工作的人\n[计] 机器人; 自动机",,zk gk cet4 cet6 ky,6669,4523
rock,rɒk,"n. 岩石, 岩礁, 石头, 基石, 暗礁, 摇动, 摇滚乐\nvt. 摇摆, 摇动, 使摇晃, 使动摇\nvi. 摇, 摇动",,zk gk cet4 cet6 ky ielts,1070,869
rocket,'rɒkit,"n. 火箭, 烟火\nvi. 急升, 猛涨, 飞驰\nvt. 用火箭运载",,gk cet4 cet6 ky,6074,4094
rod,rɒd,"n. 竿, 笞鞭, 小枝\n[化] 棒",,cet4 cet6 ky toefl,3674,4575
role,rәul,"n. 角色, 职责, 任务\n[医] 作用, 功用",,zk gk cet4 cet6 ky toefl ielts,468,451
roll,rәul,"n. 卷, 滚动, 名单, 案卷, 压路机\nvi. 滚, 滚动, 飘流, 起伏, 卷, 绕\nvt. 使滚动, 卷, 绕",,gk cet4 cet6 ky toefl ielts,1856,1249
roller,'rәulә,"n. 滚筒, 滚轴, 压路机\n[化] 滚柱; 托辊",,gk cet4 cet6,6996,6161
Roman,'rәumәn,"n. 罗马人\na. 罗马人的, 罗马的",,cet4 cet6,10743,3507
romantic,rәu'mæntik,"a. 浪漫的, 风流的, 传奇性的, 夸大的, 空想的, 浪漫派的",,cet4 cet6 ky,3436,3135
roof,ru:f,"n. 屋顶, 室顶\nvt. 给...盖屋顶, 遮蔽",,gk cet4 cet6 ky toefl,1879,2135
root,ru:t,"n. 根, 根本, 根源, 基础, 底部\nvt. 使扎根, 使固定, 根除, 肃清, 搜出, 用鼻拱\nvi. 生根, 固定, 源于, 用鼻拱土, 寻找, 捧场, 支持",,gk cet4 cet6 ky,1992,1734
rope,rәup,"n. 绳, 索, 粗绳, 绞索, 决窍\nvt. 捆, 缚, 绑, 圈起, 以绳将...系住\nvi. 拧成绳状",,zk gk cet4 cet6 ky toefl,3336,3309
rose,rәuz,"n. 玫瑰, 蔷薇, 玫瑰色\na. 玫瑰色的, 玫瑰花的\nvt. 使成玫瑰色\nrise的过去式",,zk gk cet4 cet6 ky,2179,23633
rot,rɒt,"n. 腐烂, 腐蚀, 败坏\nvi. 腐烂, 烂, 堕落, 憔悴\nvt. 使腐烂, 使腐朽, 使堕落",,gk cet4 cet6 ky toefl ielts,9578,9603
rotary,'rәutәri,"a. 旋转的, 轮流的\nn. 旋转式机器",,cet4 cet6 ky,12122,12580
rotate,'rәuteit,"a. 辐状的\nvt. 使旋转, 使转动, 使轮流\nvi. 旋转, 循环\n[计] 旋转",,cet4 cet6 ky toefl ielts gre,6887,5483
rotation,rәu'teiʃәn,"n. 旋转, 循环, 轮流\n[计] 旋转",,cet4 cet6 toefl,6205,5230
rotten,'rɒtn,"a. 腐烂的, 恶臭的, 堕落的, 风化的, 虚弱的\n[经] 腐烂的, 堕落的",,cet4 cet6 ky toefl gre,6433,8385
rough,rʌf,"n. 粗糙的东西, 毛坯, 未加工品, 梗概, 草图, 暴徒, 艰难\na. 粗糙的, 粗暴的, 蓬乱的, 草率的, 大致的, 简陋的, 暴风雨的, 艰难的\nvt. 使粗糙, 使不平, 使蓬乱, 粗制, 草拟, 粗暴对待, 对...动粗\nvi. 变粗糙\nadv. 粗糙地, 粗暴地",,gk cet4 cet6 ky toefl ielts,2422,2627
roughly,'rʌfli,"adv. 概略地, 粗糙地, 粗暴地",,cet4 cet6 ky toefl,3181,2657
rouse,rauz,"n. 觉醒, 奋起, 干杯\nvt. 唤醒, 鼓舞, 激动, 使振奋, 惊起\nvi. 醒来, 奋起",,cet4 cet6 ky ielts,10108,10921
route,ru:t,"n. 路径, 途径, 路线\nvt. 确定路线, 按规定路线发送\n[计] 传递, 路由设定程序",,cet4 cet6 ky ielts,1246,1946
routine,ru:'ti:n,"n. 常规, 日常工作, 惯例, 例行公事\na. 日常的, 常规的\n[计] 例程",,gk cet4 cet6 ky toefl ielts,2421,2585
row,rәu. rau,"n. 排, 行, 街道, 划船, 吵闹\nvt. 使成排, 划, 划船, 参加(赛船), 痛骂\nvi. 划船, 划动, 争吵\n[计] 行",,zk gk cet4 cet6 ky toefl,1406,1843
royal,'rɒiәl,"n. 王室, 皇族\na. 王室的, 皇家的, 盛大的, 庄严的",,gk cet4 cet6 ky ielts,682,4306
rub,rʌb,"n. 摩擦, 困难, 障碍, 磨损处\nvt. 擦, 搓, 摩擦, 惹怒\nvi. 摩擦, 擦破",,cet4 cet6 ky toefl ielts,3231,2875
rubber,'rʌbә,"n. 橡皮, 橡胶, 做摩擦动作的人, 按摩师, 决胜盘\nvt. 用橡胶制造, 涂橡胶于",,zk gk cet4 cet6 ky ielts,5262,4791
rubbish,'rʌbiʃ,"n. 废物, 垃圾, 胡说",,zk gk cet4 cet6 ky toefl ielts,3206,14955
rude,ru:d,"a. 粗鲁无礼的, 粗陋的, 粗暴的, 原始的, 未开化的, 大略的, 崎岖不平的, 狂暴的",,gk cet4 cet6 ky,5635,6718
rug,rʌg,"n. 小块地毯, 揭露某人",,cet4 cet6 ky,4652,5095
ruin,ruin,"n. 毁灭, 推翻, 废墟\nvi. 毁灭, 衰败, 破坏, 破产, 堕落\nvt. 使毁灭, 毁坏, 使破产",,gk cet4 cet6 ky toefl,5346,4197
rule,ru:l,"n. 规则, 统治, 控制, 支配, 规律, 标准, 章程, 破折号, 铅线\nvt. 规定, 统治, 管理, 控制, 支配, 裁决\nvi. 统治, 管辖, 裁定\n[计] 规则, 水线",,zk gk cet4 cet6 ky toefl ielts,539,633
ruler,'ru:lә,"n. 统治者, 管理者, 尺, 直尺\nn. 划线板\n[计] 标尺",,zk gk cet4 cet6 ky,4145,5552
rumour,'ru:mә,"n. 谣言, 传闻\nvt. 谣传",,cet4 cet6 ielts,3495,0
runner,'rʌnә,"n. 跑步者, 赛跑者, 送信人, 走私船, 操作者, 滑槽\n[化] 碾碎机; 压碎机",,gk cet4 cet6,4368,4214
rural,'ruәrәl,"a. 乡下的, 田园的, 乡村风味的\n[法] 农村的, 乡村的, 有关农业的",,cet4 cet6 ky toefl ielts gre,1519,2006
rush,rʌʃ,"n. 匆促, 冲进, 急流, 灯心草\nvi. 冲, 奔, 闯, 赶紧, 匆促行事, 涌现\nvt. 使冲, 匆忙地做, 突袭, 飞跃, 用灯心草做\na. 紧急的",,zk gk cet4 cet6 ky toefl,2531,1956
rust,rʌst,"n. 锈, 生锈, 衰退\nvi. 生锈, 衰退\nvt. 使生锈, 腐蚀",,cet4 cet6 ky toefl ielts,14222,10260
rusty,'rʌsti,"a. 生锈的, 腐蚀的, 生疏的, 顽固的, 腐烂的\n[医] 锈色的",,cet4 cet6 toefl,9674,9614
sack,sæk,"n. 麻布袋, 洗劫\nvt. 把...装入袋, 洗劫",,cet4 cet6 ky toefl ielts gre,4693,4467
sacred,'seikrid,"a. 神圣的, 献给上帝的, 庄严的, 祭祀的\n[法] 神圣的, 不可侵犯的",,gk cet4 cet6 ky toefl ielts gre,4692,3338
sacrifice,'sækrifais,"n. 牺牲, 供奉, 祭品\nvt. 牺牲, 祭祀, 贱卖\nvi. 献祭",,gk cet4 cet6 ky ielts gre,5282,4068
saddle,'sædl,"n. 鞍, 马鞍, 车座, 鞍状物\nvt. 装以马鞍, 使负担\nvi. 跨上马鞍",,cet4 cet6 ky toefl ielts gre,6599,6217
sadly,'sædli,"adv. 悲痛地, 悲惨地, 悲伤地, 说来遗憾",,cet4 cet6,3665,5717
sadness,'sædnis,"n. 悲哀, 悲伤",,gk cet4 cet6,6372,5506
safe,seif,"n. 保险箱, 冷藏室\na. 安全的, 可靠的, 平安的, 稳健的, 有把握的",,zk gk cet4 cet6 ky ielts gre,1244,1058
safely,'seifli,"adv. 安全地, 确实地",,cet4 cet6,3916,4266
safety,'seifti,"n. 安全, 保险, 平安, 保安设备\nvt. 保护, 防护",,zk gk cet4 cet6 ky ielts,1165,1132
sail,seil,"n. 帆, 篷, 帆船, 航程, 帆状物\nvi. 航行, 启航, 张帆而行\nvt. 航行于, 驾船",,zk gk cet4 cet6 ky toefl,2876,4124
sailor,'seilә,"n. 水手, 船员, 海员\n[法] 水手, 船员, 海员",,gk cet4 cet6 ky,5054,5030
Saint,seint,"n. 圣徒, 圣人\na. 神圣的\n[计] 自动积分程序符号",,cet4 cet6 ky,7596,4582
sake,seik,"n. 目的, 缘故, 理由",,cet4 cet6 ky toefl ielts,2534,3325
salad,'sælәd,n. 色拉,,zk gk cet4 cet6 ky ielts,4643,2773
salary,'sælәri,n. 薪水\nvt. 给...加薪,,gk cet4 cet6 ky ielts,2751,2455
sale,seil,"n. 出售, 卖, 拍卖, 销售额, 廉价出售\n[经] 卖, 出售; 销售(货)",,zk gk cet4 cet6 ky toefl ielts,1143,2234
salesman,'seilzmәn,"n. 售货员, 推销员\n[经] 售货员, 店员, 推销员",,gk cet4 cet6 ky,6889,5573
salt,sɒ:lt,"n. 盐, 风趣, 刺激\na. 含盐的, 咸的, 风趣的, 辛辣的\nvt. 加盐于, 用盐腌",,zk gk cet4 cet6 ky,2536,1571
salute,sә'lu:t,"vi. 行礼, 致意, 问候, 放礼炮\nvt. 向...致意, 迎接, 赞扬\nn. 招呼, 敬礼, 礼炮",,gk cet4 cet6 ky ielts gre,11386,8974
sample,'sæmpl,"n. 样品, 范例, 样本\nvt. 抽样, 尝试\n[计] 示例, 字样",,cet4 cet6 ky toefl ielts,1349,1311
sand,sænd,"n. 沙, 沙子, 沙滩, 光阴, 生涯\nvt. 撒沙, 以沙掩盖",,zk gk cet4 cet6 ky,2470,2205
sandwich,'sændwitʃ,"n. 三明治, 夹心面包, 夹层板\nvt. 插入, 夹入, 把...制成三明治",,zk gk cet4 cet6 ky ielts,3670,3529
sandy,'sændi,"a. 沙的, 沙地的, 多沙的",,cet4 cet6 toefl,6514,6261
satellite,'sætlait,"n. 人造卫星\n[医] 伴行静脉, 陪静脉, 陪病部, 随体, 卫星",,gk cet4 cet6 ky toefl ielts,3325,2632
satisfaction,.sætis'fækʃәn,"n. 满足, 满意, 快事, 赔偿, 赎罪, 报仇的机会\n[经] 偿还, 赎回",,gk cet4 cet6 ky toefl ielts,2683,2779
satisfactory,.sætis'fæktәri,"a. 满意的, 赎罪的\n[法] 令人满意的, 令当事人满意的, 充分的",,cet4 cet6 ky toefl,3282,8301
satisfy,'sætisfai,"vt. 使满意, 满足, 符合, 使确信, 赔偿\nvi. 令人满意, 替人赎罪",,zk gk cet4 cet6 ky toefl,2775,3001
sauce,sɒ:s,"n. 酱油, 调味汁, 酱\nvt. 给...调味, 使增加趣味",,gk cet4 cet6 ky ielts,4226,2289
saucer,'sɒ:sә,"n. 茶碟, 茶托\n[医] 碟",,gk cet4 cet6 ky toefl,9123,10769
sausage,'sɒsidʒ,"n. 香肠, 腊肠",,zk gk cet4 cet6 ky,5664,6199
save,seiv,"n. 救球\nvt. 解救, 挽救, 储蓄, 保存, 节省, 保留\nvi. 挽救, 节省, 救球\nprep. 除...之外\n[计] 保存",,zk gk cet4 cet6 ky toefl,848,735
saving,'seiviŋ,"n. 存款, 挽救, 节约\na. 搭救的, 节约的, 保留的, 补偿的\nprep. 除...之外",,cet4 cet6 ky ielts,2163,2193
saw,sɒ:,"n. 锯子, 谚语\nvt. 锯, 锯开, 来回移动\nvi. 拉锯, 移动\nsee的过去式",,cet4 cet6 ky,6947,7433
scale,skeil,"n. 刻度, 衡量, 比例, 比例尺, 数值范围, 等级, 规模, 天平, 秤, 鳞, 积垢\nvt. 依比例决定, 攀登, 测量, 绘制, 刮鳞, 使生垢, 过秤\nvi. 剥落, 生水垢, 重量为, 攀登, 衡量\n[计] 刻度",,cet4 cet6 ky toefl ielts gre,1115,1223
scan,skæn,"n. 审视, 浏览, 扫描, 细查\nvt. 细看, 浏览, 扫描, 详细调查, 标出格律\nvi. 押韵, 扫描\n[计] 网络软件目录, 编码与分析系统",,gk cet4 cet6 ky toefl ielts gre,5003,4031
scandal,'skændәl,"n. 丑闻, 中伤, 耻辱, 反感, 流言蜚语\n[法] 丑事, 丑闻, 干丑事的人",,cet4 cet6 ky toefl ielts gre,3816,3052
scar,skɑ:,"n. 疤痕, 伤痕, 悬崖\nvi. 结疤, 愈合, 痊愈\nvt. 使有伤痕",,gk cet4 cet6 ky toefl ielts gre,7022,5026
scarce,skɑ:s,"a. 难得的, 稀罕的, 缺乏的",,cet4 cet6 ky toefl ielts,6882,6771
scarcely,'skɑ:sli,"adv. 简直不, 一定不, 仅仅",,cet4 cet6 ky toefl ielts,4028,6981
scare,skєә,"n. 惊吓, 恐慌\nvt. 惊吓, 使恐慌\nvi. 受惊",,gk cet4 cet6 ky toefl gre,7593,3807
scarf,skɑ:f,"n. 围巾, 头巾, 领带, 领巾, 嵌接\nvt. 用围巾围, 嵌接",,zk gk cet4 cet6 ky gre,6554,6140
scatter,'skætә,"n. 消散, 分散, 散播, 散射, 散布, 酒馆\nvi. 散布, 散播, 消散\nvt. 使消散, 使分散, 撒, 散布, 散播, 散射\n[计] 散点图",,cet4 cet6 ky toefl ielts gre,4116,3754
scene,si:n,"n. 场, 情景, 镜头, 发生地点, 道具, 布景, 景色\n[化] 现场",,gk cet4 cet6 ky toefl,1112,738
scenery,'si:nәri,"n. 风景, 景色, 舞台布景",,gk cet4 cet6 ky toefl ielts,6478,8152
scent,sent,"n. 气味, 香味, 香水, 踪迹, 痕迹, 线索, 嗅觉\nvt. 闻出, 嗅, 发觉, 使充满气味\nvi. 嗅猎, 发出气味",,cet4 cet6 ky toefl ielts,5433,4460
schedule,'skedʒuәl,"n. 时间表, 一览表, 计划表, 议事日程\nvt. 预定, 编制目录, 制...表, 安排",,gk cet4 cet6 ky toefl ielts,2702,2144
scheme,ski:m,"n. 方案, 计划, 组合, 系统, 图解, 诡计, 阴谋\nv. 计划, 设计, 图谋, 策划",,cet4 cet6 ky toefl ielts gre,587,3007
scholar,'skɒlә,"n. 学者, 奖学金获得者, 有文化者, 学习者",,gk cet4 cet6 ky toefl,3858,2101
scholarship,'skɒlәʃip,"n. 学问, 学术成就, 奖学金",,gk cet4 cet6 ky toefl ielts,5365,3044
scientific,.saiәn'tifik,"a. 科学的, 系统的, 符合科学规律的\n[计] 科学记数法",,gk cet4 cet6 ky ielts,1601,1605
scientist,'saiәntist,n. 科学家\n[医] 科学家,,zk gk cet4 cet6 ky,1684,1057
scissors,'sizәz,pl. 剪刀\n[医] 剪,,gk cet4 cet6 ky toefl ielts,8705,8906
scold,skәuld,"n. 好骂街的人, 责骂\nv. 责骂",,gk cet4 cet6 ky ielts,15769,10246
scope,skәup,"n. 范围, 机会, 广度, 眼界, 观察仪器, 导弹射程\n[计] 作用域",,cet4 cet6 ky toefl gre,2487,3107
score,skɒ:,"n. 得分, 抓痕, 二十个, 刻痕, 帐目, 乐谱, 起跑线, 终点线, 大量\nvt. 刻划, 划线, 获得, 评价, 把...记下\nvi. 刻痕, 记分, 得分\n[计] 得分",,zk gk cet4 cet6 ky toefl ielts gre,1818,1070
scorn,skɒ:n,"n. 轻蔑, 藐视, 嘲笑, 被嘲弄的人\nvt. 轻蔑, 不屑做",,cet4 cet6 ky ielts gre,11677,11935
scout,skaut,"n. 守候, 侦察, 搜索, 侦察员, 侦察机\nvi. 守候, 侦察, 巡视, 嘲笑\nvt. 侦察, 跟踪, 发现, 监视, 嘲弄",,cet4 cet6 ky toefl ielts,6892,7109
scrape,skreip,"n. 刮, 擦, 挖, 擦痕, 刮擦声, 困境\nvi. 刮掉, 擦掉, 刮出刺耳声\nvt. 刮, 擦, 擦伤, 挖成, 积蓄",,cet4 cet6 ky toefl ielts gre,5968,5494
scratch,skrætʃ,"n. 抓痕, 搔, 抓, 擦伤, 刮擦声, 乱写, 零分, 起跑线\nvt. 搔, 抓, 挖出, 擦, 刮, 乱涂, 勾抹掉\nvi. 搔, 抓, 发刮擦声, 勉强糊口\na. 碰巧的, 凑合的, 打草稿用的\n[计] 擦除",,gk cet4 cet6 ky toefl ielts,5023,4644
scream,skri:m,"n. 尖叫声\nvi. 尖叫, 大笑, 尖啸, 令人震惊\nvt. 尖叫着说, 大叫大嚷着要求",,gk cet4 cet6 ky,2779,2118
screen,skri:n,"n. 幕, 银幕, 屏风, 掩蔽物, 屏蔽, 筛子\nvt. 掩蔽, 放映, 拍摄, 掩护, 筛, 甄别\nvi. 拍电影\n[计] 筛选; 屏幕",,zk gk cet4 cet6 ky toefl,1648,1252
screw,skru:,"n. 螺旋, 螺杆, 螺钉, 螺旋桨, 吝啬鬼\nvt. 调节, 扭紧, 旋, 拧, 加强, 压榨, 勒索\nvi. 转动, 旋, 拧",,cet4 cet6 ky toefl ielts gre,5393,4750
seal,si:l,"n. 印章, 封条, 海豹, 海豹皮, 火漆, 封蜡, 玺, 保证, 批准, 象征, 标志\nvt. 封闭, 盖印, 盖章\nvi. 猎海豹",,gk cet4 cet6 ky toefl ielts,4259,4021
seaman,'si:mәn,"n. 船员, 海员, 水兵\n[法] 海员, 水手, 精通海事者",,gk cet4 cet6,7264,17406
seaport,'si:pɒ:t,"n. 海港, 港口城市",,cet4 cet6 toefl,32866,21035
search,sә:tʃ,"n. 搜寻, 查究\nv. 搜寻, 搜查, 探求, 调查, 搜索\n[计] 搜索, 路径检索程序",,zk gk cet4 cet6 ky toefl,1690,1500
secondary,'sekәndәri,"a. 中级的, 中等的, 次要的, 第二的, 从属的, 辅助的\n[化] 仲(指CH-3...CH(CH-3)-型支链烃基或指二元胺及R-2CHOH型的醇); 第二",,cet4 cet6 ky toefl ielts,2098,3455
secondly,'sekәndli,"adv. 第二, 其次",,cet4 cet6,2787,6891
secret,'si:krit,"n. 秘密, 机密, 秘诀, 秘方\na. 秘密的, 极机密的, 隐蔽的, 暗中的, 神秘的, 偏僻的",,zk gk cet4 cet6 ky toefl,2375,1868
section,'sekʃәn,"n. 区段, 部分, 区域, 节, 截面, 处, 科, 区, 扇区\nvt. 把...分段, 把...切片\nvi. 被切成片\n[计] 扇区",,gk cet4 cet6 ky toefl ielts,409,818
secure,si'kjuә,"a. 无虑的, 安心的, 安全的, 可靠的, 保险的\nvt. 固定, 获得, 保证, 使安全, 掩护, 招致\nvi. 停止操作, 船抛锚",,gk cet4 cet6 ky toefl gre,1654,2489
security,si'kjuriti,"n. 安全, 安全性, 防护物, 保安, 可靠性, 担保人, 抵押品, 保证金\n[计] 安全性, 保密性, 安全检查程序",,gk cet4 cet6 ky toefl,632,661
seed,si:d,"n. 种子, 籽, 萌芽, 子孙, 精液\nvt. 在...播种, 催...发育, 脱...籽\nvi. 结实, 播种",,gk cet4 cet6 ky,2590,1919
seek,si:k,"vt. 寻求, 寻找, 探索, 追求, 搜索, 请求\nvi. 寻找, 搜索\n[计] 查找",,gk cet4 cet6 ky,591,668
segment,'segmәnt,"n. 片段, 部分, 分节, 段\nv. 分割, 分裂\n[计] 段",,cet4 cet6 ky toefl ielts gre,4404,2922
seize,si:z,"vt. 抓住, 逮捕, 俘获, 没收, 扣押, 掌握\nvi. 突然抓住, 利用",,gk cet4 cet6 ky toefl,2974,3230
seldom,'seldәm,"a. 不常的, 稀少的\nadv. 很少, 不常",,zk gk cet4 cet6 ky toefl,4326,4878
select,si'lekt,"a. 挑选出来的, 极好的\nv. 选择, 挑选\nn. 被挑选者, 精萃\n[计] 选定",,gk cet4 cet6 ky toefl,1614,1733
selection,si'lekʃәn,"n. 选择, 选文, 精选品\n[医] 选择, 淘汰",,cet4 cet6 ky toefl ielts,1511,2133
self,self,"n. 自己, 自我, 本性, 本质, 私心, 本人\nvt. 使近亲繁殖, 使自花授精\nvi. 自花授精\na. 同一的",,gk cet4 cet6 ky,2286,2162
selfish,'selfiʃ,"a. 自私的, 利己主义的, 自我中心的",,gk cet4 cet6 ky toefl,6992,7386
seller,'selә,n. 销售者\n[化] 卖方,,cet4 cet6,3158,4908
semester,si'mestә,n. 学期,,cet4 cet6 ky toefl ielts,36683,5465
semiconductor,.semikәn'dʌktә,n. 半导体\n[化] 半导体,,cet4 cet6 ky,9381,8736
seminar,'seminɑ:,"n. 研究班, 专题讨论会\n[经] 讨论会, 专家讨论会",,cet4 cet6 ky ielts,3726,4862
senate,'senit,"n. 参议院, 立法机构, 评议会",,cet4 cet6 ky,4886,1111
senior,'si:njә,"n. 年长者, 资深者, 毕业班学生\na. 年长的, 高级的, 资深的",,gk cet4 cet6 ky ielts,1203,1090
sense,sens,"n. 感应, 感觉, 感官, 意识, 观念, 情理, 知觉, 理智\nvt. 感觉, 觉察, 检测\n[计] 阅读; 检测",,zk gk cet4 cet6 ky ielts,417,407
sensible,'sensәbl,"a. 有感觉的, 敏感的, 明智的\n[医] 可感觉的",,cet4 cet6 ky toefl ielts gre,2809,6126
sensitive,'sensitiv,"a. 敏感的, 易感的, 灵敏的, 感光的\n[机] 敏感的, 灵敏的, 感度高的",,gk cet4 cet6 ky toefl ielts gre,2372,2506
sentence,'sentәns,"n. 句子, 命题, 宣判\nvt. 宣判, 判决\n[计] 句子",,zk gk cet4 cet6 ky toefl,1168,2036
separate,'sepәreit,"n. 独立件, 抽印本\na. 分开的, 各别的, 单独的, 分隔的\nvi. 分开, 隔开, 分居\nvt. 使分离, 使分开, 区分, 使分居",,zk gk cet4 cet6 ky gre,1256,1892
separately,'sepәrәtli,"adv. [表]分开, 不相连, 分隔, 分离, 不同, 单独, 独立, 各自, 各别, 脱离肉体, 灵魂\n[计] 分离地",,gk cet4 cet6 toefl,3772,5463
separation,.sepә'reiʃәn,"n. 分离, 分居, 缺口, 退职\n[化] 分离",,gk cet4 cet6,3669,3704
sequence,'si:kwәns,"n. 序列, 续发事件, 顺序, 连续\nvt. 按顺序排好\n[计] 顺序",,cet4 cet6 ky toefl ielts,1691,3143
series,'siәri:z,"n. 串联, 序列, 连续, 系列, 丛书, 套, 级数, 组\n[计] 系列",,cet4 cet6 ky ielts,699,718
serious,'siәriәs,"a. 严肃的, 认真的, 重要的, 严重的\n[电] 严重的",,zk gk cet4 cet6 ky toefl ielts,807,755
seriously,'siәriәsli,"adv. 严肃地, 认真地, 严重地",,cet4 cet6 toefl,1633,1908
servant,'sә:vәnt,"n. 仆人, 有用物, 公务员, 雇员\n[法] 受雇人, 服务者, 公务员",,zk gk cet4 cet6 ky,1878,3938
session,'seʃәn,"n. 期间, 开庭期, 会议, 学期\n[计] 会话, 对话, 会晤, 通用任务程序",,gk cet4 cet6 ky toefl ielts,1443,1544
setting,'setiŋ,"n. 环境, 背景, 布景, 镶嵌, 调整, 沉落, 一副餐具\n[计] 设置",,cet4 cet6 ky toefl ielts,2197,1742
settle,'setl,"n. 有背长椅\nvt. 决定, 整理, 安放, 使定居, 使平静, 支付, 安排, 解决, 结算\nvi. 停留, 下陷, 沉淀, 澄清, 安下心来, 结清, 定居, 安家",,gk cet4 cet6 ky ielts gre,1295,1316
settlement,'setlmәnt,"n. 安顿, 解决, 处理, 结算, 殖民, 殖民地, 沉降\n[医] 居住区; 沉渣",,gk cet4 cet6 ky ielts,1600,2167
seventeen,sevn'ti:n,"num. 十七, 十七个",,zk gk cet4 cet6,3783,6318
seventy,'sevnti,"num. 七十, 七十个",,zk gk cet4 cet6,2261,7889
severe,si'viә,"a. 严格的, 尖锐的, 严肃的, 严重的, 严厉的, 朴素的\n[法] 严厉的, 苛刻的, 严重的",,gk cet4 cet6 ky toefl ielts gre,1923,2330
severely,si'viәli,"adv. 严格, 尖锐, 严肃, 严重, 严厉, 朴素",,cet4 cet6,3818,4850
sew,sәu,"vt. 缝纫, 缝合, 缝\nvi. 缝纫",,gk cet4 cet6 ky toefl,6446,6478
sex,seks,"n. 性别, 性欲\nvt. 区别...的性别, 引起...的性欲",,gk cet4 cet6 ky ielts,1105,814
sexual,'sekʃuәl,"a. 性的, 性别的\n[医] 性的; 性欲的",,cet4 cet6,1384,1006
shade,ʃeid,"n. 荫, 阴暗, 遮光物, 灯罩, 帘, 浓淡, 微量, 底纹\nvi. 渐变\nvt. 使阴暗, 使渐变, 遮蔽, 微减\n[计] 底纹",,gk cet4 cet6 ky toefl,3205,2984
shadow,'ʃædәu,"n. 阴影, 荫, 影子, 影像, 阴暗, 幽灵, 少许, 隐蔽处, 庇护\nvt. 遮蔽, 使朦胧, 预示, 尾随\nvi. 渐变, 变阴暗\n[计] 阴影",,gk cet4 cet6 ky,2006,1668
shady,'ʃeidi,"a. 荫凉的, 成荫的, 阴暗的, 隐蔽的\n[法] 成问题的, 令人怀疑的",,cet4 cet6 ky,11536,9404
shake,ʃeik,"n. 摇动, 震动\nvt. 摇动, 动摇, 使震动, 挥舞\nvi. 震动, 发抖, 动摇",,zk gk cet4 cet6 ky toefl,1076,942
shallow,'ʃælәu,"n. 水浅的地方, 浅滩\na. 浅的, 肤浅的\nv. (使)变浅",,gk cet4 cet6 ky toefl ielts,4269,4123
shame,ʃeim,"n. 羞耻, 羞愧, 耻辱\nvt. 使羞愧, 侮辱",,zk gk cet4 cet6 ky,3668,3767
shampoo,ʃæm'pu:,"n. 洗头, 洗发剂\nvt. 洗头, 洗发",,cet4 cet6 ky,10466,10085
shape,ʃeip,"n. 形状, 形态, 外形, 形式, 身材\nvt. 定形, 使成形, 塑造, 计划, 使符合\nvi. 成形, 形成, 成长\n[计] 形状",,zk gk cet4 cet6 ky,1200,1267
share,ʃєә,"n. 部分, 参与, 一份, 参股, 份额\nvt. 均分, 分担, 分享, 分配, 共有\nvi. 分享\n[计] 共享; DOS外部命令:在网络或多工系统中提供文件共享\n文件锁定及检测磁盘更动和对超过32MB硬盘分区的支持",,zk gk cet4 cet6 ky,620,711
sharp,ʃɑ:p,"n. 半升音调, 利刃, 骗子\na. 锋利的, 明显的, 敏锐的, 急剧的, 尖刻的, 严厉的, 刺耳的, 精明的\nadv. 锐利地, 急速地",,gk cet4 cet6 ky toefl ielts,2035,2049
sharpen,'ʃɑ:pn,"vt. 使尖锐, 使敏捷, 加重, 削尖\nvi. 尖锐化, 变锋利",,gk cet4 cet6 toefl,7542,8298
sharply,'ʃɑ:pli,"adv. 锐利地, 严厉地, 厉害地\n[经] 剧烈地",,cet4 cet6 toefl,3057,3908
shave,ʃeiv,"n. 修面, 刮胡子, 幸免, 剃刀\nvt. 修面, 剃, 修剪, 掠过\nvi. 刮脸, 勉强通过",,gk cet4 cet6 ky ielts,7191,5779
shear,ʃiә,"n. 修剪, 剪下的东西, 大剪刀, 切变, 剪切机, 切\nvt. 修剪, 割, 剥夺, 横越, 削剪\nvi. 剪, 修剪, 剪羊毛, 切断",,cet4 cet6 ky toefl ielts gre,10041,9594
shed,ʃed,"n. 车棚, 小屋, 脱落之物, 分水岭\nvt. 使流出, 放射, 脱落, 散发, 摆脱\nvi. 流出, 散布, 脱落",,cet4 cet6 ky toefl ielts gre,4479,4356
sheet,ʃi:t,"n. 床单, 张, 纸张, 印刷品, 裹尸布, 薄片\nvt. 盖上被单, 遍布\nvi. 大片落下\na. 片状的, 成薄片的\n[计] 工作表",,gk cet4 cet6 ky toefl ielts,1430,1753
shelf,ʃelf,"n. 架子, 搁板\n[化] 架子",,zk gk cet4 cet6 ky toefl ielts,2930,2947
shell,ʃel,"n. 贝壳, 壳, 外形, 炮弹\nvt. 去壳, 脱落, 炮轰\nvi. 剥落, 脱壳\n[计] 外壳; DOS内部命令:指定命令行处理程序",,cet4 cet6 ky toefl ielts gre,2687,2560
shelter,'ʃeltә,"n. 庇护所, 避难所, 庇护, 隐蔽处, 掩蔽\nvt. 庇护, 保护, 隐匿\nvi. 躲避",,gk cet4 cet6 ky toefl ielts gre,4083,2874
shepherd,'ʃepәd,"n. 牧羊人, 牧羊犬, 牧师, 保护者\nvt. 看守, 领导, 指导, 牧羊",,cet4 cet6 ky toefl ielts,6385,8911
shield,'ʃi:ld,"n. 盾, 防卫物, 保护者, 屏蔽\nvt. 保护, 遮蔽, 屏蔽, 庇护, 挡开, 避开\nvi. 起保护作用",,cet4 cet6 ky toefl ielts gre,4113,5606
shift,ʃift,"n. 变化, 移动, 轮班, 手段, 应急办法, 移位\nvt. 替换, 转移, 改变, 推卸, 变速\nvi. 转换, 移动, 转变, 推托, 变速\n[计] DOS内部命令:该命令可将批处理参数向左移动一个位置",,cet4 cet6 ky toefl ielts,2322,1680
shilling,'ʃiliŋ,n. 先令\n[经] 先令,,cet4 cet6 ky,5693,23182
shiver,'ʃivә,"vi. 颤抖, 哆嗦, 被打碎\nvt. 使迎风飘动, 粉碎\nn. 战栗, 碎块",,cet4 cet6 ky ielts,5205,6211
shock,ʃɒk,"n. 震动, 冲突, 震惊, 冲击, 突击, 禾束堆, 休克, 长毛狗\nvt. 使震动, 使休克, 使受电击, 震惊得\nvi. 震动, 吓人\na. 蓬乱浓密的",,gk cet4 cet6 ky toefl ielts,1998,2298
shoot,ʃu:t,"n. 射击, 狩猎, 芽, 射伤, 发射, 发芽, 急流, 推力, 摄影, 急送, 滑运道, 浪费\nvt. 射击, 射中, 损毁, 拍摄, 喷出, 投射, 挥出, 飞速行进, 挥霍, 给...注射\nvi. 射出, 射击, 发出, 拍电影, 射门, 发芽",,gk cet4 cet6 ky gre,1257,732
shopkeeper,'ʃɒp.ki:pә,"n. 零售商, 店主, 老板",,gk cet4 cet6 ky,8491,12729
shopping,'ʃɒpiŋ,"n. 买东西, 购物\n[经] 购物, 买东西",,gk cet4 cet6 ielts,2763,2713
shore,ʃɒ:,"n. 海岸, 海滨, 斜撑柱\nvt. 把...送上岸, 支撑, 支持",,gk cet4 cet6 ky toefl,3519,3244
shortage,'ʃɒ:tidʒ,"n. 不足, 缺乏\n[化] 缺额",,cet4 cet6 ky toefl ielts,3405,4027
shortcoming,'ʃɒ:t'kʌmiŋ,"n. 缺点, 短处",,gk cet4 cet6 ky,8552,8140
shortly,'ʃɒ:tli,"adv. 不久, 简短, 唐突地",,gk cet4 cet6 ky,2278,2853
shot,ʃɒt,"n. 发射, 炮弹, 射击, 射手, 投篮, 射门, 子弹, 射程, 拍摄, 注射\nvt. 装弹, 使成颗粒状\na. 杂色的, 交织着的, 渗透的, 点焊的, 破旧的\nshoot的过去式和过去分词",,gk cet4 cet6 ky toefl,1836,1053
shoulder,'ʃәuldә,"n. 肩, 肩膀, 衣肩\nvt. 肩负, 负担, 担任\nvi. 用肩推挤",,zk gk cet4 cet6 ky gre,1149,986
shower,'ʃauә,"n. 阵雨, 淋浴, 一阵, 展出者, 显示者\nvi. 淋浴, 下阵雨\nvt. 淋湿, 倾注",,zk gk cet4 cet6 ky toefl ielts,3712,3204
shriek,ʃri:k,"n. 尖锐的响声\nvi. 尖叫, 发尖声\nvt. 尖声发出",,cet4 cet6 toefl gre,10591,9309
shrink,ʃriŋk,"n. 收缩, 萎缩, 回避\nvi. 收缩, 退缩, 萎缩, 缩小, 回避\nvt. 使收缩, 使缩小",,gk cet4 cet6 ky toefl ielts gre,5528,4474
shrug,ʃrʌg,n. 耸肩\nv. 耸肩,,cet4 cet6 ky ielts gre,2865,3191
shut,ʃʌʃ,"n. 关闭\nvt. 关上, 闭起, 幽禁, 合拢, 轧住\nvi. 关上, 停止营业",,zk gk cet4 cet6 ky toefl,1788,1541
shuttle,'ʃʌtl,"n. 穿梭, 梭子, 往返移动之物\nv. (使)穿梭移动, 往返运送",,gk cet4 cet6 ky toefl ielts gre,8928,3810
shy,ʃai,"n. 惊跳, 惊避\na. 胆怯的, 畏缩的, 迟疑的, 羞怯的\nvi. 惊退, 乱投, 乱掷, 厌恶, 避开\nvt. 乱投, 乱掷",,zk cet4 cet6 ky toefl,5301,4407
sickness,'siknis,"n. 疾病, 不健康, 呕吐\n[医] 病",,gk cet4 cet6 toefl ielts,4951,7417
sideways,'saidweiz,"adv. 向旁边, 向侧面地\na. 旁边的, 向侧面的",,gk cet4 cet6 ky toefl,6581,7384
sigh,sai,"n. 叹息\nvi. 叹息, 渴望\nvt. 叹息着说",,gk cet4 cet6 ky toefl ielts,3085,3349
sight,sait,"n. 景观, 视力, 眼界, 阅读, 见解, 意见\nvt. 看见, 瞄准\nvi. 瞄准, 观看\na. 即席的, 见票即付的",,zk gk cet4 cet6 ky toefl ielts,1298,1629
sightseeing,'saitsi:iŋ,"n. 观光, 游览\na. 观光的, 游览的",,gk cet4 cet6 ky ielts,15550,16109
sign,sain,"n. 符号, 招牌, 征兆, 正负号, 手势\nvt. 签名, 打手势表达\nvi. 签名\n[计] 正负号; 符号; 符号字符",,gk cet4 cet6 ky ielts,935,759
signal,'signl,"n. 信号, 暗号, 近因, 导火线\nvt. 向...作信号, 标志, 用信号通知\nvi. 发信号\na. 作为信号的, 显著的\n[计] 信号",,gk cet4 cet6 ky ielts gre,1960,2078
signature,'signәtʃә,"n. 签字, 识别标志, 调号\n[计] 签名附件",,gk cet4 cet6 ky toefl ielts gre,4275,3773
significance,sig'nifikәns,"n. 重要性, 意义, 意味\n[计] 有效; 有效性",,gk cet4 cet6 ky toefl,1922,2937
significant,sig'nifikәnt,"a. 重要的, 有效的, 有含义的, 暗示的, 值得注意的",,cet4 cet6 ky toefl ielts gre,841,719
silence,'sailәns,"n. 沉默, 无声, 静寂, 湮没, 无声息\nvt. 使缄默\ninterj. 安静",,zk gk cet4 cet6 ky toefl ielts,1653,1820
silent,'sailәnt,"a. 沉默的, 安静的, 无声的, 静止的\n[医] 静止的, 无症状的",,zk gk cet4 cet6 ky ielts,2297,2160
silly,'sili,"a. 愚蠢的, 糊涂的",,zk gk cet4 cet6 ky toefl,2789,4009
silver,'silvә,"n. 银, 银币, 银器\na. 银的, 银制的, 银器的\nvt. 镀银\nvi. 变银白色",,zk gk cet4 cet6 ky toefl ielts,2244,2439
similarly,'similәli,"adv. 相像地, 类似于",,cet4 cet6,2024,2792
simplicity,sim'plisiti,"n. 单纯, 简朴, 朴素, 坦率, 天真\n[计] 简明性",,cet4 cet6 ky toefl,5613,7007
simplify,'simplifai,"vt. 单一化, 简单化",,gk cet4 cet6 ky ielts,7074,8483
sin,sin,"n. 罪, 犯罪, 过失, 失礼\nv. 犯",,cet4 cet6 ky toefl,3651,3285
sincere,sin'siә,"a. 诚实的, 正直的, 真挚的, 纯净的",,cet4 cet6 ky ielts gre,8424,6875
singer,'siŋә,n. 歌手,,gk cet4 cet6,3552,2823
singular,'siŋgjulә,"n. 单数\na. 异常的, 单一的",,cet4 cet6 ky ielts,11662,9212
sink,siŋk,"n. 藏垢的场所, 沟渠, 污水槽\nvi. 下沉, 沉没, 下陷, 减弱, 衰退, 消沉, 堕落, 渗透\nvt. 使低落, 使下沉, 陷于, 投入(资金等), 挖掘",,gk cet4 cet6 ky toefl ielts,2585,2809
site,sait,"n. 位置, 场所, 地点\nvt. 给...择址",,cet4 cet6 ky toefl ielts,646,532
situation,.sitju'eiʃәn,"n. 情形, 境遇, 位置\n[医] 情境, 处境",,zk gk cet4 cet6 ky,503,548
sixty,'siksti,"num. 六十, 六十个",,zk gk cet4 cet6,1655,5642
skate,skeit,"n. 溜冰, 冰鞋\nvi. 滑冰, 滑过",,zk gk cet4 cet6 ky,12027,5756
sketch,sketʃ,"n. 素描, 草图, 小品\nv. 描绘略图, 画素描或速写",,cet4 cet6 ky toefl ielts,4945,5051
ski,ski:,n. 滑雪橇\nvi. 滑雪,,gk cet4 cet6 ky,6258,3032
skill,'skil,"n. 技术, 技巧, 技能, 熟练, 熟练工人\n[化] 技能",,zk gk cet4 cet6 ky ielts,801,821
skilled,'skild,"a. 熟练的\n[经] 熟练的, 有技能的",,gk cet4 cet6 ky,3807,4903
skillful,'skilful,"a. 熟练的, 巧妙的\n[机] 熟练的",,gk cet4 cet6 ky toefl,43429,12290
skim,skim,"vt. 撇取浮沫, 略读, 掠过\nvi. 擦过, 浏览\nn. 脱脂乳, 擦过, 表层物\na. 撇去浮沫的",,cet4 cet6 ky toefl ielts gre,9925,8515
skin,skin,"n. 皮肤, 皮\nvt. 剥皮, 在...植皮\nvi. 长皮, 愈合, 蜕皮",,gk cet4 cet6 ky ielts,1289,1019
slam,slæm,"n. 砰然声, 猛然, 猛烈的抨击\nvt. 猛然关上, 砰地关上, 猛烈抨击\nvi. 砰地关上, 猛攻",,cet4 cet6 ky ielts,4608,3458
slave,sleiv,"n. 奴隶, 从动装置, 卑鄙的人\nvi. 拼命工作\n[计] 从设备",,gk cet4 cet6 ky toefl,3948,2727
slavery,'sleivәri,"n. 奴隶的身分, 奴隶状态, 奴隶制度\n[法] 奴隶制度, 奴役, 苦役",,gk cet4 cet6,8927,4574
sleepy,'sli:pi,"a. 困乏的, 欲睡的",,zk gk cet4 cet6 ielts,9704,7429
sleeve,sli:v,"n. 袖子, 套管\nvt. 缝上袖子",,gk cet4 cet6 ky,4169,4567
slender,'slendә,"a. 苗条的, 纤弱的, 微少的, 微薄的\n[机] 细的, 纤细的",,cet4 cet6 ky toefl ielts,6511,6578
slice,slais,"n. 薄的切片, 一部分, 菜刀\nvt. 切成薄片, 切下\nvi. 切\n[计] 片",,gk cet4 cet6 ky toefl ielts gre,4346,3333
slide,slaid,"n. 滑, 滑道, 山崩, 雪崩, 幻灯片\nvt. 使滑动, 偷偷放入\nvi. 滑动, 滑落, 不知不觉陷入, 偷偷地走",,gk cet4 cet6 ky toefl ielts,2704,2174
slight,slait,"n. 轻蔑, 怠慢\na. 轻微的, 纤细的, 脆弱的, 苗条的\nvt. 轻视, 忽略, 怠慢",,gk cet4 cet6 ky toefl ielts gre,2237,2982
slightly,'slaitli,"adv. 些微地, 苗条地",,cet4 cet6 toefl,1111,1408
slip,slip,"n. 滑, 滑行, 事故, 溜, 差错, 滑台, 下降, 插条, 后裔, 板条, 瘦长的年轻人\nvi. 滑动, 滑倒, 失足, 溜走, 滑落, 犯错, 变坏\nvt. 使滑动, 滑过, 摆脱, 闪开, 塞入, 从...取接枝\na. 滑动的, 滑移的, 活络的, 有活结的\n[计] 串行线接口协议",,gk cet4 cet6 ky toefl ielts,1814,1786
slipper,'slipә,"n. 拖鞋, 制轮器\nvt. 用拖鞋打",,cet4 cet6 ky toefl,9057,8779
slippery,'slipәri,"a. 滑的, 光滑的, 靠不住的, 圆滑的, 不稳固的\n[法] 狡猾的, 不可靠的, 不安定的",,cet4 cet6 ky toefl ielts gre,8641,7707
slit,slit,"n. 裂缝, 投币口, 狭长裂口\nvt. 切开, 扯裂, 使有狭缝\nvi. 纵切, 纵裂",,cet4 cet6 ky toefl ielts gre,10391,11326
slogan,'slәugәn,"n. 呐喊声, 标语, 口号",,cet4 cet6 ky toefl ielts,6405,6076
slope,slәup,"n. 倾斜, 斜坡, 斜率, 扛枪姿势\nvt. 使倾斜, 弄斜, 扛\nvi. 倾斜, 走, 逃走",,cet4 cet6 ky toefl ielts,3119,3434
slowly,'slәuli,"adv. 慢慢地, 迟缓地",,cet4 cet6,1240,1222
slum,slʌm,n. 贫民窟\nvi. 访问贫民区,,cet4 cet6 ky toefl ielts,8570,9642
sly,slai,"a. 狡猾的, 诡密的, 俏皮的, 偷偷摸摸的",,cet4 cet6 ky toefl gre,9181,9698
smart,smɑ:t,"a. 聪明的, 漂亮的, 刺痛的, 剧烈的, 敏捷的, 巧妙的, 伶俐的, 潇洒的\nn. 刺痛, 痛苦\nvi. 刺痛",,zk gk cet4 cet6 ky toefl ielts gre,4098,1856
smash,smæʃ,"n. 打碎, 粉碎, 打碎时哗啦声, 猛击, 扣球, 杀球, 经营失败, 破产, 硬币, 假硬币\na. 非常轰动的, 了不起的\nvt. 打碎, 粉碎, 击溃, 使破产, 使裂变, 使用假硬币\nvi. 碎裂, 猛撞, 破产, 扣球, 杀球\nadv. 轰隆一声, 哗啦一声",,cet4 cet6 ky toefl ielts,4350,5113
smog,smәug,n. 烟雾\n[化] 烟雾,,gk cet4 cet6 ky toefl,17069,12947
smooth,smu:ð,"a. 平滑的, 平稳的, 流畅的, 和蔼的, 安祥的, 圆滑的, 调匀的, 无毛的\nvt. 使光滑, 烫平, 使平和, 消除\nvi. 变平滑, 变平静\nn. 一块平地, 平滑部分",,zk gk cet4 cet6 ky toefl ielts gre,2682,2422
smoothly,'smu:ðli,"adv. 平滑地, 流畅地, 流利地",,cet4 cet6 toefl,5550,6168
snake,sneik,"n. 蛇, 阴险的人\nvi. 曲折行进\nvt. 迂回, 拉, 急抽",,zk gk cet4 cet6 ky toefl,5064,3481
snap,snæp,"vt. 使突然中断, 猛咬, 争夺, 拉断, 使有啪啪声, 厉声说, 突然射击, 用快照拍摄\nvi. 咬, 扑, 抓, 折断, 劈啪地响, 厉声说, 砰然关上\nn. 猛咬, 猛扑, 劈啪声, 申斥, 快照, 活力, 一般时期的寒冷天气, 揿钮\na. 突然的, 装搭扣的\nadv. 猛地\n[计] 子网访问协议",,cet4 cet6 ky toefl,2843,2597
snowstorm,'snәustɒ:m,n. 暴风雪\n[化] 雪暴,,cet4 cet6 ky,23065,13456
snowy,'snәui,"a. 多雪的, 雪的, 被雪所覆盖着的, 下雪的",,zk gk cet4 cet6,14429,9600
so-called,,"a. 所谓的, 号称的\n[法] 所谓的, 据称的",,cet4 cet6,0,0
soak,sәuk,"n. 浸, 湿透, 大雨\nvt. 使上下湿透, 浸, 吸入, 吸收, 浸洗掉\nvi. 浸泡, 渗透",,cet4 cet6 ky ielts gre,5630,4835
soap,sәup,"n. 肥皂, 阿谀\nvt. 以肥皂洗, 阿谀\n[计] 评语",,zk gk cet4 cet6 ky toefl,4288,4344
sob,sɒb,"vi. 啜泣, 呜咽\nvt. 哭诉, 哭得使\nn. 啜泣, 呜咽",,gk cet4 cet6 ky,8177,7230
sober,'sәubә,"a. 未醉的, 稳重的, 节制的, 严肃的, 不夸大的, 合理的, 朴素的\nvt. 使醒酒, 使严肃\nvi. 从醉里醒来, 变严肃",,cet4 cet6 ky toefl ielts gre,7671,7423
soccer,'sɒkә,n. 英式足球,,gk cet4 cet6 ky,4895,3353
social,'sәuʃәl,"a. 社会的, 群居的, 社交的\nn. 联欢会",,zk gk cet4 cet6 ky ielts,202,319
socialism,'sәuʃәlizm,"n. 社会主义, 社会主义运动",,gk cet4 cet6 ky,4039,7238
socialist,'sәuʃәlist,"n. 社会主义者, 社会党党员\n[法] 社会主义的",,gk cet4 cet6,2568,5591
society,sә'saiәti,n. 社会；社交界；交往；社团,,zk gk cet4 cet6 ky,326,507
sock,sɒk,"n. 短袜, 鞋垫, 一击\nvt. 重击, 猛投, 给...穿袜\nvi. 打击\nadv. 正着地, 不偏不倚地\na. 非常成功的",,gk cet4 cet6 ky gre,5063,4277
soda,'sәudә,"n. 苏打, 碳酸水\n[化] 纯碱; 苏打; 碳酸钠",,cet4 cet6 ky,9939,5125
soft,sɒft,"a. 软的, 温和的, 柔和的, 柔滑的, 温柔的, 软弱的, 坡度小的, 笨的, 纸币的\nn. 柔软的东西, 笨人, 纸币\nadv. 柔软地, 温和地",,zk gk cet4 cet6 ky,1436,1374
softly,'sɒftli,"adv. 柔和地, 静静地, 温柔地",,cet4 cet6,3081,4040
software,'sɒftwєә,n. 软件\n[计] 软设备,,gk cet4 cet6 ky,1064,1577
soil,sɒil,"n. 土壤, 土地, 国家, 国土, 温床, 污物, 粪便, 水池\nvt. 弄脏, 污辱\nvi. 变脏",,gk cet4 cet6 ky ielts gre,1894,1791
solar,'sәulә,"a. 太阳的, 日光的, 源自太阳的\n[医] 太阳的; 腹腔丛的",,gk cet4 cet6 ky toefl ielts,4774,2744
sole,sәul,"n. 脚掌, 鞋底, 底部\na. 唯一的, 仅有的, 单独的, 独身的\nvt. 上鞋底, 触底",,cet4 cet6 ky toefl ielts,3275,4535
solely,'sәulli,"adv. 仅仅, 单独地",,cet4 cet6 toefl,3992,4671
solemn,'sɒlәm,"a. 严肃的, 郑重的, 庄严的",,cet4 cet6 ky toefl ielts gre,8599,9168
solid,'sɒlid,"n. 固体\na. 坚硬的, 稳固的, 固体的, 实心的, 纯质的, 立体的, 立方的\n[计] 原色",,zk gk cet4 cet6 ky,2417,2011
soluble,'sɒljubl,"a. 溶解的, 可溶解的, 可以解决的\n[医] 溶解的, 可溶的",,cet4 cet6 ky toefl ielts gre,12780,18497
solution,sә'lu:ʃәn,"n. 解决, 解答, 溶液\n[化] 溶液",,cet4 cet6 ky toefl ielts,1058,1221
solve,sɒlv,"vt. 解决, 付给, 溶解\nvt. 求解\nvi. 求解\n[计] 求解",,cet4 cet6 ky toefl ielts,2279,1825
somehow,'sʌmhau,adv. 不知何故,,cet4 cet6 ky ielts,2005,1649
sometime,'sʌmtaim,"a. 以前的, 某一时间的\nadv. 改天, 来日",,cet4 cet6 ky,7642,4914
somewhat,'sʌmhwɒt,"n. 某物, 几分\nadv. 多少, 几分",,cet4 cet6 ky toefl ielts,1966,1897
sophisticated,sә'fistikeitid,"a. 复杂的, 久经世故的\n[法] 尖端的, 高级的, 非常有经验的",,cet4 cet6 ky toefl ielts gre,3019,3077
sore,sɒ:,"a. 悲伤的, 痛的, 引起痛苦的\nn. 痛处, 溃疡, 疮",,cet4 cet6 ky ielts,6510,6349
sorrow,'sɒrәu,"n. 悲伤, 哀惜, 不幸\nvi. 悲伤, 懊悔, 遗憾",,gk cet4 cet6 ky,7116,6304
sort,sɒ:t,"n. 种类, 方式, 品质, 态度, 举止\nvt. 分类, 排序, 挑选\nvi. 交往, 协调\n[计] 排序; DOS外部命令:从标准输入设备接收数据, 整个数据输入完后\n对它以行为单位进行排序, 然后在标准输出设备上输出",,zk gk cet4 cet6 ky toefl ielts,421,835
soul,sәul,"n. 灵魂, 心灵, 精神, 精髓, 人, 化身, 典型, 鬼魂\na. 黑人的",,gk cet4 cet6 ky toefl,2291,1604
soup,su:p,"n. 汤, 马力\nvt. 加速, 增加马力",,zk gk cet4 cet6 ky toefl,4360,2997
sour,'sauә,"a. 酸的, 酸臭的, 发酵的, 愠怒的, 讨厌的, 拙劣的, 不健全的\nvi. 变酸, 发酵, 厌烦, 变坏\nvt. 使变酸, 使失望\nn. 酸味, 酸饮料",,zk gk cet4 cet6 ky toefl ielts,7745,5281
source,sɒ:s,"n. 来源, 水源, 根源, 原始资料, 源\n[计] 来源, 源程序",,cet4 cet6 ky ielts,633,597
southeast,sauθ'i:st,"n. 东南, 东南地区\na. 东南的, 向东南的, 来自东南的\nadv. 往东南, 来自东南",,gk cet4 cet6 ky,10728,3708
southern,'sʌðәn,"n. 南方人, 男风\na. 向南方的, 来自南方的",,zk gk cet4 cet6 ky,1704,1105
southwest,sauθ'west,"n. 西南, 西南方, 西南地区\na. 西南的, 来自西南方的\nadv. 往西南, 来自西南",,gk cet4 cet6 ky,15280,3564
Soviet,'sәuviәt,"n. 代表会议, 苏维埃, 苏联\na. 苏维埃的, 苏联的",,cet4 cet6,914,1246
sow,sau. sәu,"n. 母猪, 懒胖女人\nvt. 播种, 散布, 使密布\nvi. 播种",,gk cet4 cet6 ky toefl ielts gre,6893,10366
space,speis,"n. 位置, 空间, 距离, 太空, 空白, 间隔, (期刊等的)篇幅\nvt. 隔开, 分隔\nvi. 留间隔\n[计] 空白, 空格校验",,zk gk cet4 cet6 ky ielts,715,521
spacecraft,'speiskræft,n. 航天飞船,,cet4 cet6 ky toefl,17270,6442
spaceship,'speisʃip,n. 宇宙飞船,,gk cet4 cet6 ky toefl,16374,11577
spade,speid,"n. 铲子, 锄, 铲刀, 黑桃\nvt. 以锄掘, 把...弄实抹平\nvi. 铲",,gk cet4 cet6 ky,8703,13365
span,spæn,"n. 指距, 全长, 跨距, 一段时间, 小范围\nvt. 以手指测量, 跨越, 架设, 持续",,cet4 cet6 ky toefl ielts gre,6903,5718
Spanish,'spæniʃ,"n. 西班牙人, 西班牙语\na. 西班牙的",,gk cet4 cet6 ielts,2474,2204
spark,spɑ:k,"n. 火花, 火星, 闪光, 无线电报务员, 瞬间放电, 活力, 朝气, 花花公子, 情郎\nvi. 闪光, 发火花, 求婚\nvt. 发动, 鼓舞, 使有朝气, 求婚",,cet4 cet6 ky toefl ielts gre,6367,4805
sparkle,'spɑ:kl,"n. 闪耀, 火花, 活力, 发泡\nvi. 闪耀, 冒火花\nvt. 使闪耀",,cet4 cet6 ky ielts,8882,10602
sparrow,'spærәu,n. 麻雀,,gk cet4 cet6 toefl,14590,14123
speaker,'spi:kә,"n. 说话人, 讲演者, 发言人, 喇叭, 扬声器\n[计] 扬声器",,zk gk cet4 cet6 ky ielts,996,2535
spear,spiә,"n. 矛, 枪, 持矛者, 嫩枝\nvt. 用矛刺\nvi. 刺, 戳\na. 父系的",,gk cet4 cet6 ky gre,8899,8310
special,'speʃәl,"n. 专辑, 专车, 号外, 特别的东西, 负有特别任务的人员\na. 特别的, 专门的, 特殊的, 额外的, 附加的, 特别亲密的",,zk gk cet4 cet6 ky ielts,438,520
specialist,'speiʃәlist,"n. 专门医师, 专家\na. 专业的, 专家的",,gk cet4 cet6 ky,1808,2546
speciality,.speʃi'æliti,"n. 专长, 擅长, 特种技能, 详细说明, 特性, 特产, 专业\n[化] 特制品",,cet4 cet6 ky ielts,6894,23907
specialize,'speʃәlaiz,"vt. 使特殊化, 列举, 特别指明, 限定...的范围\nvi. 成为专家, 专攻",,cet4 cet6 ky ielts gre,8772,4111
specially,'speʃәli,"adv. 特别地, 专门地",,cet4 cet6,3487,7946
species,'spi:ʃiz,"n. 种, 类, 外形\n[医] 茶剂; 种",,cet4 cet6 ky toefl ielts,1044,1141
specific,spi'sifik,"n. 特效药, 特性\na. 特殊的, 明确的, 具有特效的, 特定地, 具体地",,gk cet4 cet6 ky toefl ielts,882,979
specify,'spesifai,"vt. 详列, 指定, 说明\n[计] 指定",,cet4 cet6 ky toefl,2230,4860
specimen,'spesimәn,"n. 样品, 标本, 试料\n[化] 试样",,cet4 cet6 ky toefl ielts gre,3073,5851
spectacle,'spektәkl,"n. 引人羡慕的东西, 景象, 眼镜, 场面, 公开展示",,cet4 cet6 ky toefl ielts,5014,5857
speech,spi:tʃ,"n. 演讲, 说话, 谈话, 言语, 引语, 民族语言\n[医] 言语, 语言",,zk gk cet4 cet6 ky ielts,1119,1100
speed,spi:d,"n. 速率, 速度, 迅速\nvi. 加速, 超速, 快进\nvt. 快速传送, 促进, 使加速\n[计] 中央处理机速度设置程序",,zk gk cet4 cet6 ky ielts,1245,1390
spell,spel,"n. 符咒, 魅力, 轮值, 轮班, 工作时间, 一次发作\nvt. 拼写, 拼成, 琢磨, 理解, 招致, 轮换, 迷住\nvi. 轮换, 拼字",,zk gk cet4 cet6 ky gre,3382,4299
spelling,'speliŋ,"n. 拼, 拼字, 拼法\n[计] 拼写检查",,gk cet4 cet6 ky,5779,7907
sphere,sfiә,"n. 球, 球面, 球体, 天体, 地球仪, 范围\nvt. 包围, 使成球体, 放入球内",,cet4 cet6 ky toefl ielts,3863,4533
spider,'spaidә,"n. 蜘蛛, 设圈套者\n[化] 星形轮",,cet4 cet6 ky toefl ielts,5742,5555
spill,spil,"n. 溢出, 溅出, 摔下, 溢出量, 木片, 小塞子\nvt. 使溢出, 使散落, 洒, 使流出, 倒出, 使摔下\nvi. 溢出, 涌流, 摔下",,cet4 cet6 ky toefl ielts,4486,3671
spin,spin,"n. 旋转, 自旋, 疾驰, 情绪低落\nvt. 纺织, 纺, 使旋转, 编造\nvi. 纺纱, 吐丝, 作茧, 结网, 旋转, 自旋, 疾驰",,gk cet4 cet6 ky toefl ielts gre,3841,2644
spirit,'spirit,"n. 精神, 心灵, 灵魂, 态度, 志气, 人格, 情绪, 心情, 烈酒\nvt. 诱拐, 鼓励, 鼓舞",,zk gk cet4 cet6 ky toefl,1189,1180
spiritual,'spiritʃuәl,"a. 精神上的, 神圣的, 崇高的, 高尚的, 鬼的, 招魂术的\nn. 有关教会的事",,gk cet4 cet6 ky toefl ielts gre,3233,2096
spit,spit,"n. 唾液, 唾吐, 小雨, 炙叉, 一铲的深度\nvt. 唾吐, 吐出, 降小雨, 用炙叉穿过\nvi. 吐唾沫, 吐痰, 唾弃, 飘霏霏细雨",,gk cet4 cet6 ky ielts,5395,4932
spite,spait,"n. 恶意, 怨恨, 使人烦恼的事物\nvt. 故意刁难, 欺侮",,cet4 cet6 ky gre,14563,4179
splash,splæʃ,"n. 飞溅, 污点, 一点儿, 溅泼声, 色斑\nvi. 溅湿, 溅开, 飞溅\nvt. 溅, 泼, 使溅起水, 洒, 使成斑驳状",,cet4 cet6 ky toefl ielts,6624,6696
splendid,'spendid,"a. 光亮的, 了不起的, 灿烂的, 壮丽的, 显著的, 杰出的",,gk cet4 cet6 ky toefl ielts,3954,7708
split,split,"n. 劈开, 裂片, 裂缝, 分裂, 派系, 派别, 柳条\na. 劈开的\nvi. 分离, 分开, 裂开, 被劈开\nvt. 劈开, 切开, 使分裂, 使分离\n[计] 拆分",,gk cet4 cet6 ky toefl ielts gre,2573,2910
spoil,spɒil,"n. 战利品, 赃物, 奖品, 变质, 次品\nvt. 损坏, 破坏, 溺爱\nvi. 腐坏, 掠夺",,cet4 cet6 ky toefl ielts gre,4282,6411
sponge,spʌndʒ,"n. 海绵, 海绵状的东西\nvt. 用海绵擦拭, 吸收掉, 抹掉\nvi. 采集海绵, 海绵般吸收",,cet4 cet6 ky toefl ielts,7966,9290
sponsor,'spɒnsә,"n. 保证人, 赞助者, 发起者, 倡议者, 教父\nvt. 发起, 赞助, 倡议",,gk cet4 cet6 ky toefl ielts,4150,3453
spontaneous,spɒn'teiniәs,"a. 自然的, 自发的, 未经琢磨的\n[医] 自发的, 特发的, 自生的",,cet4 cet6 ky toefl ielts gre,5599,6576
spoon,spu:n,"n. 匙, 调羹, 匙形工具\nvt. 以匙舀起, 调情, 使成匙状",,zk gk cet4 cet6 ky toefl,6114,4339
sportsman,'spɒ:tsmәn,"n. 运动员, 冒险家",,cet4 cet6 ky ielts,9054,14506
spot,spɒt,"n. 污点, 地点, 斑点, 点, 娱乐场所, 处境, 少量\na. 当场的, 现场的, 现货买卖的, 现金交易的, 抽样的\nvt. 点缀, 玷污, 认出, 准确定...的位, 用灯光照射\nvi. 玷污, (从空中)侦察敌方目标",,gk cet4 cet6 ky toefl ielts,1723,1228
spray,sprei,"n. 水沫, 浪花, 水花, 喷雾, 喷雾器, 小树枝\nvt. 喷雾, 扫射, 喷射\nvi. 喷, 溅开",,gk cet4 cet6 ky toefl ielts,5640,4417
spread,spred,"n. 传播, 散布, 伸展\na. 双唇展开的, 伸展的\nvt. 展开, 铺开, 传播, 推广, 伸出, 涂, 敷, 延伸\nvi. 展开, 扩大, 传开, 延伸\n[计] 展开",,zk gk cet4 cet6 ky,1575,1371
springtime,'spriŋtaim,"n. 春天, 春季, 初期",,cet4 cet6 toefl,18977,14237
sprinkle,'spriŋkl,"vt. 洒, 散置, 撒, 点缀\nvi. 洒, 撒, 下小雨\nn. 洒, 撒, 散置, 小雨, 少量",,cet4 cet6 ky,7937,4663
spur,spә:,"n. 马刺, 刺激物, 鼓舞\nvt. 刺激, 激励, 用马刺策(马)前进\nvi. 用马刺驱马, 疾驰",,cet4 cet6 ky toefl ielts gre,5066,6458
spy,spai,"n. 间谍, 侦探, 侦察\nvt. 侦察, 找出, 发现\nvi. 做密探, 侦查",,gk cet4 cet6 ky,6072,4846
square,skwєә,"n. 正方形, 街区, 广场, 平方, 直角尺\na. 正方形的, 正直的, 公正的, 平方的, 方正的, 结清的\nadv. 成直角地, 对准地\nvi. 一致, 符合, 结清\nvt. 使成方形, 使平方自乘, 调正, 结清, 使一致",,zk gk cet4 cet6 ky toefl ielts gre,1802,2747
squeeze,skwi:z,"n. 紧握, 挤, 榨, 榨取, 佣金\nvt. 紧握, 挤, 榨取\nvi. 压榨, 榨",,gk cet4 cet6 ky toefl ielts gre,3390,2891
squirrel,'skwә:rәl,"n. 松鼠, 松鼠毛皮\nvt. 贮藏",,gk cet4 cet6 ky toefl gre,10225,6904
stab,stæb,"n. 刺, 戳, 剧痛, 尝试, 努力\nvt. 刺, 戳, 刺入, 刺痛, 直入, 使伤心\nvi. 刺, 刺伤",,cet4 cet6 ky toefl gre,5408,5835
stability,stә'biliti,"n. 安定, 稳定性, 坚实, 巩固\n[化] 稳定性",,cet4 cet6 ky toefl ielts,3342,2962
stable,'steibl,"n. 马房, 牛棚\na. 稳定的, 安定的, 坚固的, 坚定的\nvt. 赶入马房\nvi. 被关在马厩",,gk cet4 cet6 ky toefl,2637,2903
stack,stæk,"n. 堆叠, 堆, 大量, 书库, 枪架, 烟囱, 堆积, 存贮栈\nvt. 堆积, 堆满, 暗中对...做手脚\nvi. 堆起\n[计] 堆积, 堆栈",,cet4 cet6 ky toefl ielts,6113,4466
stadium,'steidiәm,"n. 露天大型运动场\n[医] 期, 病期",,gk cet4 cet6 ky ielts,5803,4128
staff,stɑ:f,"n. 全体人员, 工作班子, 棍棒, 杆, 拐杖, 支柱, 权杖\na. 职员的, 雇员的, 参谋的\nvt. 为...配备人员",,gk cet4 cet6 ky toefl ielts,423,784
stage,steidʒ,"n. 阶段, 舞台, 场所, 戏剧, 站, 驿站, 级, 层, 脚手架\nvt. 上演, 表演, 筹划\nvi. 适于上演, 乘驿车旅行",,gk cet4 cet6 ky ielts,482,829
stain,stein,"n. 污染, 污点, 着色剂\nvt. 沾染, 染污, 着色\nvi. 变脏",,gk cet4 cet6 ky toefl ielts gre,5778,6708
stair,stєә,"n. 梯级, 楼梯, 阶梯",,gk cet4 cet6 ky,0,2863
staircase,'stєәkeis,"n. 楼梯, 梯子, 楼梯部分\n[医] 阶梯现象",,cet4 cet6 ky toefl,5445,7028
stake,steik,"n. 桩, 炮烙刑, 木柱, 赌注, 奖金\nvt. 打桩, 用桩撑, 下赌注, 资助\nvi. 打赌",,cet4 cet6 ky toefl ielts gre,2769,2591
stale,steil,"n. 尿\na. 不新鲜的, 陈腐的, 疲惫的, 陈旧的\nvt. 使变旧, 走味\nvi. 变陈旧, 走味, 失时效, 撒尿",,cet4 cet6 ky toefl ielts gre,9963,9924
standard,'stændәd,"n. 标准, 规格, 旗, 军旗, 本位\na. 标准的, 合规格的\n[计] 标准",,zk gk cet4 cet6 ky toefl ielts,653,806
standpoint,'stændpɒint,"n. 立场, 观点",,cet4 cet6 ky toefl,11599,6206
stare,stєә,"vi. 注视, 凝视, 瞪视, 显眼\nvt. 盯\nn. 凝视",,gk cet4 cet6 ky toefl,1192,1131
startle,'stɑ:tl,"n. 惊愕, 惊恐\nvt. 吃惊, 使惊愕\nvi. 惊起",,cet4 cet6 ky toefl ielts gre,7875,5455
starvation,stɑ:'veiʃәn,"n. 饥饿, 饿死\n[医] 绝食, 饥锇(指长时期的)",,gk cet4 toefl,8598,9590
starve,stɑ:v,"v. (使)饿死, (使)挨饿",,gk cet4 cet6 ky toefl ielts,7555,7450
state,steit,"n. 州, 状态, 情形, 国家, 政府, 领土, 国务, 社会地位\na. 国家的, 正式的, 礼仪用的, 州的\nvt. 说明, 陈述, 规定\n[计] 状态",,zk gk cet4 cet6 ky,194,137
statement,'steitmәnt,"n. 陈述, 指令, 声明\n[计] 程序语句; 语句",,gk cet4 cet6 ky ielts,717,921
statesman,'steitsmәn,n. 政治家,,cet4 cet6 ky ielts,8718,10075
static,'stætik,"n. 静电, 静电干扰\na. 静态的, 静止的, 固有的, 静电的",,cet4 cet6 ky toefl ielts gre,4978,5963
statistical,stә'tistikl,"a. 统计的, 统计上的, 统计学的\n[经] 统计的, 统计学的",,cet4 cet6 ky,3479,4292
statistics,stә'tistiks,"n. 统计学, 统计资料\n[计] 统计信息",,gk cet4 cet6 ky toefl ielts,2602,2709
statue,'stætju,vt. 以雕像装饰\nn. 雕像,,gk cet4 cet6 ky toefl ielts,4519,3872
status,'steitәs,"n. 状态, 情形, 地位, 要人身份\n[计] 状态",,gk cet4 cet6 ky toefl ielts gre,1137,1215
statute,'stætju:t,"n. 法令, 成文法律, 法规, 章程, 条例\n[法] 法令, 法规, 成文法",,cet4 ky ielts gre,3358,4153
steadily,'stedili,"adv. 稳定地, 无变化地, 有规则地",,cet4 cet6,3991,4794
steady,'stedi,"a. 稳定的, 不动摇的, 沉着的, 稳固的, 坚定的, 经常的\nvt. 使稳定, 使坚定\nvi. 变为沉着, 稳固",,gk cet4 cet6 ky toefl ielts,2922,2914
steal,sti:l,vt. 剽窃；偷偷地做；偷窃；vi. 窃取；偷偷地行动；[棒球]偷垒；n. [口]偷窃；便宜货；偷垒；[篮球]断球,,zk gk cet4 cet6 ky toefl,1891,1784
steam,sti:m,"n. 蒸汽, 精力\na. 蒸汽的\nvi. 蒸发, 行驶, 发怒\nvt. 蒸, 煮, 散发",,gk cet4 cet6 ky toefl ielts,2756,4139
steamer,'sti:mә,"n. 汽船, 蒸汽机\n[化] 蒸汽发生器; 蒸汽机",,cet4 cet6 ky ielts,11992,13331
steel,sti:l,"n. 钢, 钢制品, 钢铁, 坚硬, 坚固\na. 钢的, 钢制的, 钢铁业的, 坚强的\nvt. 使坚强, 钢化, 使冷酷",,zk gk cet4 cet6 ky ielts,2282,2152
steep,sti:p,"n. 浸渍, 悬崖\na. 险峻的, 陡峭的, 急剧升降的, 夸大的\nv. 浸, 泡",,gk cet4 cet6 ky toefl ielts gre,3793,3973
steer,stiә,"vt. 引导, 驾驶, 航行, 控制\nvi. 驾驶, 掌舵, 行驶\nn. 驾驶指示, 劝告",,cet4 cet6 ky toefl ielts gre,4927,4623
stem,stem,"n. 茎, 干, 柄, 船首, 血统, 堵塞物\nvt. 摘掉茎, 装柄于, 阻止, 堵住, 逆行\nvi. 堵住, 逆行",,cet4 cet6 ky toefl ielts gre,4527,3414
step,step,"n. 步骤, 步, 步幅, 脚步声, 踏级, 步伐, 短距离, 步态, 手段, 等级\nvt. 踏, 以步测量, 跨步, 使成阶梯状\nvi. 跨步, 轻快地走, 跳舞, 踩, 踏上, 行走\n[计] 步骤",,zk gk cet4 cet6 ky,720,587
stern,stә:n,"n. 尾部, 船尾, 臀\na. 严厉的, 严格的, 坚定的, 坚决的",,cet4 cet6 ky toefl ielts gre,9588,10140
steward,'stju:wәd,"n. 管理人, 招待员, 管家, 乘务员\n[经] 轮船, 飞机的服务员, (财务)管理员",,gk cet4 cet6 ky ielts,4750,10595
stewardess,'stju:wәdis,"n. 空中小姐, 女管理人, 女管家",,gk cet4 cet6,22477,17096
stick,stik,"n. 棍, 棒, 刺, 枯枝, 茎, 条状物\nvt. 插进, 刺入, 钉住, 伸出, 粘贴, 停止\nvi. 粘住, 停留, 坚持, 陷住, 伸出",,zk gk cet4 cet6 ky toefl ielts,1545,1209
sticky,'stiki,"a. 粘的, 有粘性的, 顽固的",,cet4 cet6 ky toefl,6040,6495
stiff,stif,"a. 坚硬的, 严厉的, 呆板的, 生硬的, 刚强的, 强烈的, 粘的, 稠的, 艰难的\nn. 死尸, 醉鬼, 钞票\nvt. 不肯付...小费",,cet4 cet6 ky toefl ielts gre,4115,4084
stiffen,'stifn,"vt. 使变硬, 使僵硬, 使顽强, 使严厉\nvi. 变粘, 变硬, 变强烈",,cet4 cet6 toefl,9112,9758
stimulate,'stimjuleit,"vt. 刺激, 激励, 鼓舞\nvi. 起刺激作用",,cet4 cet6 ky toefl ielts,3560,4440
sting,stiŋ,"n. 叮, 刺痛, 刺激, 讽刺\nvt. 叮, 刺痛, 刺激, 使苦恼\nvi. 叮, 刺痛",,cet4 cet6 ky toefl ielts gre,8803,8139
stir,stә:,"n. 骚动, 轰动, 搅动, 监狱\nvt. 移动, 摇动, 激起, 惹起, 搅拌\nvi. 走动, 传播, 搅拌",,cet4 cet6 ky toefl gre,3008,1899
stitch,stitʃ,"n. 一针, 疼痛, 针法, 碎布条, 针脚\nv. 缝, 缝合, 装订",,cet4 cet6 ky toefl ielts gre,4244,9743
stock,stɒk,"n. 树干, 祖先, 血统, 原料, 备料, 库存, 牲畜, 股票, 股份, 保留剧目\na. 存货的, 常备的, 平凡的, 普通的, 股票的, 保留剧目的, 繁殖用的\nvt. 装把手于, 进货, 备有, 放牧\nvi. 出新芽, 备货, 囤积",,cet4 cet6 ky toefl ielts gre,1082,740
stocking,'stɒkiŋ,n. 长袜\n[医] 马足水肿; 长袜,,gk cet4 cet6 ky,6503,8355
stomach,'stʌmәk,"n. 胃, 食欲, 欲望, 肚子\nvt. 吃下, 忍受",,zk gk cet4 cet6 ky toefl ielts gre,2661,2503
stone,stәun,"n. 石头, 宝石, 果核, 纪念碑, 结石\nvt. 投扔石子, 铺石头\na. 石的, 石制的, 完全的",,zk gk cet4 cet6 ky ielts,888,1220
stony,'stәuni,"a. 多石的, 无情的",,cet4 cet6 toefl,11697,11616
stool,stu:l,"n. 凳子, 大便, 粪便, 厕所\nvi. 长新枝\nvt. 引诱, 诱捕",,cet4 cet6 ky,5459,5989
stoop,stu:p,"n. 佝偻, 屈从, 弯腰\nvi. 弯下, 屈从, 弯腰, 堕落\nvt. 使屈从, 使弯曲",,cet4 cet6 ky ielts gre,8992,10380
storage,'stɒ:ridʒ,"n. 存储器, 储藏, 保管, 库存, 仓库\n[计] 存放处; 存储",,gk cet4 cet6 ky toefl ielts,2703,2941
storey,'stɔ:ri,"n. 楼, 楼层, 层楼",,cet4 cet6 ky ielts,7721,32282
storm,stɒ:m,"n. 暴风雨, 骚动, 风波, 风暴, 猛攻\nvi. 起风, 猛冲, 怒吼\nvt. 猛攻",,zk gk cet4 cet6 ky toefl,2871,1656
stormy,'stɒ:mi,"a. 暴风雨的, 粗暴的, 激烈的",,cet4 cet6,9490,11643
stove,stәuv,"n. 火炉, 窑\nvt. 用火炉烤\nstave的过去式和过去分词",,gk cet4 cet6 ky toefl,6609,4388
strain,strein,"n. 紧张, 拉紧, 张力, 过劳, 扭伤, 血缘, 种, 族, 气质, 曲调, 旋律, 口吻\nvt. 使劳累, 拉紧, 过分使用, 扭伤, 滥用, 曲解, 滤\nvi. 尽力, 努力, 紧拉, 弯曲, 被滤出",,cet4 cet6 ky toefl ielts,2749,3659
stranger,'streindʒә,"n. 陌生人, 门外汉\n[法] 局外人, 非当事人, 第三者",,zk gk cet4 cet6 ky,3225,2691
strap,stræp,"n. 带, 皮带\nvt. (用皮带)捆扎",,cet4 cet6 ky toefl ielts,6536,5909
strategic,strә'ti:dʒik,"a. 战略的, 战略上的\n[经] 战略的",,cet4 cet6 ielts,2723,2702
strategy,'strætidʒi,"n. 战略, 策略\n[经] 战略, 策略",,cet4 cet6 ky toefl ielts,1127,844
straw,strɒ:,"n. 稻草, 麦管, 吸管, 一文不值的东西, 草帽\na. 稻草的, 稻草色的, 琐碎的, 无价值的",,gk cet4 cet6 ky,4301,4730
strawberry,'strɒ:bәri,n. 草莓,,zk gk cet4 cet6 ky,7842,5437
stream,stri:m,"n. 水流, 小河, 流出, 趋势, 人潮\nvt. 流出, 流动, 展开\nvi. 流, 涌, 飘扬\n[计] 流",,zk gk cet4 cet6 ky gre,2467,2231
strength,streŋθ,"n. 力量, 实力, 强度, 浓度, 人数, 抵抗力\n[化] 强度",,gk cet4 cet6 ky toefl ielts,1194,1275
strengthen,'streŋθәn,"vt. 加强, 变坚固\nvi. 变强, 股票上涨",,gk cet4 cet6 ky toefl ielts,2706,3074
stress,stres,"n. 压力, 紧迫, 强调, 重音, 重点, 应力\nvt. 加压力于, 着重, 重读",,gk cet4 cet6 ky toefl ielts,2093,1731
stretch,stretʃ,"n. 伸展, 张开, 连绵, 一段路, 一段时间\na. 可伸缩的, 弹性的\nvt. 伸展, 张开, 曲解, 使过度伸展\nvi. 伸展, 延伸\n[计] 伸展",,cet4 cet6 ky toefl ielts gre,1930,1915
strict,strikt,"a. 严厉的, 绝对的, 详尽的, 严格的, 精确的\n[法] 严格的, 精确的, 绝对的",,zk gk cet4 cet6 ky toefl,3091,3553
strictly,'striktli,"adv. 严格地, 确实地",,cet4 cet6,3514,4544
strike,straik,"n. 罢工, 打击, 殴打\nvt. 打, 撞击, 冲击, 侵袭, 取消, 结算, 打掉, 罢工, 刺透, 使生根, 遇见\nvi. 打, 打击, 抓, 罢工, 搏动, 触礁, 敲, 响, 穿透, 打动",,gk cet4 cet6 ky toefl ielts,1294,1145
string,striŋ,"n. 线, 细绳, 一串, 字符串\nvt. 串起, 成串, 收紧, 缚, 扎\nvi. 成一串\n[计] 字符串, 串",,gk cet4 cet6 ky toefl ielts,2170,2671
strip,strip,"n. 长条, 条状, 带, 脱衣舞\nvt. 脱衣, 被剥去, 剥夺, 拆卸\nvi. 脱衣服",,cet4 cet6 ky toefl ielts gre,3090,2754
stripe,straip,"n. 斑纹, 条纹\n[医] 纹, 条纹",,cet4 cet6 ky toefl ielts,7060,6292
stroke,strәuk,"n. 笔划, 打, 中风, 抚, 摩, 冲程\nvt. 划尾桨, 抚, 摩, 划去\n[计] 笔划",,cet4 cet6 ky toefl ielts gre,3619,3108
strongly,'strɒŋli,"adv. 强有力地, 坚强地, 激烈地",,cet4 cet6,1965,2383
structural,'strʌktʃәrәl,"a. 结构的, 建筑的\n[医] 结构的",,cet4 cet6 toefl ielts,2916,3829
structure,'strʌktʃә,"n. 结构, 构造, 建筑物\nvt. 构成, 组织",,cet4 cet6 ky,557,950
struggle,'strʌgl,"n. 斗争, 努力, 奋斗\nvi. 努力, 奋斗, 挣扎",,gk cet4 cet6 ky toefl,2047,1669
stuff,stʌf,"n. 原料, 要素, 东西, 材料, 素质, 织品, 废物, 废话\nvt. 装填\nvi. 狼吞虎咽",,cet4 cet6 ky ielts,1375,996
stumble,'stʌmbl,"n. 绊倒, 蹒跚而行, 失足\nvt. 使绊倒, 使困惑\nvi. 绊倒, 失足, 失策, 犯错, 蹒跚, 踌躇",,cet4 cet6 ky toefl ielts,5372,4001
stupid,'stju:pid,"a. 愚蠢的, 麻木的",,zk gk cet4 cet6 ky,2558,2704
style,stail,"n. 风格, 时尚, 文体, 风度, 字体, 类型\nvt. 称呼, (根据新款式)设计, 使合潮流\nn. 风格, 样式\n[计] 风格, 样式",,gk cet4 cet6 ky ielts,790,968
submarine,'sʌbmәri:n,"n. 潜水艇, 海底生物\na. 海中的, 生长在海中的\nvt. 用潜水艇攻击\nvi. 在下疾行, 在下滑动",,cet4 cet6 ky toefl ielts,6579,6881
submerge,sәb'mә:dʒ,"vt. 使浸水, 使陷入, 淹没\nvi. 潜入水中",,cet4 cet6 ky toefl ielts,11468,11140
submit,sәb'mit,"vt. 使服从, 使受到, 委托, 提交, 认为\nvi. 屈服, 服从",,gk cet4 cet6 ky toefl ielts gre,2259,3184
subsequent,'sʌbsikwәnt,"a. 后来的, 接下去的\n[经] 后来的",,cet4 cet6 ky toefl ielts gre,2113,3267
subsidy,'sʌbsidi,"n. 补助金, 津贴\n[经] 补助金, 津贴, 补贴",,cet4 cet6 ky toefl ielts gre,3907,4252
substance,'sʌbstәns,"n. 物质, 实质, 主旨, 资产, 本质, 牢固\n[化] 物质",,cet4 cet6 ky gre,2433,2277
substantial,sәb'stænʃәl,"n. 重要材料(或事物), 有实际价值的东西\na. 实质上的, 物质的, 有内容的, 结实的",,cet4 cet6 ky toefl ielts gre,1536,2544
substitute,'sʌbstitju:t,"n. 代理, 代理人, 代用品, 代替者, 代替物\nvt. 代替\nvi. 替代, 取代, 代用\na. 代替的, 代用的, 代用品的\n[计] 置换; 替代",,gk cet4 cet6 ky toefl ielts gre,4548,5613
subtract,sәb'trækt,"vt. 减去, 扣掉, 减少\nvi. 做减法\n[计] 减",,cet4 cet6 ky toefl ielts gre,11991,10238
suburb,'sʌbә:b,"n. 市郊住宅区, 郊区, 边缘",,cet4 cet6 ky toefl ielts,5306,3531
subway,'sʌbwei,"n. 地铁, 地道\nvi. 乘地铁",,cet4 cet6 ky toefl,15658,5383
succeed,sәk'si:d,"vi. 成功, 继承, 继续\nvt. 继承, 接替",,zk gk cet4 cet6 ky toefl,1741,2018
success,sәk'ses,"n. 成功, 成就, 胜利",,zk gk cet4 cet6 ky,705,777
successful,sәk'sesful,"a. 成功的, 一帆风顺的, 顺利的\n[经] 成功的",,zk gk cet4 cet6 ky toefl ielts,915,1101
successfully,sәk'sesfjli,"adv. 成功, 结果良好, 有成就",,cet4 cet6,2498,3176
succession,sәk'seʃәn,"n. 连续, 继承权, 继位, 演替, 地层次序\n[法] 继承, 继承权, 继位",,cet4 cet6 ky ielts,3702,6389
successive,sәk'sesiv,"a. 继承的, 连续的\n[经] 接续承运人; 连续的",,cet4 cet6 ky toefl,3735,8065
suck,sʌk,"vt. 吸, 吮, 吸入, 吮吸, 吸收\nvi. 吸, 吸奶\nn. 吸, 吸入, 吮吸",,gk cet4 cet6 ky ielts,4142,3618
sudden,'sʌdn,"n. 突然, 忽然\na. 突然的, 意外的, 快速的",,zk gk cet4 cet6 ky,2250,2868
suddenly,'sʌdәnli,"adv. 突然, 意外, 忽然, 迅速, 即席作成, 即刻, 急速",,cet4 cet6,854,955
suffer,'sʌfә,"vt. 遭受, 经历, 忍受\nvi. 受痛苦, 受损害",,gk cet4 cet6 ky toefl,821,1099
sufficient,sә'fiʃәnt,"a. 充分的, 足够的\n[法] 充分的, 足够的",,cet4 cet6 ky toefl ielts gre,1582,3099
sufficiently,sә'fiʃәntli,"adv. 足够, 充分",,cet4 cet6,2966,5950
suit,sju:t. su:t,"n. 套装, 诉讼, 请求, 起诉, 套, 组\nvt. 适合, 使适应\nvi. 合适, 相称",,gk cet4 cet6 ky toefl ielts,2119,1411
suitable,'sju:tәbl,"a. 适当的, 相配的\n[法] 合适的, 适宜的, 适当的",,gk cet4 cet6 ky toefl ielts,1541,4756
sulphur,'sʌlfә,"n. 硫, 硫磺\n[化] 硫",,cet4 cet6 ielts,6702,22759
sum,sʌm,"n. 总数, 总和, 金额, 概要, 顶点\nvt. 总计, 概括\nvi. 合计\n[计] 系统实用程序和维护",,cet4 cet6 ky toefl,1671,3843
summarize,'sʌmәraiz,"v. 概述, 总结",,cet4 cet6 ky,7347,5532
summary,'sʌmәri,"n. 摘要, 概要\na. 摘要的, 简略的\n[计] 摘要; 概要",,gk cet4 cet6 ky ielts gre,2708,4917
summit,'sʌmit,"n. 顶点, 最高阶层, 最高级会议\na. 政府首脑的, 最高级的",,cet4 cet6 ky toefl ielts,2909,3235
sunlight,'sʌnlait,"n. 日光\n[医] 日光, 太阳光",,gk cet4 cet6 toefl ielts,4796,3895
sunrise,'sʌnraiz,"n. 日出, 黎明, 拂晓",,gk cet4 cet6 ky toefl,11920,7313
sunset,'sʌnset,"n. 日落, 晚年",,gk cet4 cet6 ky toefl,7738,5739
sunshine,'sʌnʃain,"n. 阳光, 光明, 晴天",,gk cet4 cet6 ky toefl,4726,7752
super,'sju:pә,"n. 跑龙套角色, 冗员, 特级品, 特大号, 管理人\na. 上等的, 特大的, 超级的, 极好的, 十分的, 过分的\nadv. 非常",,gk cet4 cet6 ky,4154,2651
superficial,.sju:pә'fiʃәl,"n. 表面, 外表\na. 表面的, 肤浅的, 面积的",,cet4 cet6 ky toefl ielts gre,6471,8281
superior,sju:'piәriә,"n. 长者, 占优势的人, 上级\na. 上级的, 出众的, 高傲的",,gk cet4 cet6 ky toefl ielts,3513,3410
supplement,'sʌplimәnt,"n. 补充物, 增刊, 补充, 补遗, 补编, 附录, 补角\nvt. 补充, 增补",,cet4 cet6 ky toefl gre,4371,5192
supply,sә'plai,"n. 补给, 供给, 供应品\nvt. 补给, 供给, 提供, 补充\nvi. 替代",,zk gk cet4 cet6 ky ielts,1048,1494
support,sә'pɒ:t,"n. 支持, 支撑, 援助, 供养, 支撑物\nvt. 支援, 支撑, 帮助, 支持, 忍受, 供养, 证实\n[计] 后援; 支持",,gk cet4 cet6 ky ielts,481,524
suppose,sә'pәuz,"vt. 推想, 假设, 以为, 想像, 假定\nvi. 料想",,zk gk cet4 cet6 ky toefl,840,2161
supreme,sju'pri:m,"n. 至高, 霸权\na. 至高的, 终极的, 极端的, 最大的",,gk cet4 cet6 ky toefl ielts gre,2550,1618
surely,'ʃuәli,"adv. 的确地, 安全地\n[经] 保证, 保证人, 保证金",,cet4 cet6,1516,2410
surgeon,'sә:dʒәn,"n. 外科医生, 军医, 船医\n[医] 外科医师",,gk cet4 cet6 ky toefl ielts gre,3940,3413
surgery,'sә:dʒәri,"n. 外科, 手术, 手术室, 换球术",,cet4 cet6 ky toefl ielts,2833,1793
surname,'sә:neim,"n. 姓, 别号, 绰号\nvt. 呼以姓氏, 起绰号",,cet4 cet6 ky ielts,9483,15663
surplus,'sә:plәs,"n. 剩余, 过剩, 盈余\na. 过剩的, 剩余的",,gk cet4 cet6 ky toefl ielts gre,4815,6243
surprising,sә'praiziŋ,a. 令人惊讶的,,cet4 cet6,2416,2785
surprisingly,,"adv. 使人惊奇, 出人意外, 惊人, 令人惊讶",,cet4 cet6,2953,3368
surrender,sә'rendә,"vt. 交出, 放弃, 使投降, 让与\nvi. 投降, 自首\nn. 交出, 放弃, 投降",,cet4 cet6 ky toefl ielts gre,5031,5024
surround,sә'raund,"vt. 包围, 环绕, 围绕\nn. 围绕物",,gk cet4 cet6 ky,1987,1599
surroundings,sә'rajndiŋz,"n. 环境, 周围的事物\n[化] 环境",,cet4 cet6 ky ielts,5009,6249
survey,sә'vei,"n. 纵览, 视察, 测量, 俯瞰, 调查\nvt. 审视, 视察, 俯瞰, 通盘考虑\nvi. 测量土地",,cet4 cet6 ky toefl ielts,1015,1241
survival,sә'vaivәl,"n. 生存, 残存, 幸存者\na. 赖以生存的",,gk cet4 cet6 ky toefl ielts,2584,2656
survive,sә'vaiv,"vt. 比...活得长, 生存, 生还, 幸免于\nvi. 活下来, 幸存",,gk cet4 cet6 ky toefl gre,1325,1342
suspect,sә'spekt,"n. 被怀疑者, 嫌疑犯\na. 令人怀疑的, 不可信的, 可疑的\nv. 怀疑, 猜想",,gk cet4 cet6 ky toefl ielts gre,2155,2100
suspend,sә'spend,"vt. 悬, 吊, 使悬浮, 暂停, 中止, 推迟\nvi. 暂停, 中止, 悬浮, 停止偿付债务\n[计] 暂停",,cet4 cet6 ky toefl ielts gre,3116,3775
suspicion,sә'spiʃәn,"n. 怀疑, 觉察, 嫌疑\n[法] 怀疑, 疑心, 嫌疑",,cet4 cet6 ky toefl gre,3216,3762
suspicious,sә'spiʃәs,"a. 可疑的, 多疑的, 怀疑的\n[法] 怀疑的, 令人怀疑的, 可疑的",,cet4 cet6 ky toefl ielts gre,4462,4603
sustain,sә'stein,"vt. 承受, 支持, 供养, 继续, 忍受, 蒙受, 证实, 准许\n[电] 持续",,cet4 cet6 ky toefl ielts gre,2774,2986
swallow,'swɒlәu,"n. 燕子, 吞咽, 喉\nvt. 咽, 淹没, 吞没, 耗尽, 轻信, 忍受, 抑制\nvi. 吞下, 咽下",,gk cet4 cet6 ky toefl ielts gre,3290,3535
swamp,swɒmp,"n. 沼泽, 进退两难的困境\nvt. 淹没, 击溃, 清除, 使陷于沼泽\nvi. 陷于沼泽, 淹没",,cet4 cet6 ky toefl ielts gre,9459,6335
swan,swɒn,"n. 天鹅, 天鹅星座, 有才华的诗人\nvi. 闲荡, 蜿蜒而行",,cet4 cet6 ky,6666,11579
swarm,swɒ:m,"n. 群, 大群, 蜂群, 分蜂群\nvi. 分群, 群集, 聚集一块, 云集, 攀\nvt. 挤满, 爬, 攀",,cet4 cet6 ky toefl ielts gre,12158,8983
sway,swei,"n. 摇摆, 影响力, 支配\nvt. 摇动, 支配, 弄歪, 使倾斜, 使动摇, 影响\nvi. 摇动, 摇摆, 倾斜, 动摇, 统治, 转向",,cet4 cet6 ky toefl ielts gre,7824,5924
swear,swєә,"vt. 发誓, 咒骂, 使宣誓\nvi. 发誓, 诅咒\nn. 诅咒, 誓言",,gk cet4 cet6 ky ielts gre,3224,3330
sweat,swet,"n. 汗, 汗水, 水珠, 焦急\nvi. 出汗, 渗出, 冒出水气, 结水珠, 烦恼, 懊恼\nvt. 使出汗, 流出, 榨出, 使汗流浃背",,gk cet4 cet6 ky toefl,5134,3696
sweater,'swetә,"n. 毛衣, 毛线衫, 运动衫, 出汗者\n[化] 发汗器",,zk gk cet4 cet6 ky ielts,6680,4789
sweep,swi:p,"n. 扫除, 打扫, 肃清, 视野, 范围, 全胜\nvt. 扫除, 掸去, 猛拉, 扫荡, 肃清, 冲走, 刮起, 环视, 掠过, 扫射\nvi. 扫, 打扫, 袭击, 席卷, 扫视, 掠过",,zk gk cet4 cet6 ky toefl ielts,2636,2639
swell,swel,"n. 增大, 隆起的部分, 巨浪, 肿胀\na. 优秀的, 一流的\nvi. 增大, 膨胀, 肿胀, 增强, 骄傲\nvt. 使膨胀, 使增大, 使上涨, 使骄傲",,gk cet4 cet6 ky toefl ielts gre,5534,4867
swift,swift,"n. 褐雨燕, 快速爬行的小蜥蜴, 蝙蝠蛾, 大滚筒\na. 迅速的, 快的, 敏捷的, 立刻的\nadv. 迅速地, 敏捷地",,gk cet4 cet6 ky toefl ielts gre,5978,6627
swing,swiŋ,"n. 摇摆, 振幅, 音律, 节奏, 涨落, 秋千, 旋转, 行动自由\nvi. 摇摆, 悬挂, 旋转, 大摇大摆地走, 转向\nvt. 挥舞, 使旋转, 使转向, 悬挂, 吊运\na. 旋转的, 悬挂的, 强节奏爵士音乐的",,zk gk cet4 cet6 ky toefl ielts gre,2479,2453
Swiss,swis,"n. 瑞士人, 瑞士腔调\na. 瑞士的, 瑞士风格的",,gk cet4 cet6,41007,5727
switch,switʃ,"n. 开关, 电闸, 转换, 软枝, 鞭子, 道岔\nvt. 转变, 切换, 摆动, 转换, 使转轨\nvi. 转换, 变换, 摆动\n[计] 开关; 翻转; 转移",,gk cet4 cet6 ky toefl ielts,1952,2604
sword,sɒ:d,"n. 刀, 剑, 战争, 武力, 剑状物",,gk cet4 cet6 ky,3675,4105
symbol,'simbl,"n. 符号, 象征, 代号, 信条\n[计] 符号; 码元",,zk gk cet4 cet6 ky toefl,2635,2340
sympathetic,.simpә'θetik,"a. 有同情心的, 合意的, 赞成的\nn. 交感神经, 容易感受的人",,cet4 cet6 ky toefl ielts,4279,5209
sympathize,'simpәθaiz,"vi. 同情, 怜悯, 同意, 体谅",,cet4 cet6 ky toefl,14925,11121
sympathy,'simpәθi,"n. 同情, 赞同, 怜悯, 慰问, 吊唁\n[医] 交感[作用], 同感[作用], 感应, 同情",,gk cet4 cet6 ky toefl,3089,4270
synthetic,sin'θetik,"n. 合成物质\na. 综合(性)的, 人造的, 合成的",,cet4 cet6 ky toefl ielts,6608,6824
system,'sistәm,"n. 系统, 体系, 制度, 方式, 秩序, 分类原则\n[计] 系统; 体制; 体系",,gk cet4 cet6 ky toefl ielts,136,191
systematic,.sisti'mætik,"a. 有系统的, 分类上的, 体系的\n[医] 系统的, 系的, 分类的",,gk cet4 cet6 ky toefl ielts,4045,5408
systematical,",sisti'mætikәl","a. 有系统的, 成体系的, 有秩序的, 有组织的, 分类学的, 故意的, 彻底的",,cet4,0,0
tablet,'tæblit,"n. 平板, 门牌, 笔记簿, 碑, 匾, 药片\n[化] 片剂",,cet4 cet6 ky ielts,4781,7864
tag,tæg,"n. 标签, 附属物, 碎片, 结束语, 口头禅, 附加语, 浑名, 标记, 标记符\nvt. 附以签条, 尾随, 添饰, 起浑名, 连接\nvi. 紧紧跟随\n[计] 标记",,cet4 cet6 ky toefl ielts gre,6424,4442
tail,teil,"n. 尾部, 后部, 辫子, 随员, 特务, 燕尾服, 踪迹, 限定继承(权)\na. 在后面的, 从后面而来的, 限定继承的, 尾部的, 后部的\nvt. 为...装尾, 附于其后, 尾随, 使搭牢, 跟踪, 监视\nvi. 跟踪, 船尾搁浅",,zk gk cet4 cet6 ky toefl,2604,2985
tailor,'teilә,"n. 裁缝, 成衣匠\nvt. 缝制, 制作, 使适应\nvi. 做裁缝",,gk cet4 cet6 ky toefl,8827,7806
tale,teil,"n. 故事, 谎言, 谣言, 陈述, 叙述\n[法] 虚语, 诽语, 谣言",,zk gk cet4 cet6 ky toefl,2493,2239
talent,'tælәnt,"n. 天才, 才能, 有才干的人, 天资",,gk cet4 cet6 ky toefl,2694,2030
tame,teim,"a. 驯服的, 柔顺的, 被开垦的, 顺从的, 乏味的, 平淡的\nvt. 驯养, 驯服, 制服, 失去锋芒\nvi. 变得驯服",,cet4 cet6 ky toefl ielts gre,11503,10816
tan,tæn,"n. 黄褐色, 鞣料, 马戏团\na. 黄褐色的, 鞣皮的\nvi. 晒成棕褐色\nvt. 把...晒黑, 鞣(革), 狠狠鞭打",,cet4 cet6 ky toefl gre,8861,9634
tank,tæŋk,"n. 槽, 箱, 柜, 罐, 池塘, 储水池, 坦克\nvt. 储于箱中",,gk cet4 cet6 ky toefl,1897,1874
tap,'tæp,"n. 轻打, 水龙头\nvt. 轻打, 轻敲, 敲打出, 选择, 装上嘴子, 使流出, 开发, 分接, 向...乞讨\nvi. 轻叩, 轻拍, 啪塔啪塔地走\n[计] 接头",,gk cet4 cet6 ky toefl ielts,3299,2843
tape,teip,"n. 带子, 录音带, 磁带, 窄带, 卷尺\nvt. 以带子绑起, 测量, 录音\n[计] 带",,zk gk cet4 cet6 ky toefl ielts,1561,1490
target,'tɑ:git,"n. 目标, 靶子, 指标\nvt. 对准, 订指标",,gk cet4 cet6 ky toefl ielts,1095,1281
task,tɑ:sk,"n. 工作, 任务, 作业, 困难的工作\nvt. 派给...工作, 使辛劳\n[计] 任务",,zk gk cet4 cet6 ky,779,1047
taste,teist,"n. 味道, 品味, 味觉, 感受, 体验, 爱好, 审美, 少量\nvt. 尝, 察觉...的味道, 体会\nvi. 品尝, 察觉味道, 有某种味道",,zk gk cet4 cet6 ky toefl,2077,2031
tax,tæks,"n. 税, 税款, 重负, 会费\nvt. 课以税, 使负重荷, 斥责",,gk cet4 cet6 ky toefl,545,509
teaching,'ti:tʃiŋ,"n. 教学, 学说, 教导",,cet4 cet6 ielts,1589,1638
team,ti:m,"n. 队, 组\nvt. 把马(牛)套在同一辆车上, 把...编成一组\nvi. 驾驶卡车, 协作",,zk gk cet4 cet6 ky toefl ielts,427,307
tear,tiә. tєә,"n. 泪滴, 眼泪, 撕, 扯, 裂缝, 激怒, 飞奔\nvi. 流泪, 撕破, 赶快, 飞奔, 被撕破\nvt. 撕裂, 戳破, 拉掉, 撕掉, 使分裂, 使精神不安, 折磨",,gk cet4 cet6 ky toefl ielts gre,1861,1905
technical,'teknikl,"a. 技术上的, 专门的, 工业的, 严格根据法律的\n[化] 技巧",,gk cet4 cet6 ky toefl ielts,1394,2064
technician,tek'niʃәn,n. 技师\n[化] 技师,,cet4 cet6 ky ielts,6423,4831
technique,tek'ni:k,"n. 技巧, 技术, 方法\n[化] 工艺方法; 技巧",,gk cet4 cet6 ky ielts,949,1335
technology,tek'nɒlәdʒi,"n. 技术, 工业技术, 术语\n[医] 技术学, 工艺学",,zk gk cet4 cet6 ky ielts,756,585
tedious,'ti:diәs,"a. 沉闷的, 冗长乏味的",,cet4 cet6 ky toefl ielts gre,8426,10501
teenager,'ti:nidʒә,n. 十三岁到十九岁的少年,,gk cet4 cet6 ky,3812,2440
telegram,'teli^ræm,"n. 电报, 一封电报\n[计] 电报",,gk cet4 cet6 ky,9971,12224
telegraph,'teligrɑ:f,"n. 电报, 电报机\nvi. 打电报\nvt. 打电报给, 电汇, 流露, 显示出要...的样子",,gk cet4 cet6 ky toefl,4974,26182
telescope,'teliskәup,"n. 望远镜\nvi. 叠缩, 嵌进, 缩短\nvt. 使叠缩, 使缩短",,gk cet4 cet6 ky toefl ielts,8217,2759
temper,'tempә,"n. (钢等的)硬度, 脾气, 心情, 中和剂, 倾向, 回火\nvt. 使回火, 锻炼, 调和, 使缓和\nvi. 回火",,cet4 cet6 ky toefl ielts gre,4768,6436
temperature,'temprәtʃә,"n. 温度, 发烧, 热度\n[化] 温度",,zk gk cet4 cet6 ky toefl ielts,1622,1622
temple,templ,"n. 圣堂, 庙宇, 教堂, 礼拜堂, 太阳穴, 鬓角\n[医] 颞颥, 颞部",,gk cet4 cet6 ky toefl ielts,3448,3616
temporary,'tempәrәri,"a. 暂时的, 临时的\nn. 临时工, 临时雇员\n[计] 临时",,gk cet4 cet6 ky toefl ielts,2302,3150
tempt,tempt,"vt. 诱惑, 引诱, 引起...的兴趣, 吸引, 冒...风险",,cet4 cet6 ky toefl,4078,5592
temptation,temp'teiʃәn,"n. 诱惑, 诱惑物\n[法] 诱惑, 诱惑物",,gk cet4 cet6 ky ielts gre,4682,5906
tenant,'tenәnt,"n. 承租人, 房客, 居住者\nvt. 租借\n[计] 占据者",,cet4 cet6 ky toefl gre,2029,5543
tend,tend,"vi. 走向, 有某种的倾向, 易于, 照顾, 注意\nvt. 照料, 护理",,gk cet4 cet6 ky gre,849,1039
tendency,'tendәnsi,"n. 趋向, 倾向\n[医] 趋向, 趋势",,gk cet4 cet6 ky toefl ielts,2377,3040
tender,'tendә,"a. 嫩的, 柔软的, 脆弱的, 温柔的, 亲切的, 未成熟的, 微妙的, 棘手的, 审慎的\nvt. 使变嫩, 提供, 偿还\nvi. 变柔软, 投标\nn. 照料, 看管人, 供应船, 小船, 提出, 偿付, 投标",,cet4 cet6 ky toefl ielts gre,4672,4225
tense,tens,"a. 紧张的, 拉紧的\nv. (使)紧张, (使)拉紧\nn. 时态",,gk cet4 cet6 ky toefl,5962,6263
tension,'tenʃәn,"n. 紧张, 不安, 拉紧, 张力, 压力, 电压\nvt. 拉紧, 使紧张",,gk cet4 ky toefl ielts gre,2092,2186
tent,tent,"n. 帐篷, 帷幕, 住处, 塞条, 塞子\nvi. 住帐蓬, 宿营, 暂时居住\nvt. 用帐篷遮盖, 使住帐篷, 用塞条嵌入",,zk gk cet4 cet6 ky,4158,3071
term,tә:m,"n. 术语, 专有名词, 期限, 学期, 任期, 条件, 价钱, 关系, 地位, 项, 界石\nvt. 称, 呼\n[计] 检索词; 项",,zk gk cet4 cet6 ky toefl ielts,316,626
terminal,'tә:minәl,"n. 终端机, 终点, 末端, 极限, 终点站\na. 终点的, 定期的, 致死的, 结尾的, 末端的, 晚期的\n[计] 终端; 终端设备",,gk cet4 cet6 ky toefl ielts gre,4011,5777
terrible,'terәbl,"a. 可怕的, 令人恐惧的, 极坏的",,zk gk cet4 cet6 ky toefl,1927,1944
terrific,tә'rifik,"a. 非常好的, 极端的, 可怕的",,cet4 cet6 ky toefl ielts,7051,4237
territory,'teritәri,"n. 领土, 领地, 版图, 地区, 活动范围\n[经] (推销员等的)推销区域",,cet4 cet6 ky toefl ielts,2009,2179
terror,'terә,"n. 恐怖, 可怕的人\n[医] 惊吓, 惊悸",,gk cet4 cet6 ky toefl ielts,4120,2732
test,test,"n. 测试, 试验, 化验, 检验, 考验, 甲壳\nvt. 测试, 试验, 化验\nvi. 接受测验, 进行测试",,zk gk cet4 cet6 ky ielts,627,575
textbook,'tekstbuk,n. 教科书,,gk cet4 cet6 ky ielts,6096,4473
textile,'tekstail,"n. 纺织品, 纺织业\na. 织的, 纺织的",,cet4 cet6 ky toefl ielts,4824,5621
theatre,,"n. 戏院, 电影院, 剧场, 全体观众, 戏剧, 戏剧效果, 阶梯式讲堂, 场所",,zk gk cet4 cet6 ielts,1464,0
theme,θi:m,"n. 主题, 话题, 题目",,gk cet4 cet6 ky toefl ielts,1703,1655
theoretical,θiә'retikәl,"a. 理论的, 理论上的, 假设的, 推理的\n[计] 理论的",,gk cet4 cet6 ky toefl ielts gre,2729,3781
theory,'θiәri,"n. 理论, 学说, 原理, 意见, 推测\n[化] 理论",,gk cet4 cet6 ky ielts,596,918
thereby,'ðєәbai,adv. 因此,,cet4 cet6 ky toefl ielts,2910,3891
therefore,'ðєәfɒ:,"adv. 因此, 所以",,gk cet4 cet6 ky toefl,408,1161
thermometer,θә'mɒmitә,"n. 温度计, 体温计\n[化] 温度计",,cet4 cet6 ky toefl ielts,15038,9651
thick,θik,"a. 厚的, 粗壮的, 浓的, 迟钝的, 浑浊的, 多雾的, 过分的, 口齿不清的\nadv. 厚地, 密地, 浓浓地\nn. 最浓处, 最厚处, 最密集处\n[计] 暗, 粗线",,zk gk cet4 cet6 ky,1806,1721
thickness,'θiknis,"n. 厚度, 密度, 愚钝, 含混不清\n[医] 厚度",,cet4 cet6 toefl,6490,8553
thief,θi:f,"n. 小偷, 贼\n[化] 取样",,gk cet4 cet6 ky ielts,3965,5007
thirdly,'θә:dli,adv. 第三,,cet4 cet6,6571,19412
thirst,θә:st,"n. 口渴, 渴望\nvi. 口渴, 渴望",,gk cet4 cet6 ky ielts,11770,10813
thorn,θɒ:n,"n. 刺, 棘, 荆棘",,cet4 cet6 ky toefl ielts gre,9881,11159
thorough,'θʌrә,"a. 十分的, 彻底的",,gk cet4 cet6 ky toefl ielts,5257,5852
thought,θɒ:t,"n. 想法, 思想, 思维, 关心, 挂念\nthink的过去式和过去分词",,zk gk cet4 cet6 ky toefl ielts,710,760
thoughtful,'θɒ:tful,"a. 深思的, 体贴的",,cet4 cet6 ky toefl ielts,7655,5674
thread,θred,"n. 线, 丝, 纤维, 线索\nvt. 穿线于, 穿过, 通过, 用线穿成\nvi. 穿过\n[计] 线索, 线程",,zk gk cet4 cet6 ky toefl gre,5022,4714
threat,θret,"n. 恐吓, 恶兆, 威胁\n[经] 威胁",,cet4 cet6 ky toefl gre,1363,1066
threaten,'θretn,"vt. 恐吓, 威胁, 预示...的凶兆\nvi. 威胁, 恫吓, 可能来临",,cet4 cet6 ky toefl,1390,1395
thrill,θril,"n. 震颤, 激动, 刺激性, 一阵激动\nvi. 震颤, 颤抖, 激动\nvt. 使激动, 使颤动",,gk cet4 cet6 ky ielts,7773,5858
thrive,θraiv,"vi. 繁荣, 兴旺, 茁壮成长\n[经] 兴旺, 繁荣, 旺盛",,cet4 cet6 ky toefl ielts gre,6403,4628
throat,θrәut,"n. 咽喉, 喉咙, 嗓音\nvt. 用喉音说, 开沟于",,gk cet4 cet6 ky ielts,2449,2454
throne,'θrәun,"n. 王座, 君主",,cet4 cet6 ky gre,4691,7253
throng,θrɒ:ŋ,"n. 群, 人群, 群集, 众多\na. 拥挤的\nvi. 群集, 蜂拥\nvt. 在...群集, 使拥塞",,cet4 cet6 toefl ielts gre,14863,11014
throughout,θru:'aut,"adv. 到处, 贯穿全部地, 自始至终\nprep. 遍及, 在各处\n[计] 吞吐量",,gk cet4 cet6 ky ielts,859,983
thrust,θrʌst,"n. 插, 戳, 刺, 猛推, 口头攻击, 推力\nvt. 插入, 猛推, 刺, 戳, 强加, 延伸\nvi. 插, 刺, 戳, 延伸, (用力)推",,cet4 cet6 ky toefl ielts gre,4582,5904
thumb,θʌm,"n. 拇指\nvt. 以拇指拨弄, 笨拙地摆弄, 用拇指翻旧, 迅速翻阅, 作搭车手势",,cet4 cet6 ky toefl ielts,4504,3748
thunder,'θʌndә,"n. 雷, 雷声\nvi. 打雷, 轰隆地响, 怒喝\nvt. 大声喊出, 轰隆地发出",,gk cet4 cet6 ky toefl ielts,6539,8090
thus,ðʌs,"adv. 如此, 因此, 到如此程度\n[医] 乳香",,gk cet4 cet6 ky,479,744
tick,tik,"n. 滴答声, 一瞬间, 壁虱, 褥套, 信用, 赊欠\nvi. 滴答响, 活动\nvt. 滴答地记录, 标记号于",,gk cet4 cet6 ky ielts,5977,7358
tide,taid,"n. 潮, 潮汐, 趋势, 潮流, 涨潮, 高潮\nvt. 使随潮漂流\nvi. 顺潮行驶",,cet4 cet6 ky toefl ielts,3284,4010
tidy,'taidi,"n. 椅子的背罩, 装杂物的容器\na. 整齐的, 有条理的\nvt. 弄整齐, 收拾, 整理\nvi. 整理, 收拾",,zk gk cet4 cet6 ky ielts gre,6376,9867
tie,tai,"n. 带子, 线, 鞋带, 领带, 领结, 关系, 束缚, 平局, 不分胜负\nvt. 系, 打结, 扎, 约束, 与...成平局\nvi. 结合, 打结, 不分胜负",,zk gk cet4 cet6 ky,2118,1501
tiger,'taigә,"n. 老虎, 虎, 凶暴的人",,zk gk cet4 cet6 ky,4773,5908
tight,tait,"a. 紧的, 密封的, 吝啬的, 严厉的\nadv. 紧紧地",,gk cet4 cet6 ky toefl,2805,2741
timber,'timbә,"n. 木材, 木料\nvt. 用木材建造",,cet4 cet6 ky toefl ielts gre,2972,4896
timetable,'taimteibl,n. 时间表,,gk cet4 cet6 ielts,4536,8819
timid,'timid,"a. 胆小的, 羞怯的",,cet4 cet6 ky toefl gre,11482,11301
tin,tin,"n. 锡, 马口铁, 罐头\nvt. 在...镀锡于\na. 锡制的\n[计] tin阅读程序",,gk cet4 cet6 ky toefl,2956,5424
tiny,'taini,"a. 很少的, 微小的",,zk gk cet4 cet6 ky toefl,1666,1313
tip,tip,"n. 顶, 尖端, 梢, 末端, 倾斜, 垃圾场, 小费, 轻击, 指点, 秘密消息\nvt. 装顶端, 使倾斜, 使翻倒, 泄露, 告诫, 暗示, 给...小费, 轻击\nvi. 倾斜, 翻倒, 倾覆, 踮脚走, 给小费\n[计] 终端接口处理器, 提示, 技巧",,gk cet4 cet6 ky toefl,2631,1928
tire,taiә,"n. 轮胎, 头饰\nvt. 使疲倦, 使厌烦, 打扮\nvi. 疲劳, 厌倦",,gk cet4 cet6 ky toefl gre,11152,2850
tissue,'tiʃu:,"n. 薄的织物, 薄纱, 棉纸, 组织, 一套\n[化] 组织",,gk cet4 cet6 ky toefl ielts gre,2784,2688
title,'taitl,"n. 头衔, 名称, 标题, 书名, 扉页, 权利, 资格, 冠军, 字幕\nvt. 授予头衔, 加标题于\n[计] 标题",,gk cet4 cet6 ky toefl ielts,855,1323
toast,tәust,"n. 吐司, 烤面包, 干杯\nvt. 敬酒, 烤, 使暖和\nvi. 烤, 烘",,gk cet4 cet6 ky ielts,5754,6163
tobacco,tә'bækәu,"n. 烟草, 香烟\n[医] 烟草",,gk cet4 cet6 ky toefl,4278,3010
toe,tәu,"n. 足趾, 趾部, 脚趾\nvt. 以趾踏触, 用脚尖走\nvi. 动脚尖",,cet4 cet6 ky toefl,3995,3360
toilet,'tɒilit,"n. 厕所, 梳妆\nvi. 梳妆, 打扮, 上厕所\nvt. 给...梳妆打扮",,zk gk cet4 cet6 ky,3550,3983
tolerance,'tɒlәrәns,"n. 宽容, 忍受, 容忍, 容许量, 公差\n[计] 允许误差",,cet4 cet6 ky toefl ielts gre,6381,4670
tolerate,'tɒlәreit,"vt. 宽容, 容许, 有耐力",,gk cet4 cet6 ky toefl,4959,4319
tomato,tә'mɑ:tәu,"n. 番茄, 西红柿",,zk gk cet4 cet6 ky toefl,4402,2400
tomb,tu:m,"n. 坟墓, 死亡\nvt. 埋葬",,gk cet4 cet6 ky,6130,6183
ton,tʌn,n. 吨\n[经] 吨,,zk gk cet4 cet6 ky,3936,0
tone,tәun,"n. 音调, 音质, 语调, 语气, 色调, 气氛, 状况, 思想状态\nvt. 给...定色调, 增强, 使...的声调和谐, 定音调\nvi. 颜色调和\n[计] 双音频",,cet4 cet6 ky,1813,1995
tongue,tʌŋ,"n. 舌, 语言能力, 讲话方式, 语言\nvt. 舔, 斥责, 发...的音\nvi. 使用舌头, 吹管乐器",,zk gk cet4 cet6 ky toefl ielts,2831,2871
tool,tu:l,"n. 工具, 机床, 傀儡\nvt. 用工具加工\nvi. 使用工具",,zk gk cet4 cet6 ky,1739,1291
top,tɒp,"n. 顶部, 顶端, 极点, 上面, 上部, 顶篷, 最高地位, 首位, 陀螺\na. 最高的, 顶上的, 头等的\nvt. 盖, 加以顶, 高达, 超越\nvi. 结束, 达到顶点, 高出\n[计] TOP协议",,zk gk cet4 cet6 ky ielts,776,678
topic,'tɒpik,"n. 主题, 论题, 话题",,gk cet4 cet6 ky toefl ielts,2051,1860
torch,tɒ:tʃ,"n. 火把, 启发之物\n[化] 火炬",,cet4 cet6 ky ielts,5151,7182
torrent,'tɒ:rәnt,"n. 奔流, 倾盆大雨, 倾注, 迸发",,cet4 cet6 ky toefl ielts gre,11348,11727
tortoise,'tɒ:tәs,"n. 龟, 行动迟缓的人",,gk cet4 cet6,12178,13299
torture,'tɒ:tʃә,"n. 拷问, 苦闷\nvt. 拷问, 曲解, 折磨, 使弯曲",,cet4 cet6 ky ielts gre,7091,5272
toss,tɒs,"n. 投掷, 抛, 摇摆, 震荡, 掷钱币决定\nvt. 投掷, 猛抬, 摇荡, 使不安, 掷钱币决定\nvi. 被到处扔, 摇摆, 颠簸, 辗转, 掷钱币决定某事",,cet4 cet6 ky ielts gre,4799,2396
total,'tәutl,"a. 全体的, 总的, 全然的\nvt. 计算...的总和, 共计为\nvi. 合计\nn. 总数, 全体, 合计\nadv. 统统",,zk gk cet4 cet6 ky ielts,831,1038
touch,tʌtʃ,"n. 触觉, 碰, 触, 机灵, 轻触, 格调, 少许, 缺点, 弹力\nvt. 接触, 触摸, 触及, 使接触, 达到, 涉及, 影响到, 使轻度受害, 感动\nvi. 触摸, 接近, 涉及, 提到",,zk gk cet4 cet6 ky toefl,1372,1166
tough,tʌf,"n. 恶棍\na. 强硬的, 艰苦的, 坚固的, 坚韧的, 粗暴的, 咬不动的",,gk cet4 cet6 ky toefl ielts,2160,1012
tour,tuә,"n. 旅游, 观光旅行, 任期\nvi. 旅行, 周游, 巡回\nvt. 周游, 观光, 游历, 使巡回演出",,zk gk cet4 cet6 ky ielts,1420,1474
toward,tә'wɒ:d,"prep. 向, 对于, 为了\na. 即将来临的, 进行中的",,zk gk cet4 ky,4712,384
towards,tә'wɔ:dz,"prep. 向, 对于, 为了",,cet4 cet6,317,2004
towel,'tauәl,"n. 手巾, 毛巾\nv. 擦干身子",,zk gk cet4 cet6 ky toefl ielts,4814,3682
tower,'tauә,"n. 塔, 高楼, 堡垒\nvi. 高耸, 翱翔",,zk gk cet4 cet6 ky toefl ielts,2131,2412
toy,tɒi,"n. 玩具, 小玩艺儿, 小型的东西, 消遣\na. 供玩耍的, 作为玩具的\nvi. 玩弄, 戏弄, 调情",,zk gk cet4 cet6 ky gre,3412,2418
trace,treis,"n. 痕迹, 踪迹, 微量, 迹线, 缰绳\nvt. 追踪, 回溯, 描绘\nvi. 追溯, 沿路走",,cet4 cet6 ky toefl ielts,2868,3020
track,træk,"n. 轨迹, 足迹, 径迹, 小道, 轨道, 磁轨, 途径\nvt. 循路而行, 追踪, 通过, 用纤拉\nvi. 追踪, 留下足迹, 沿轨道运行\n[计] 跟踪",,gk cet4 cet6 ky toefl ielts gre,1268,1143
tractor,'træktә,"n. 牵引器, 拖拉机, 拉纸器\n[计] 进纸器",,gk cet4 cet6 ky toefl ielts,7015,6548
trade,treid,"n. 贸易, 商业, 交易, 生意, 职业, 顾客, 信风\nvi. 进行交易, 做买卖, 经商, 对换, 购物\nvt. 用...进行交换",,zk gk cet4 cet6 ky ielts,485,800
tradition,trә'diʃәn,"n. 传说, 传统, 交付\n[法] 传统, 惯例, 移交",,gk cet4 cet6 ky,1417,1243
traditional,trә'diʃәnl,"a. 传统的, 惯例的\n[经] 传统的, 惯例的",,zk gk cet4 cet6 ielts,1006,925
traffic,'træfik,"n. 交通, 通行, 运输, 交通量, 贸易, 交易, 交往, 通信量\nvi. 交易, 做买卖\nvt. 用...作交换\n[计] 通信量, 传输量",,zk gk cet4 cet6 ky toefl ielts,1423,1712
tragedy,'trædʒidi,"n. 悲剧, 惨案, 悲剧作品\n[法] 惨事, 灾难, 不辛",,cet4 cet6 ky toefl ielts gre,3508,2883
trail,treil,"n. 踪迹, 痕迹, 一串, 尾部, 小径, 持枪姿势\nvt. 拖, 尾随, 追踪, 落后于, 开出路\nvi. 拖曳, 垂下, 落后, 飘出, 蔓生",,cet4 cet6 ky toefl ielts,4331,1646
training,'treiniŋ,"n. 训练, 培养\n[医] 训练",,zk gk cet4 cet6 ky ielts,516,796
traitor,'treitә,"n. 叛逆者, 叛国者\n[法] 叛徒, 叛逆, 背信者",,cet4 cet6 ky toefl ielts gre,10023,9963
tram,træm,"n. 电车轨道, 煤车, 纬纱, 纬丝\nvt. 用煤车运载\nvi. 乘电车",,gk cet4 cet6 ky,6704,14885
tramp,træmp,"n. 坚实(或沉重)的脚步声, 流浪者\nvi. 践踏, 重步行走, 步行, 流浪\nvt. 走过, 踩",,cet4 cet6 ky ielts gre,8896,16137
transfer,træns'fә:,"n. 迁移, 移动, 传递, 转让, 转移, 过户, 汇兑, 换车\nvt. 使转移, 调转, 调任, 改变, 传递, 转让\nvi. 转移, 转学, 转职, 换车\n[计] 传送",,cet4 cet6 ky toefl ielts gre,1593,2315
transform,træns'fɒ:m,"vt. 使转换, 改变, 改造, 使...变形\nvi. 改变, 转化, 变换\n[计] 变换",,gk cet4 cet6 ky toefl ielts,2693,2185
transformation,.trænsfә'meiʃәn,"n. 变形, 变质, 变化, 改革, 变换\n[化] 转化; 变换",,cet4 cet6 toefl,3415,3290
transformer,træns'fɒ:mә,"n. 变压器, 促使变化的人\n[化] 变压器",,cet4 cet6,13088,17547
transistor,træn'zistә,n. 晶体管\n[化] 晶体管,,cet4 cet6 ky ielts,10735,13031
translate,træns'leit,"vt. 翻译, 解释, 转化, 转变为, 调动\nvi. 翻译, 被译\n[计] 转换",,zk gk cet4 cet6 ky,3281,2729
translation,træns'leiʃәn,"n. 翻译, 译文, 转化, 调任, 平移, 转译\n[计] 转换",,gk cet4 cet6 ky toefl,3982,4290
transmission,træns'miʃәn,"n. 传输, 传送, 变速器\n[计] 传输",,cet4 cet6 ky toefl ielts,4198,3665
transmit,træns'mit,"vt. 传输, 传染, 传达, 遗传, 发射, 传播\nvi. 发射信号, 留传下来\n[计] 传送",,cet4 cet6 ky toefl gre,4532,4836
transparent,træns'pærәnt,"a. 透明的, 显然的, 清晰的\n[计] 透明",,gk cet4 cet6 ky toefl ielts gre,6902,5884
transplant,træns'plɑ:nt,"vt. 使移居, 移植, 使迁移\nvi. 移居, 耐移植\nn. 移居者, 移植",,cet4 cet6 ky toefl ielts,8061,5386
transport,træns'pɒ:t,"n. 运输, 运输工具, 激动, 狂喜, 流放犯\nvt. 传送, 运输, 流放\n[计] 传送",,gk cet4 cet6 ky ielts gre,1202,4640
transportation,.trænspә'teiʃәn,"n. 运输, 输送, 交通车辆\n[经] 运转, 运输, 运输费",,cet4 cet6 ielts,7832,2374
trap,træp,"n. 圈套, 陷阱, 诡计, 存水弯\nvi. 设圈套, 设陷阱\nvt. 诱捕, 诱骗, 抓住, 使受限制\n[计] 俘获; 陷井",,gk cet4 cet6 ky toefl ielts,3373,3538
tray,trei,"n. 托盘, 公文盘, 满盘, 发射箱\n[化] 淋盘",,cet4 cet6 ky toefl,3885,4469
treason,'tri:zn,"n. 叛逆, 不忠, 叛国罪\n[法] 叛逆, 通敌, 叛国罪",,cet4 cet6 ky toefl gre,10299,12926
treasure,'treʒә,"n. 宝物, 财富\nvt. 珍爱, 重视, 秘藏",,zk gk cet4 cet6 ky toefl,4538,4074
treat,tri:t,"n. 宴请, 款待\nvt. 视为, 对待, 论述, 治疗, 款待\nvi. 讨论, 谈判, 作东",,gk cet4 cet6 ky toefl,856,960
treatment,'tri:tmәnt,"n. 治疗, 待遇, 处理\n[医] 疗法, 治疗; 处理",,zk gk cet4 cet6 toefl ielts,766,745
treaty,'tri:ti,"n. 条约, 谈判\n[经] 协议, 协定, 协商",,cet4 cet6 ky ielts gre,1659,2836
tremble,'trembl,"n. 战栗, 颤抖\nvi. 战栗, 忧虑, 摇晃",,gk cet4 cet6 ky toefl ielts,4432,5233
tremendous,tri'mendәs,"a. 巨大的, 非常的, 可怕的",,cet4 cet6 ky toefl ielts gre,3501,2768
trend,trend,"n. 趋势, 倾向, 走向\nvi. 倾向, 转向\n[计] 趋势",,gk cet4 cet6 ky toefl ielts gre,1949,1697
trial,'traiәl,"n. 审判, 试验, 艰苦, 麻烦事, 考验\na. 审讯的, 试验性的",,gk cet4 cet6 ky toefl ielts,1166,898
triangle,'traiæŋgl,"n. 三角形, 三个一组, 三角关系\n[医] 三角, 三角形",,gk cet4 cet6 ky toefl ielts,5296,5605
tribe,traib,"n. 宗族, 部落, 一群人\n[医] 族(生物分类)",,cet4 cet6 ky toefl ielts,4602,2948
trick,trik,"n. 诡计, 欺诈, 谋略, 恶作剧, 习惯, 决窍\nvt. 愚弄, 欺骗, 装饰\nvi. 哄骗, 戏弄\na. 有决窍的, 特技的, 欺诈的, 漂亮的, 靠不住的",,gk cet4 cet6 ky toefl ielts,3180,3068
trifle,'traifl,"n. 琐事, 少量\nvt. 浪费\nvi. 开玩笑, 翻弄, 虚度光阴",,cet4 cet6 ky ielts gre,11802,16426
trim,trim,"n. 整齐, 情形, 修剪\na. 整齐的\nvt. 使整齐, 整理, 修剪\nvi. 调整, 见风使舵\n[计] 库存管理检查规则程序",,cet4 cet6 ky toefl ielts gre,5969,4920
triumph,'traiәmf,"n. 凯旋, 胜利, 欢欣\nvi. 得胜, 成功",,cet4 cet6 ky toefl ielts gre,3546,4638
troop,tru:p,"n. 军队, 一群, 一队\nvi. 群集, 结队, 成群而行",,gk cet4 cet6 ky toefl,1740,1137
tropical,'trɒpikl,"a. 热带的, 热情的\n[医] 热带的",,cet4 cet6 ky toefl,3874,4182
troublesome,'trʌblsәm,"a. 麻烦的, 令人讨厌的",,gk cet4 cet6 ky toefl,9603,9839
trousers,'trauzәz,"pl. 裤子, 长裤",,zk gk cet4 cet6 ky ielts,2969,7124
truck,trʌk,"n. 卡车, 货车, 对...进行交易, 来往, 实物工资, (供应市场的)蔬菜, 废物, 废话\nvt. 对...进行交易, 交往, 以卡车运输\nvi. 驾驶卡车, 以物易物",,zk gk cet4 cet6 ky,3631,1237
truly,'tru:li,"adv. 真实地, 不假",,gk cet4 cet6,2576,1719
trumpet,'trʌmpit,"n. 喇叭, 小号, 喇叭声\nvi. 吹喇叭\nvt. 用喇叭吹出, 吹嘘",,cet4 cet6 ky toefl ielts gre,8849,8936
trunk,trʌŋk,"n. 树干, 干线, 躯干, 主干, 象鼻, 箱子\nvt. 把...放入旅行箱内\na. 树干的, 躯干的, 干线的, 箱形的\n[计] 中继线; 母线",,gk cet4 cet6 ky toefl ielts gre,4993,3533
trust,trʌst,"n. 信任, 信赖, 相信, 受托, 职责, 信心, 托拉斯\na. 信托的, 托拉斯的\nvt. 信赖, 信任, 相信, 盼望, 赊卖给\nvi. 相信, 信赖, 依靠\n[计] 委托, 信任",,zk gk cet4 cet6 ky,1160,1841
truth,tru:θ,"n. 事实, 实情\n[法] 真实, 真相, 事实",,zk gk cet4 cet6 ky toefl,1152,850
tub,tʌb,"n. 桶, 浴盆\nvt. 装入桶, 洗澡\nvi. 洗盆浴, 被放在桶里洗",,cet4 cet6 ky toefl,8657,5418
tube,tju:b,"n. 管, 软管, 隧道\nvt. 把...装管, 使通过管子\n[计] 管子",,gk cet4 cet6 ky toefl ielts,2688,2520
tuck,tʌk,"n. 缝褶, 活力, 鼓声, 船尾突出部, 食品\nvt. 打褶, 卷起, 挤进, 塞, 收藏\nvi. 缝褶裥, 缩拢",,cet4 cet6 ky ielts,4336,4115
tuition,tju:'iʃәn,"n. 学费, 讲授",,cet4 cet6 ky toefl ielts,8818,5817
tumble,tʌmbl,"n. 跌倒, 摔跤, 翻斤斗\nvi. 翻倒, 摔倒, 倒塌, 滚动, 翻斤斗, 仓促地行动\nvt. 使摔倒, 使滚翻, 弄乱",,cet4 cet6 ky toefl ielts,6023,5472
tune,tju:n,"n. 歌曲, 主旋律, 心情, 声调, 和谐, 一致, 语调, 程度\nvt. 为...调音, 调整, 调谐, 使一致\nvi. 协调, 调谐",,gk cet4 cet6 ky toefl ielts,3770,3646
tunnel,'tʌnl,"n. 隧道, 地下道\nvi. 挖隧道\nvt. 掘隧道于",,cet4 cet6 ky toefl ielts,2770,3355
turbine,'tә:bain,n. 涡轮机\n[化] 涡轮机,,cet4 cet6 ky,10576,7278
turbulent,'tә:bjulәnt,"a. 狂暴的, 骚乱的, 紊乱的",,cet4 cet6 ky toefl ielts gre,8716,9806
turkey,'tә:ki,"n. 火鸡, 无用的家伙, 土耳其",,gk cet4 cet6 ky,4180,3292
turning,'tә:niŋ,"n. 旋转, 转弯处, 车削工作\n[化] 车削",,cet4 cet6 ielts,6345,6215
turnip,'tә:nip,"n. 芜菁, 芜菁甘蓝\n[医] 芜菁, 萝卜",,cet4 cet6,19263,15232
tutor,'tju:tә,"n. 家庭教师, 导师, 助教, 监护人\nvt. 当...的教师, 教, 指导, 约束, 克制\nvi. 当家庭教师, 受家庭教师的指导",,gk cet4 cet6 ky toefl ielts gre,3839,9093
twin,twin,"n. 双胞胎中一人, 一对非常相像的人(或物)中的一个\na. 双胞胎的, 成对的, 孪生的\nvi. 生双胞胎, 成对\nvt. 怀(双胞胎), 使成对",,gk cet4 cet6 ky,2884,2376
twinkle,'twiŋkl,"n. 闪烁, 闪耀, 瞬息\nvi. 闪烁\nvt. 使闪耀",,cet4 cet6 ky ielts,12893,12769
twist,twist,"n. 一扭, 扭曲, 曲折, 歪曲, 螺旋状, 新手法\nvt. 拧, 扭, 捻, 编织, 使扭转, 缠绕, 盘绕, 歪曲, 使转动, 使苦恼, 使混乱, 使旋转\nvi. 转向, 弯曲, 缠绕, 扭动, 呈螺旋形",,gk cet4 cet6 ky toefl ielts,3673,3759
type,taip,"n. 类型, 样式, 典型, 榜样, 标志, 符号, 型, 式\nvi. 打字\nvt. 作为代表, 测定类型, 用打字机打\n[计] 类型; 键入; DOS内部命令:在屏幕上显示指定文件的内容",,gk cet4 cet6 ky ielts,356,590
typewriter,'taip.raitә,n. 打字机,,gk cet4 cet6 ky,7660,9870
typhoon,tai'fu:n,n. 台风,,gk cet4 cet6 ky ielts gre,25972,21835
typical,'tipikl,"a. 典型的, 象征性的\n[医] 典型的",,gk cet4 cet6 ky toefl ielts,1850,1835
typist,'taipist,n. 打字员,,gk cet4 cet6 ky,14970,22849
tyre,'taiә,n. 轮胎\nvt. 装轮胎于,,gk cet4 cet6 ielts,4491,0
ugly,'ʌgli,"a. 丑陋的, 邪恶的, 险恶的, 不祥的\nn. 丑陋的人(或物)",,zk gk cet4 cet6 ky ielts gre,4485,3262
ultimate,'ʌltimit,"n. 终极, 根本, 顶点, 基本原则\na. 终极的, 根本的, 极限的, 最远的, 最后的, 最大的",,cet4 cet6 ky toefl gre,3002,2601
ultimately,'ʌltimәtli,"adv. 最后, 最终\n[法] 最后, 终究, 总之",,cet4 cet6 ielts,2786,1774
unable,ʌn'eibl,"a. 不能的, 不会的\n[法] 无能力的, 无资格的, 没有办法的",,gk cet4 cet6,1474,2136
unbearable,.ʌn'bєәrәbl,"a. 无法忍受的, 承受不住的",,gk cet4 cet6 toefl,9826,10284
uncertain,.ʌn'sә:tn,"a. 不确定的, 无常的, 不确信的, 不可预测的\n[法] 不确定的, 未定的, 不确信的",,gk cet4 cet6,3532,4291
uncomfortable,.ʌn'kʌmfәtәbl,"a. 不舒服的, 不自在的, 不安的",,gk cet4 cet6 ielts,4465,3640
unconscious,.ʌn'kɒnʃәs,"a. 未意识到的, 无意识的, 无知觉的\n[医] 人事不省的, 神志丧失的; 无意识的",,gk cet4 cet6 toefl ielts gre,5026,5668
uncover,.ʌn'kʌvә,"vt. 揭露, 揭开, 暴露, 脱帽致敬\nvi. 脱帽致敬, 揭去盖子",,cet4 cet6 ky toefl,5584,4432
undergo,.ʌndә'gәu,"vt. 遭受, 经历, 忍受\n[法] 经受, 经历, 忍受",,cet4 cet6 ky toefl ielts,3059,3141
undergraduate,.ʌndә'grædjuit,"n. 大学本科生, 大学肄业生\na. 大学生的",,cet4 cet6 ky toefl ielts,6208,4751
underline,'ʌndәlain,"vt. 在...下面划线, 作...的衬里, 强调\nn. 下划线, 图下说明文字\n[计] 加下划线; 下划线",,gk cet4 cet6 ky ielts,4685,9691
underneath,.ʌndә'ni:θ,adv. 在下面\nprep. 在...的下面,,cet4 cet6 ky toefl ielts,5554,5730
understanding,.ʌndә'stændiŋ,"n. 理解, 谅解\n[法] 协商, 协议, 谅解",,gk cet4 cet6 ky ielts,1260,1298
undertake,.ʌndә'teik,"vt. 试图, 从事, 保证, 承担, 同意, 接受\n[化] 承包; 承担",,gk cet4 cet6 ky toefl ielts,1604,4035
undertaking,.ʌndә'teikiŋ,"n. 事业, 企业, 保证\n[经] 企业, 事业, 承担",,cet4 cet6 toefl,4193,9442
undo,.ʌn'du:,"vt. 解开, 取消, 破坏, 毁灭, 扰乱\nvi. 松开\n[计] 撤消",,gk cet4 cet6 ky toefl ielts,6417,6632
undoubtedly,ʌn'dajtidli,"adv. 无疑, 必定, 确实地",,cet4 cet6 ky toefl ielts,3117,5545
uneasy,.ʌn'i:zi,"a. 心神不安的, 不自在的, 不稳定的, 不舒服的",,cet4 cet6 ky ielts,5589,6528
unexpected,.ʌnik'spektid,"a. 料想不到的, 突然的, 意外的\n[法] 不能预料的, 意外的",,cet4 cet6 ky,3366,3567
unfair,.ʌn'fєә,"a. 不公平的, 不正直的, 不正当的\n[法] 不正直的, 不公平的, 偏颇的",,gk cet4 cet6 toefl ielts,3625,4493
unfortunate,.ʌn'fɒ:tʃәnit,"a. 不幸的, 不合适的, 不吉利的",,gk cet4 cet6,4076,4970
unfortunately,ʌn'fɔ:tjjnәtli,"adv. 恐怕, 不幸的是",,gk cet4 cet6 ky toefl,1910,2016
unhappy,.ʌn'hæpi,"a. 不快乐的, 不幸的, 不适当的",,gk cet4 cet6,3622,4717
uniform,'ju:nifɒ:m,"n. 制服\na. 统一的, 一律的, 始终如一的",,gk cet4 cet6 ky toefl ielts gre,3504,3043
union,'ju:njәn,"n. 联盟, 联合, 结合, 工会\n[化] 联合; 联管节; 活接头",,gk cet4 cet6 ky toefl ielts,467,1658
unique,ju:'ni:k,"a. 独一无二的, 独特的, 稀罕的",,gk cet4 cet6 ky toefl ielts gre,2090,1726
unit,'ju:nit,"n. 单位, 分队, 部队, 单元, 部件, 装置\na. 单位的, 单元的\n[计] 单元常数; 部件",,zk gk cet4 cet6 ky,560,966
unite,ju:'nait,"vi. 联合, 接合, 混合\nvt. 使联合, 统一, 使粘合, 使结合",,gk cet4 cet6 ky,3628,4146
unity,'ju:niti,"n. 一致, 联合, 单一(性), 个体\n[经] 统一",,cet4 cet6 ky toefl,2795,3749
universal,.ju:ni'vә:sl,"a. 全世界的, 普遍的, 宇宙的, 通用的\nn. 一般概念",,gk cet4 cet6 ky toefl ielts,2968,2642
universe,'ju:nivә:s,"n. 宇宙, 星系, (思想等)范围",,gk cet4 cet6 ky toefl,2905,2120
university,.ju:ni'vә:siti,n. 大学,,zk gk cet4 cet6 ky,530,1106
unjust,.ʌn'dʒʌst,"a. 不公平的\n[法] 不公正的人; 不公正的, 不公平的, 不合理的",,cet4 cet6,9703,10866
unkind,.ʌn'kaind,"a. 不仁慈的, 不亲切的",,cet4 cet6,11556,17651
unknown,.ʌn'nәun,"a. 不知道的, 未知的, 陌生的\nn. 未知物, 未知数",,gk cet4 cet6,2087,2825
unless,.ʌn'les,conj. 除非\nprep. 除...之外,,zk gk cet4 cet6 ky toefl,901,1332
unlike,.ʌn'laik,"a. 不像的, 不同的\nprep. 不像, 和...不同",,gk cet4 cet6 ky,2194,2468
unlikely,.ʌn'laikli,a. 不太可能的,,cet4 cet6 ky toefl ielts,1636,2687
unload,.ʌn'lәud,"vi. 卸货\nvt. 从...卸下, 摆脱...之负担, 倾销, 卸(货)\n[计] 卸载",,cet4 cet6 ky toefl,7637,7160
unlucky,.ʌn'lʌki,"a. 不吉利的, 不祥的, 不幸的",,cet4 cet6,8531,13668
unnecessary,.ʌn'nesәsәri,a. 不必要的,,cet4 cet6,3637,5396
unpleasant,.ʌn'pleznt,"a. 使人不愉快的, 使人厌恶的, 煞风景的",,gk cet4 cet6,4722,6472
unsatisfactory,'ʌn.sætis'fæktәri,a. 不令人满意的,,cet4 cet6 toefl,6399,14865
unstable,.ʌn'steibl,a. 不稳定的,,cet4 cet6 toefl,6975,7097
unsuitable,.ʌn'sju:tәbl,"a. 不适合的\n[法] 不适合的, 不适当的",,cet4 cet6,6860,16738
unusual,.ʌn'ju:ʒu:l,"a. 不寻常的, 罕见的, 与众不同的",,gk cet4 cet6 ky ielts,2152,2037
unusually,ʌn'ju:ʒәli,"adv. 不寻常地, 异乎寻常地, (非正式)非常",,cet4 cet6,5607,6275
unwilling,.ʌn'wiliŋ,"a. 不愿意的, 勉强的\n[法] 不愿意的, 勉强的, 不服从的",,gk cet4 cet6,5583,6237
up-to-date,'ʌptә'deit,"a. 直到现在的, 最近的, 现代化的\n[化] 最新的",,cet4 cet6 ielts,0,0
upon,ә'pɒn,"prep. 在...之上, 迫近, 紧接着",,zk gk cet4 cet6 ky,405,693
upper,'ʌpә,"a. 上面的, 较高的, 上级的, 上院的, 穿在外面的, 北部的, 地表的, 后期的\nn. 鞋帮, 上齿",,gk cet4 cet6 ky,1743,1955
upright,'ʌprait,"a. 正直的, 诚实的, 公正的, 垂直的, 竖式的\n[化] 立杆",,cet4 cet6 ky toefl ielts gre,6573,7488
upset,ʌp'set,"a. 弄翻的, 混乱的, 心烦的\nvt. 弄翻, 颠覆, 推翻, 打乱, 使不适, 使心烦\nvi. 翻倒",,gk cet4 cet6 ky toefl ielts,3776,3388
upside-down,'ʌpsaid'daun,"a. 颠倒的, 乱七八糟的",,cet4 cet6 toefl,0,0
upstairs,'ʌp'stєәz,"a. 楼上的\nadv. 在楼上, 向楼上, 处于更高地位\nn. 楼层",,zk gk cet4 cet6 ky,3067,4381
uptodate,,"a. 直到现代的, 现时的, 最新式的",,cet4,0,0
upward,'ʌpwәd,a. 向上的\nadv. 以上,,gk cet4 cet6 ky,7607,6144
upwards,'ʌpwәdz,"adv. 以上, 向上",,cet4 cet6,4086,10989
urban,'ә:bәn,"a. 都市的, 住在都市的, 习惯于都市的\n[法] 城市的, 都市的, 市区的",,gk cet4 cet6 ky toefl,1749,1583
urge,ә:dʒ,"n. 冲动, 推动力, 迫切的要求\nvt. 驱策, 力劝, 竭力主张, 推动\nvi. 强烈要求",,gk cet4 cet6 ky toefl,2262,2261
urgent,'ә:dʒәnt,"a. 紧急的, 急迫的, 催逼的\n[经] 紧急的, 急迫的",,gk cet4 cet6 ky toefl gre,3268,5330
usage,'ju:sidʒ,"n. 用法, 使用, 习惯, 惯用法, 习惯法\n[经] 使用情况, 使用用途, 惯例",,cet4 cet6 ky ielts,4767,6347
used,'ju:st,"a. 使用过的, 二手的, 习惯的",,zk cet4 cet6 ky,641,1828
useful,'ju:sful,"a. 有用的, 有益的\n[机] 有用的, 有效的",,zk gk cet4 cet6 ky ielts,986,2026
useless,'ju:slis,"a. 无用的, 无效的, 无益的\n[机] 无用, 无价值, 无效",,gk cet4 cet6 toefl ielts,4667,5657
user,'ju:zә,n. 使用者\n[计] 用户,,gk cet4 cet6,806,1813
usual,'ju:ʒuәl,"a. 平常的, 通常的",,zk gk cet4 cet6 ky ielts,1473,2360
utility,ju:'tiliti,"n. 功用, 有用之物, 实用, 公用事业, 实用程序\na. 实用的, 有多种用途的\n[计] 实用程序, 工具",,cet4 cet6 toefl ielts,4210,2578
utilize,'ju:tilaiz,vt. 利用,,cet4 cet6 ky toefl gre,10147,4264
utmost,'ʌtmәust,"n. 极限, 最大限度, 极度\na. 极度的, 最远的",,cet4 cet6 ky ielts,9464,11755
utter,'ʌtә,"a. 全然的, 绝对的, 完全的\nvt. 发出声音, 做声, 发表, 发射, 流通",,cet4 cet6 ky toefl gre,6129,6873
vacant,'veikәnt,"a. 空的, 空白的, 空虚的, 空闲的, 茫然的, 空缺的\n[法] 空的, 空虚的, 闲暇的",,gk cet4 cet6 ky toefl,6366,6751
vacation,vei'keiʃәn,"n. 假期, 休假\n[法] 假期, 停审期, 休庭期",,zk gk cet4 cet6 ky toefl ielts,9542,2622
vacuum,''vækjuәm,"n. 真空, 空间, 真空吸尘器\na. 真空的, 产生真空的, 利用真空的\nvt. 用吸尘器打扫",,cet4 cet6 ky toefl ielts,5526,4930
vague,veig,"a. 含糊的, 不清楚的, 茫然的",,gk cet4 cet6 ky toefl gre,4265,4885
vain,vein,"a. 无价值的, 徒然的, 空虚的, 自负的, 愚蠢的",,gk cet4 cet6 ky ielts gre,9731,10144
valid,'vælid,"a. 有确实根据的, 有法律效力的, 正当的, 正确的\n[经] 有效的",,gk cet4 cet6 ky toefl,3211,4703
valley,'væli,"n. 山谷, 溪谷, 流域, 凹地\n[医] 谷",,gk cet4 cet6 ky ielts,1795,2793
valuable,'væljuәbl,"a. 有价值的, 贵重的, 宝贵的, 可估价的\n[经] 有价值的, 可估价的, 贵重的",,gk cet4 cet6 ky,2236,2605
value,'vælju:,"n. 价值, 价格, 购买力, 评价, 估价, 计算结果\nvt. 评价, 估价, 重视\n[计] 计算结果",,zk gk cet4 cet6 ky ielts,367,499
van,væn,"n. 货车, 篷车, 先锋, 前驱, 前卫\nvt. 用货车搬运\n[计] 增值网",,cet4 cet6 ky,3028,3115
vanish,'væniʃ,"vi. 消失, 不见, 成为零",,cet4 cet6 ky toefl ielts,4129,3949
vanity,'væniti,"n. 虚荣心, 虚无, 自负, 空虚, 时髦的小摆饰",,cet4 cet6 ky toefl ielts gre,9956,9493
vapour,'veipә,"n. 汽, 蒸气\nvi. 蒸发, 吹牛\nvt. 使蒸发, 使汽化",,cet4 cet6 ky,7949,0
variable,'vєәriәbl,"n. 易变的事物, 变数, 可变物, 变量\na. 可变的, 不定的, 易变的, 变量的\n[计] 变量",,cet4 cet6 ky toefl ielts,2367,1862
variation,.vєәri'eiʃәn,"n. 变更, 变化, 变种, 变奏\n[医] 变异, 变易; 变度",,cet4 cet6 ky toefl ielts,1764,2927
variety,vә'raiәti,"n. 多样, 种类, 变种, 杂耍\n[化] 变种",,gk cet4 cet6 ky toefl ielts,977,1171
various,'vєәriәs,"a. 不同的, 各种的, 多方面的, 许多的, 个别的, 杂色的\n[法] 不同的, 种种的, 各式各样的",,gk cet4 cet6 ky toefl ielts,643,859
vary,'vєәri,"vt. 改变, 使多样化\nvi. 变化, 有不同, 违反",,cet4 cet6 ky toefl ielts,1510,2371
vase,veis,"n. 花瓶, 瓶",,gk cet4 cet6 ky,6555,7044
vast,vɑ:st,"a. 巨大的, 广大的, 非常的, 大量的",,gk cet4 cet6 ky toefl,1936,1965
vehicle,'vi:ikl,"n. 交通工具, 车辆, 传播媒介\n[化] 载体; 运载体; 漆料",,zk gk cet4 cet6 ky toefl ielts gre,1319,1293
veil,veil,"n. 面纱, 面罩, 借口, 幕, 帐, 遮蔽物\nvt. 戴面纱, 隐藏, 遮蔽, 掩饰\nvi. 蒙上面纱",,cet4 cet6 ky toefl ielts gre,7969,7300
velocity,vi'lɒsәti,"n. 速度, 迅速\n[化] 速度",,cet4 cet6 ky toefl ielts gre,5887,6557
velvet,'velvit,n. 天鹅绒\na. 天鹅绒的,,cet4 cet6 ky ielts,6159,6154
venture,'ventʃә,"n. 冒险, 风险\nvt. 敢于, 冒...的危险\nvi. 冒险",,cet4 cet6 ky toefl ielts,2888,3294
verb,vә:b,n. 动词\n[计] 动词,,cet4 cet6 ky,4641,8951
verify,'verifai,"vt. 证明, 查证, 证实, 检验, 校验\n[计] 校验, 检验; DOS内部命令:设定写入磁盘时是否验证写入的正确性",,cet4 cet6 ky toefl gre,7592,5634
version,'vә:ʒәn,"n. 一种描述, 版本, 译文\n[计] 版本",,gk cet4 cet6 ky toefl ielts,953,1130
vertical,'vә:tikl,"a. 垂直的, 直立的\n[医] 垂直的, 顶的, 头顶的",,gk cet4 cet6 ky toefl ielts gre,3857,4448
vessel,'vesl,"n. 船, 容器, 脉管\n[医] 管, 脉管, (容)器",,cet4 cet6 ky toefl ielts gre,2780,2940
vest,vest,"n. 背心, 汗背心\nvt. 使穿衣服, 授予\nvi. 穿衣服, 归属",,gk cet4 cet6 ky,9247,6686
veteran,'vetәrәn,"n. 老手, 退伍军人, 老兵, 老树\na. 老兵的, 老练的, 经验丰富的",,cet4 cet6 ky toefl ielts gre,6394,2389
vex,veks,"vt. 使烦恼, 使苦恼\nvi. 烦恼",,cet4 cet6 toefl ielts gre,19006,17663
via,vaiә,"prep. 经由, 经过, 通过\n[医] 病毒灭活剂",,gk cet4 cet6 ky toefl ielts,2004,2576
vibrate,'vaibreit,"vi. 振动, 颤动, 激动, 摇摆, 踌躇\nvt. 使颤动, 使振动, 使摆动",,cet4 cet6 ky toefl ielts gre,12102,9666
vibration,vai'breiʃәn,"n. 振动, 颤动\n[化] 振动",,cet4 cet6 toefl,6691,7418
vice,vais,"n. 恶习, 恶行, 罪恶, 堕落, 缺陷, 恶癖, 老虎钳\nvt. 钳住\nprep. 代替",,gk cet4 cet6 ky ielts,7210,9910
victim,'viktim,"n. 受害人, 牺牲者, 牺牲品\n[法] 受害人, 被害人, 遭难者",,gk cet4 cet6 ky,1371,1063
victorious,vik'tɔ:riәs,"a. 胜利的, 得胜的, 战胜的",,cet4 cet6 toefl,11407,11574
victory,'viktәri,"n. 胜利, 战胜, 克服",,zk gk cet4 cet6 ky toefl,1514,1463
video,'vidiәu,"n. 影像, 电视\na. 图像的, 电视的",,zk gk cet4 cet6 ky ielts,1271,1109
videotape,,n. 录相磁带\nvt. 把电视节目录在录像磁带上,,cet4 ielts,21882,9894
view,vju:,"n. 视野, 风景, 见解, 视力, 观看, 视图, 指望, 意图, 印象\nvt. 看, 考虑, 视察, 查看, 估量\n[计] 视图",,gk cet4 cet6 ky ielts,311,485
viewpoint,'vju:pɒint,n. 观点,,cet4 cet6 ky,5100,6069
vigorous,'vigәrәs,"a. 精力充沛的, 元气旺盛的, 茁壮的, 有力的",,cet4 cet6 ky toefl ielts gre,5561,6236
vine,vain,"n. 藤本植物, 葡萄, 藤, 蔓\nvi. 形成藤蔓",,cet4 cet6 toefl,6623,5675
vinegar,'vinigә,"n. 醋, 尖酸刻薄\nvt. 加醋于",,gk cet4 cet6 ky toefl,10241,5106
violence,'vaiәlәns,"n. 猛烈, 暴力, 暴虐, 暴行\n[法] 暴行, 暴力, 暴乱",,gk cet4 cet6 ky toefl,1677,1037
violent,'vaiәlәnt,"a. 暴力的, 猛烈的, 激烈的, 极端的, 凶暴的",,gk cet4 cet6 ky toefl ielts,2807,2158
violet,'vaiәlit,"n. 堇菜, 紫罗兰\na. 堇菜科的, 紫罗兰色的",,cet4 cet6 ky gre,13023,14924
violin,.vaiә'lin,n. 小提琴,,zk gk cet4 cet6 ky,7097,6665
virtual,'vә:tʃuәl,"a. 实际上起作用的, 虚的, 实质的, 有效的, 事实上生效的\n[计] 虚拟",,cet4 cet6 ky toefl ielts gre,6101,3675
virtually,'vә:tʃuәli,adv. 事实上,,cet4 cet6 ky toefl ielts,2034,2046
virtue,'vә:tju:,"n. 德行, 美德, 优点, 功效, 效力\n[法] 美德, 贞操, 优点",,gk cet4 cet6 ky toefl,2960,3362
virus,'vaiәrәs,"n. 病毒, 滤过性病毒, 毒害\n[化] 病毒",,gk cet4 cet6 ky toefl ielts gre,3589,2701
visible,'vizәbl,"a. 看得见的, 明显的, 显然的\nn. 可见物",,cet4 cet6 ky ielts,2760,2304
vision,'viʒәn,"n. 视觉, 眼光, 视力, 幻想\nvt. 梦见, 想象, 显示",,cet4 cet6 ky toefl,1921,1216
visitor,'vizitә,"n. 参观者, 游客, 访客\n[法] 视察人, 检视人, 检查员",,zk gk cet4 cet6 ky,1354,1698
visual,'viʒuәl,"a. 视觉的\n[医] 视觉的, 视力的, 视觉性记忆优势者",,gk cet4 cet6 ky toefl ielts,2511,2156
vital,'vaitl,"a. 生命的, 重要的, 充满活力的, 生死攸关的, 致命的\n[医] 生命的, 生活的, 生活上必需的, 紧要的",,gk cet4 cet6 ky toefl ielts gre,1803,2916
vitally,'vaitli,"adv. 与生命有关地, 致命地, 紧要地",,cet4,11406,18464
vitamin,'vaitәmin,n. 维生素\n[化] 维生素,,cet4 cet6 ky,4866,3715
vivid,'vivid,"a. 生动的, 鲜明的, 鲜艳的, 活泼的, 逼真的, 清晰的",,gk cet4 cet6 ky toefl ielts gre,5560,5539
vocabulary,vә'kæbjulәri,"n. 词汇(量), 词汇表\n[计] 词表",,gk cet4 cet6 ky ielts,4802,5564
voice,vɒis,"n. 声音, 嗓音, 嗓子, 愿望, 发言权, 表达, 喉舌, 语态\nvt. 表达, 吐露, 调音",,zk gk cet4 cet6 ky,487,465
volcano,vɒl'keinәu,n. 火山,,gk cet4 cet6 ky toefl ielts,10407,6321
volleyball,'vɒlibɒ:l,n. 排球,,zk gk cet4 cet6 ky,24975,7896
volt,vәult,n. 伏特\n[化] 伏特,,cet4 cet6 ky toefl,12526,0
voltage,'vәultidʒ,"n. 电压, 伏特数\n[化] 电压",,cet4 cet6 ky toefl ielts,5896,9759
volume,'vɒljum,"n. 册, 卷, 体积, 容量, 大量, 许多, 份量, 音量\nvi. 成团卷起\nvt. 把...收集成卷\na. 大量的\n[计] 卷",,cet4 cet6 ky toefl ielts,1358,1917
voluntary,'vɒlәntәri,"a. 自动的, 自愿的, 故意的, 志愿的, 自发的\nn. 自愿行动, 志愿者, 自由调",,gk cet4 cet6 ky toefl ielts,2263,4701
volunteer,.vɒlәn'tiә,n. 志愿者\na. 志愿的\nv. 自愿,,gk cet4 cet6 ky toefl ielts,3012,2284
vote,vәut,"n. 投票, 选举, 选票, 表决, 选举权, 得票数\nvi. 投票, 选举\nvt. 投票选举, 投票决定, 公认, 使投票",,gk cet4 cet6 ky toefl,1228,1078
voyage,'vɒiidʒ,"n. 航行, 航海, 航程, 旅行, 航空\nvi. 航海, 航行\nvt. 航行越过, 飞过",,gk cet4 cet6 ky toefl,6502,6619
wage,weidʒ,"n. 工资, 报应, 报偿\nvt. 开展, 进行\nvi. 进行",,gk cet4 cet6 ky toefl gre,1404,2586
waggon,,"n. 运货车, 四轮运货马车, (英)铁路货车, 流动服务车, 小型客车, 囚车, 童车",,cet4 cet6 ielts,23206,0
wagon,'wægәn,"n. 四轮马车, 货车\n[法] 囚车, 马车, 运货车",,cet4 ky toefl,6118,4194
waist,weist,"n. 腰部, 腰\n[医] 腰",,gk cet4 cet6 ky toefl,4386,4304
waiter,'weitә,n. 侍者,,gk cet4 cet6 ky ielts,5772,5460
waken,'weikn,"vt. 唤醒, 使觉醒, 激发\nvi. 觉醒, 醒来",,cet4 cet6 ky,16403,21433
wallet,'wɒlit,"n. 皮夹\n[法] 皮包, 皮夹, 钱袋",,gk cet4 cet6 ky,7130,5587
wander,'wɒndә,"vi. 游荡, 漫步, 徘徊, 迷路, 离题, 蜿蜒\nvt. 在...漫游",,gk cet4 cet6 ky toefl ielts,3027,3183
war,wɒ:,"n. 战争, 战争状态, 战术, 军事, 冲突, 斗争, 竞争\nvi. 进行战争, 作战, 打仗, 战斗\na. 战争的, 战时用的",,zk gk cet4 cet6 ky,304,349
warmth,wɒ:mθ,"n. 温暖, 温情, 暖和, 激动, 生气",,gk cet4 cet6 ky,3527,4749
warn,wɒ:n,"vt. 警告, 提醒, 通知\nvi. 发出警告",,zk cet4 cet6 ky toefl,1512,1773
waste,weist,"n. 浪费, 废物, 损耗, 消耗, 荒地, 垃圾, 地面风化物\na. 废弃的, 荒芜的, 多余的\nvt. 浪费, 消耗, 使荒芜\nvi. 浪费, 消耗, 变消瘦",,zk gk cet4 cet6 ky ielts gre,1624,1986
waterfall,'wɒtәfɒ:l,n. 瀑布,,cet4 cet6 ky ielts,8035,8091
waterproof,'wɒtәpru:f,"n. 防水材料\na. 不透水的, 防水的\nvt. 使防水",,cet4 cet6 ky toefl,9938,12010
wave,weiv,"n. 波, 波浪, 波动, 起伏, 高潮, 潮涌, 挥手致意, (气压)突变\nvi. 波动, 飘动, 挥手示意, 起伏\nvt. 使波动, 使飘扬, 挥舞, 使成波浪形",,gk cet4 cet6 ky ielts,1586,1398
wavelength,'weivleŋθ,n. 波长\n[化] 波长,,cet4 cet6,8243,8023
wax,wæks,"n. 蜡, 蜡状物, 一阵发怒, 增加, (月亮)渐盈\nvi. 变大, 增大, 月亮渐满\nvt. 上蜡于",,gk cet4 cet6 ky toefl ielts gre,7744,7228
weak,wi:k,"a. 不牢固的, 弱的, 虚弱的, 软弱的, 无力的, 无权力的, (论据等)不充分的\n[经] 疲软的",,zk gk cet4 cet6 ky,1990,2070
weaken,'wi:kәn,"vt. 削弱, 减弱, 使虚弱\nvi. 变弱, 变软弱",,cet4 cet6,4459,4486
weakness,'wi:knis,"n. 虚弱, 薄弱, 弱点\n[经] 欲振乏力",,gk cet4 cet6,2867,3487
wealth,welθ,"n. 财富, 资源, 财产, 丰富, 富裕, 大量\n[经] 财富",,zk gk cet4 cet6 ky ielts,2310,2559
wealthy,'welθi,"a. 富有的, 丰裕的, 充分的",,gk cet4 cet6 ky,4114,3015
weapon,'wepәn,"n. 武器, 兵器\nvt. 武装",,cet4 cet6 ky toefl ielts,1559,929
weary,'wiәri,"a. 疲倦的, 萎靡的, 厌倦的, 厌烦的\nvt. 使疲倦, 使厌烦\nvi. 疲乏, 生厌, 不耐烦",,cet4 cet6 ky toefl ielts gre,7027,6761
weave,wi:v,"n. 编法, 织法, 编织式样\nvt. 编织, 组合, 编排, 使迂回前进\nvi. 纺织, 迂回行进",,cet4 cet6 ky toefl ielts,5272,4893
wedding,'wediŋ,"n. 婚礼, 结婚, 结婚周年纪念日, 结合\n[法] 结婚, 婚礼, 结婚纪念日",,gk cet4 cet6 ky toefl ielts,2391,2176
weed,wi:d,"n. 杂草, 野草\nvi. 除草\nvt. 除...的草, 剔除",,gk cet4 cet6 ky toefl ielts gre,6003,4545
weekday,'wi:kdei,"n. 周日, 平日\n[计] 工作日",,zk gk cet4 cet6 ky,11361,8312
weekly,'wi:kli,"n. 周刊, 周报\na. 每周的, 一周一次的, 周刊的\nadv. 每周, 一周一次",,gk cet4 cet6 ky ielts,3186,3220
weep,wi:p,"n. 哭, 哭泣\nvi. 哭泣, 流泪, 哀悼, 滴落\nvt. 哭着使..., 悲叹, 滴下",,gk cet4 cet6 ky toefl,5087,5709
weigh,wei,"vt. 称...重量, 衡量, 把...压弯, 考虑, 权衡, 起锚\nvi. 称分量, 有意义, 重压, 起锚\nn. 过秤, 称分量",,zk gk cet4 cet6 ky,3088,2504
weld,weld,"n. 焊接处, 焊接\nvt. 焊接, 使密接, 使结合, 使成整体\nvi. 焊牢",,cet4 cet6 ky toefl ielts gre,11669,15095
welfare,'welfєә,"n. 福利, 安宁, 幸福, 福利事业\na. 福利的",,gk cet4 cet6 ky toefl ielts,1883,1933
well-known,,"a. 众所周知的, 有名的",,cet4 cet6,0,0
westward,'westwәd,n. 朝西的方向\na. 向西的\nadv. 向西的,,cet4 cet6,15024,12556
whale,hweil,"n. 鲸\nvi. 捕鲸\nvt. 使惨败, 猛揍",,zk gk cet4 cet6 ky toefl,4811,4232
whatever,hwɒt'evә,pron. 无论什么,,zk gk cet4 cet6 ky ielts,759,776
whatsoever,.hwɒtsәu'evә,pron. 无论什么,,cet4 ky,5525,6109
wheat,hwi:t,n. 小麦,,zk gk cet4 cet6 ky toefl,5619,4479
wheel,hwi:l,"n. 轮子, 车轮, 轮, 方向盘, 旋转, 机构, 重要人物\nvt. 使旋转, 转动, 使转向\nvi. 旋转, 转弯, 盘旋",,zk gk cet4 cet6 ky ielts,2175,1999
whenever,hwen'evә,"conj. 每当\nadv. 不论何时, 每逢",,zk gk cet4 cet6 ky,2572,2314
whereas,hwєәr'æz,"conj. 然而, 鉴于\n[法] 考虑到, 鉴于, 就...而论",,cet4 cet6 ky toefl ielts,1524,2731
wherever,hwєәr'evә,adv. 无论哪里,,gk cet4 cet6 ky,3201,3710
whichever,hwitʃ'evә,"pron. 无论那一个, 任何一个",,gk cet4 cet6 ky,5925,10672
whilst,wailst,"conj. 当...的时候, 和...同时, 虽然, 只要, 然而, 而, 尽管",,cet4 cet6 ielts,1612,18717
whip,hwip,"n. 鞭子, 抽打, 车夫, 搅拌器\nvt. 鞭打, 搅拌, 煽动, 召集, 仓促制成\nvi. 拍击, 急走, 抽打",,cet4 cet6 ky ielts,6065,4254
whirl,hwә:l,"n. 回旋, 旋转, 急走, 眩晕\nvt. 使旋转, 使回旋, 卷走\nvi. 回旋, 旋转, 急走, 发晕",,cet4 cet6 ky ielts,10659,8035
whisky,'hwiski,"n. 威士忌酒, 轻便马车\n[化] 威士忌酒",,cet4 cet6 ky,3716,17204
whisper,'hwispә,"n. 耳语, 密谈, 谣传, 沙沙声\nvi. 耳语, 密谈, 沙沙地响\nvt. 低声说",,gk cet4 cet6 ky gre,2623,2446
whistle,'hwisl,"n. 口哨, 汽笛, 啸啸声, 口哨声\nvi. 吹口哨, 鸣汽笛, 发嘘嘘声\nvt. 用口哨或吹哨传意, 用口哨演奏",,gk cet4 cet6 ky ielts gre,6960,6463
whitewash,'hwaitwɒʃ,"n. 白色涂料, 粉饰, 得零分的惨败",,cet4 cet6 ky,19320,20142
whoever,hu'evә,"pron. 任何人, 无论谁",,cet4 cet6 ky,4304,4240
whole,hәul,"n. 全部, 全体, 整体, 完全之体系\na. 所有的, 完整的, 完全的, 纯粹的",,zk gk cet4 cet6 ky,452,467
wholly,'hәuli,"adv. 完全地, 整个, 统统, 全部\n[法] 完全地, 统统地",,cet4 cet6 ky,3314,6835
wicked,'wikid,"a. 坏的, 邪恶的, 缺德的, 刻毒的, 恶劣的, 淘气的",,cet4 cet6 ky ielts gre,5319,7732
widely,'waidli,adv. 广泛地,,cet4 cet6,1692,2175
widen,'waidn,"vt. 弄宽, 加宽, 扩大\nvi. 变宽, 扩大",,cet4 cet6,4524,5456
widespread,'waidspred,"a. 充分伸展的, 广布的, 普及的, 流传广的",,gk cet4 cet6 ky toefl,2621,3282
widow,'widәu,"n. 寡妇, 孀妇\nvt. 使成寡妇",,cet4 cet6 ky toefl,3500,4691
width,widθ,"n. 宽度, 宽广, 广博\n[医] 宽度",,cet4 cet6 ky ielts,4696,6752
wild,waild,"n. 荒野, 荒地\na. 野性的, 野蛮的, 野生的, 失控的, 任性的, 杂乱的, 轻率的, 狂热的, 疯狂的\nadv. 狂暴地, 失控地",,gk cet4 cet6 ky,1698,1292
willing,'wiliŋ,"a. 乐意的, 自愿的, 甘愿的",,gk cet4 cet6 ky,2233,1274
win,win,"vt. 赢得, 打胜, 成功\nvi. 获胜, 达到, 影响\nn. 胜利, 赢, 收益",,zk gk cet4 cet6 ky,388,361
wine,wain,"n. 葡萄酒, 果酒, 暗红色\nv. (请)喝酒",,zk gk cet4 cet6 ky,1304,1449
wing,wiŋ,"n. 翅膀, 翼, 机翼, 派别\nvt. 给...装上翼, 飞过, 使飞, 空运, 增加...速度\nvi. 飞行",,zk gk cet4 cet6 ky ielts,1755,1889
winner,'winә,"n. 胜利者, 优胜者\n[法] 取胜者",,zk gk cet4 cet6,1790,1916
wipe,waip,"n. 擦拭, 用力打, 凸轮\nvt. 擦, 揩, 消灭, 涂上, 拭去\nvi. 擦, 打",,gk cet4 cet6 ky,3112,2711
wire,'waiә,"n. 电线, 电报, 电信, 铁丝网, 金属丝\nvt. 用金属丝捆扎, 拍电报\nvi. 打电报",,gk cet4 cet6 ky,2748,2370
wireless,'waiәlis,"n. 无线电\na. 无线的, 无线电的",,cet4 cet6,8824,5363
wisdom,'wizdәm,"n. 智慧, 明智行为, 学识, 名言, 贤人",,gk cet4 cet6 ky ielts,4281,2954
wise,waiz,"a. 明智的, 慎虑的, 聪明的, 博学的, 狡猾的, 机灵的\nvi. 知道\nvt. 教导, 告诉, 劝导\nn. 方法, 方式\n[计] 教育信息系统",,zk gk cet4 cet6 ky ielts,3087,3234
wit,wit,"n. 机智, 智力, 头脑, 理智, 妙语, 机智的人",,cet4 cet6 ky toefl ielts gre,5013,5755
withdraw,wið'drɒ:,"vt. 撤回, 取回, 撤消, 使撤退, 拉开, 移开\nvi. 撤退, 离开",,gk cet4 cet6 ky toefl ielts gre,1920,2786
within,wi'ðin,"n. 内部, 里头\nadv. 在内部, 在内心里\nprep. 在...之内",,gk cet4 cet6 ky,190,352
withstand,wið'stænd,"vt. 抵住, 顶住, 经得起",,cet4 cet6 ky toefl ielts gre,7636,6972
witness,'witnis,"n. 证人, 目击者, 证据, 证词\nvt. 目击, 作证, 证明, 表明\nvi. 作证人, 作为证据",,gk cet4 cet6 ky toefl ielts gre,2473,1970
wolf,wulf,"n. 狼, 残忍贪婪之人, 极度穷困\nvt. 狼吞虎咽, 大吃",,zk gk cet4 cet6 ky,5062,4150
wonder,'wʌndә,"n. 奇迹, 惊奇, 惊愕\nvt. 惊奇, 想知道\nvi. 惊讶, 怀疑",,zk gk cet4 cet6 ky toefl,815,790
wonderful,'wʌndәful,"a. 令人惊奇的, 奇妙的, 极好的",,zk gk cet4 cet6 ky,1864,1405
wood,wud,"n. 木材, 木制品\nvt. 植林于, 给...添加木柴\nvi. 收集木材",,zk gk cet4 cet6 ky ielts,1414,1236
wooden,'wudn,"a. 木制的, 呆笨的, 木然的",,gk cet4 cet6 ky,2452,2512
wool,wul,"n. 羊毛, 毛织物, 毛线, 绒线\n[医] 羊毛, 绒毛, 棉[花]",,cet4 cet6 ky toefl,3791,5569
woollen,'wulin,n. 毛织品\na. 羊毛制的,,gk cet4 cet6,8656,41582
workman,'wә:kmәn,"n. 工人, 工匠, 男工",,cet4 cet6,7052,12739
workshop,'wә:kʃɒp,"n. 工场, 车间, 研讨会\n[计] 讨论会; 专题研究组",,cet4 cet6 ky ielts,2587,3130
world-wide,,a. 遍及全世界的,,cet4 cet6,0,0
worldwide,'wә:ldwaid,a. 全世界的,,gk cet4 ky toefl,5136,4457
worm,wә:m,"n. 虫, 蠕虫, 小人物, 螺纹, 蜗杆\nvi. 蠕行, 慢慢前进\nvt. 使蠕行, 慢慢地走, 除虫\n[计] 蠕虫病毒",,gk cet4 cet6 ky toefl,5068,4993
worse,wә:s,"n. 更坏的事, 更恶劣的事, 败局\na. 更坏的, 更恶劣的\nadv. 更坏地, 更恶劣地",,gk cet4 cet6 ky,6841,25899
worship,'wә:ʃip,"n. 崇拜, 礼拜, 尊敬\nvi. 参加礼拜\nvt. 崇拜, 尊敬",,cet4 cet6 ky ielts gre,4576,5808
worst,wә:st,"n. 最坏, 最坏的时候\na. 最坏的, 最恶劣的, 最不利的\nadv. 最坏, 最糟",,gk cet4 cet6 ky,13770,33505
worthless,'wә:θlis,"a. 无价值的, 无益的, 无足轻重的\n[法] 无价值的, 无用的",,gk cet4 cet6,9506,8848
worthwhile,'wә:θ'hwail,"a. 值得花时间的, 值得做的, 有真实价值的",,gk cet4 cet6 ky ielts,4264,6958
worthy,'wә:ði,"n. 杰出人物\na. 有价值的, 可敬的, 值得的",,gk cet4 cet6 ky toefl,4663,5102
wound,wu:nd,"n. 创伤, 伤口, 伤疤, 伤害, 痛苦\nvt. 伤害, 损害, 使受伤\nvi. 打伤, 伤害\nwind的过去式和过去分词",,zk gk cet4 cet6 ky,3399,3202
wrap,ræp,"n. 外套, 围巾, 包裹物, 限制, 约束, 秘密, 换行\nvt. 包装, 卷, 缠绕, 包, 裹, 覆盖, 遮蔽, 隐藏, 掩护\nvi. 缠绕, 穿外衣, 包起来\n[计] 换行",,cet4 cet6 ky toefl ielts,3118,2090
wreath,ri:θ,"n. 花圈, 花环, 圈状物\n[医] 花冠, 花冠体(细胞核分裂的一时期)",,cet4 cet6 ky,12327,9842
wreck,rek,"n. 失事, 残骸, 破坏\nvt. 使失事, 拆毁, 破坏\nvi. (船)失事, 营救失事船只",,cet4 cet6 ky toefl ielts,6918,7201
wreckage,'rekidʒ,"n. 残骸, 失事, 破坏\n[经] (船双等的)失事遭难",,cet4 gre,9903,8825
wrist,rist,"n. 手腕, 腕关节\n[医] 腕",,gk cet4 cet6 ky toefl gre,4394,3624
writer,'raitә,"n. 作家, 撰稿者, 抄写员\n[化] 记录器",,cet4 cet6 ielts,1314,980
writing,'raitiŋ,"n. 书写, 著作, 笔迹, 作品\n[医] 书写",,gk cet4 cet6 ky ielts,1484,1528
x-ray,'eks'rei,"a. X射线的\nvt. 用X光检查, 照X光\nvi. 使用X光",,zk cet4 ielts,0,0
yard,jɑ:d,"n. 码, 庭院, 工场\n[化] 堆置场",,zk gk cet4 cet6 ky ielts,1370,1035
yawn,jɒ:n,"n. 哈欠\nvi. 打哈欠, 裂开\nvt. 打着哈欠说",,gk cet4 cet6 ky toefl ielts gre,10509,10649
yearly,'jiәli,"a. 每年的, 一年一度的\nadv. 一年一次, 每年",,cet4 cet6 ky,11140,8913
yell,jel,"vi. 叫喊, 大叫, (齐声)呐喊欢呼\nvt. 喊叫着说\nn. 叫声, 喊声, 呐喊",,gk cet4 cet6 ky toefl,5181,2628
yield,ji:ld,"n. 生产量, 投资收益\nvt. 出产, 给予, 让出, 放弃, 使屈服\nvi. 出产, 屈服, 投降, 倒塌",,cet4 cet6 ky toefl ielts,3333,2652
youngster,'jʌŋstә,"n. 小孩, 年轻人, 少年\n[法] 儿童, 少年, 青年",,cet4 cet6 ky toefl ielts,3242,4797
youth,ju:θ,"n. 年轻, 青年时代, 青年们, 青春\n[法] 青年, 青年时期, 青春时期",,gk cet4 cet6 ky ielts,1508,1397
youthful,'ju:θful,"a. 年轻的, 青年的\n[法] 青年的, 年轻的",,cet4 cet6,8548,7434
zeal,zi:l,"n. 热心, 热衷, 热诚",,cet4 cet6 ky toefl,11139,10184
zealous,'zelәs,"a. 热衷的, 热诚的, 热心的, 热情的",,cet4 cet6 toefl,19238,15938
zebra,'zi:brә,n. 斑马,,zk gk cet4 cet6 ky,15998,13912
zone,zәun,"n. 地带, 带, 地区\nvt. 环绕, 使分成地带\nvi. 分成区\n[计] 卡片顶部的三行区; 区; 区域",,gk cet4 cet6 ky toefl gre,2336,1763
